Customer ID,Recency,Frequency,Monetary,Tenure,Predicted_Purchases_30d,Predicted_Purchases_90d,Predicted_Purchases_180d,Probability_Alive,Churn_Risk_Score,Is_Churned,Predicted_CLTV,Cluster_ID,Customer_Segment
12346,165,11,372.86,361,0.0008876662114862626,0.002362510137316907,0.004008225113045962,0.0010103804393708853,0.9989896195606291,1,1.8054619295212868,0,At-Risk
12347,3,2,1297.97,40,0.029540411506369452,0.06763855107313498,0.09895608334141703,0.020623661335945124,0.9793763386640548,1,138.18777471231738,0,At-Risk
12348,74,1,221.16,74,0.4087853399913022,1.0890980299855537,1.8672611300597888,0.8490103824290516,0.15098961757094842,0,1630.2144145365887,1,Champions
12349,43,2,1996.34,225,0.03498580288522731,0.09883277225045176,0.18165127472203832,0.11920305178503034,0.8807969482149697,1,341.2758132698892,0,At-Risk
12351,11,1,295.68,11,1.977449732652053,3.7084734174816703,4.745091359348486,0.8490103824290516,0.15098961757094842,0,4373.834427438919,1,Champions
12352,11,2,338.55,28,0.8024142293390577,1.6961229688555506,2.3208042400688096,0.419454578514236,0.5805454214857639,0,1673.296741121367,1,Champions
12353,44,1,317.76,44,0.6567201471810661,1.6397651810860014,2.624860182582912,0.8490103824290516,0.15098961757094842,0,2435.3929645576654,1,Champions
12355,203,1,469.66,203,0.1558465011483279,0.4459751951003276,0.8344957568896479,0.8490103824290516,0.15098961757094842,0,841.2558787865815,2,Loyal Customers
12356,16,3,2199.42,60,0.10712447122156804,0.2514933401458214,0.37445702285749,0.0760546255170363,0.9239453744829637,1,771.3791927099012,0,At-Risk
12357,24,1,8206.45,24,1.1029021568127397,2.4760057164967324,3.60091939565437,0.8490103824290516,0.15098961757094842,0,19073.05656449748,1,Champions
12358,11,3,1921.66,367,1.771644975132063e-05,5.0651982788197307e-05,9.456260230784526e-05,6.79038289987576e-05,0.9999320961710012,1,0.17347704338890782,0,At-Risk
12359,61,6,2156.12,370,3.844967082188399e-05,0.00010686893487605615,0.00019193364986289473,7.87164241511381e-05,0.9999212835758489,1,0.3931343719807364,0,At-Risk
12360,28,3,1270.09,291,0.0009337228679557623,0.0026378444085826823,0.004845836373622736,0.0028567363956081564,0.9971432636043919,1,6.454036532751718,0,At-Risk
12361,98,3,276.35,318,0.033362486957013604,0.09471179484224022,0.17512921111151408,0.11123833932306038,0.8887616606769396,1,98.81460826751976,0,At-Risk
12366,269,1,136.89,269,0.11837441968636292,0.3425295396985246,0.6505876936952829,0.8490103824290516,0.15098961757094842,0,536.5892034703264,2,Loyal Customers
12368,264,1,761.5,264,0.12057064100147505,0.34865596556166795,0.6616326560376026,0.8490103824290516,0.15098961757094842,0,772.9964195544416,2,Loyal Customers
12369,49,3,1393.71,277,0.006918364096858912,0.019488764096512554,0.035664795114445876,0.020181321147086755,0.9798186788529133,1,50.91047411722199,0,At-Risk
12370,260,3,519.92,304,0.2438657180886254,0.6906287914847958,1.2728753106834347,0.7783669616860529,0.2216330383139471,0,957.7055205741873,2,Loyal Customers
12371,45,3,1817.62,281,0.004966228014079861,0.01400157312222748,0.02565209607171174,0.014688932282007898,0.9853110677179922,1,45.0163654295898,0,At-Risk
12373,260,2,594.0500000000001,309,0.17141950450989682,0.4918976274015121,0.9232621652675316,0.7949586804486702,0.20504131955132976,0,825.8374749017197,2,Loyal Customers
12374,57,2,1905.09,224,0.0604843192159489,0.17082124446990474,0.31385887035078003,0.20519529391865798,0.794804706081342,0,569.5696668576638,0,At-Risk
12376,25,2,270.5,53,0.5792322626984155,1.3990752790035086,2.152025720680006,0.5145657287530402,0.4854342712469598,0,1443.2675373306538,1,Champions
12377,17,2,1586.05,225,0.0048949999779135216,0.013828078194180055,0.025415537515870373,0.016678163361553977,0.983321836638446,1,40.432937517367975,0,At-Risk
12378,198,1,1270.79,198,0.1596757945409644,0.45641830606077577,0.85276120982931,0.8490103824290516,0.15098961757094842,0,1235.550205052502,2,Loyal Customers
12379,58,2,688.0799999999999,170,0.12852051521424956,0.35656963671211833,0.6402416970009527,0.33436388387531857,0.6656361161246814,0,615.47878606155,0,At-Risk
12380,101,4,4306.95,298,0.02315536665364267,0.06471293171225867,0.11713929478226975,0.05589814233282506,0.9441018576671749,1,442.978510366245,0,At-Risk
12385,15,1,1572.85,15,1.5893341066863198,3.215676772513155,4.32390075650617,0.8490103824290516,0.15098961757094842,0,7042.871444886673,1,Champions
12386,2,1,225.42,2,4.401931235516357,5.625224617031011,6.014179430559708,0.8490103824290516,0.15098961757094842,0,5352.6248271377235,1,Champions
12387,51,1,125.04,51,0.5752938924454016,1.466632543165519,2.397663878110847,0.8490103824290516,0.15098961757094842,0,1968.4627029447533,1,Champions
12388,81,2,1112.8,218,0.11439071879228986,0.32255931851043934,0.5914360272969572,0.37802223056998985,0.6219777694300102,0,744.5574695108941,0,At-Risk
12389,38,3,1339.18,291,0.0024932833157934827,0.007043731795899345,0.01293964558013929,0.007628230428139502,0.9923717695718605,1,17.924477466653222,0,At-Risk
12391,100,5,1890.33,298,0.009702497930898153,0.026802536057558418,0.04776440104125723,0.019101161856587733,0.9808988381434123,1,86.85518167771596,0,At-Risk
12392,227,1,226.95,227,0.13975865831155793,0.4018433405746317,0.756704321369574,0.8490103824290516,0.15098961757094842,0,661.7084258981878,2,Loyal Customers
12393,18,2,795.8,64,0.2379911073072181,0.5929594785620516,0.9410831577598137,0.24974020529120555,0.7502597947087944,0,978.6541448128759,0,At-Risk
12395,7,4,1646.91,238,1.118546093621674e-06,3.0743137295294236e-06,5.445465609380436e-06,2.177134709692646e-06,0.9999978228652903,1,0.008810823389122684,0,At-Risk
12396,310,1,921.08,310,0.10299119653240012,0.2993920177836489,0.5722584052448215,0.8490103824290516,0.15098961757094842,0,718.6986421765279,2,Loyal Customers
12399,21,3,697.53,280,0.00043639623966244367,0.001230098227065861,0.0022530163531651183,0.0012863170348980692,0.9987136829651019,1,2.0044814673383895,0,At-Risk
12400,50,1,205.25,50,0.5856671790483223,1.4890884698630558,2.4276739288246696,0.8490103824290516,0.15098961757094842,0,2100.69236957201,1,Champions
12402,28,5,936.05,306,1.0781430302017707e-05,2.9843622776858965e-05,5.332512729078964e-05,2.177004408317299e-05,0.9999782299559168,1,0.05418126711233699,0,At-Risk
12403,157,1,250.56,157,0.19996553108294338,0.5648926195124243,1.0393390009302963,0.8490103824290516,0.15098961757094842,0,922.8057989108038,2,Loyal Customers
12406,35,3,2375.62,333,0.0010827936447974798,0.003081231400186179,0.005715750846478172,0.0037755487672071113,0.9962244512327929,1,12.490790289002362,0,At-Risk
12408,21,3,1043.84,134,0.009653740303483824,0.02560059077661072,0.04342710463699686,0.014116115945775701,0.9858838840542243,1,50.338750315894,0,At-Risk
12409,56,4,7253.73,201,0.015236832399945666,0.04126026253817706,0.07172119542056539,0.02526332720062658,0.9747366727993734,1,443.5834166077914,0,At-Risk
12410,138,1,238.38,138,0.22644402056412252,0.6348178726223725,1.1566533502380336,0.8490103824290516,0.15098961757094842,0,1019.4244973001393,2,Loyal Customers
12411,45,1,330.4,45,0.6437039131747054,1.6125650053888003,2.5897928023576973,0.8490103824290516,0.15098961757094842,0,2420.7318688607597,1,Champions
12412,38,3,1180.64,175,0.02072706056434951,0.05644804405054754,0.09890769612366379,0.03895253699526124,0.9610474630047388,1,125.02689438600271,0,At-Risk
12413,38,1,166.95000000000002,38,0.7474063005016703,1.8244684065273973,2.857057746874633,0.8490103824290516,0.15098961757094842,0,2414.291490293535,1,Champions
12414,99,1,86.22,99,0.3109675689217405,0.8511195006320442,1.5056954026306186,0.8490103824290516,0.15098961757094842,0,1201.7119614867418,1,Champions
12415,11,4,8142.55,163,5.0569944659762926e-05,0.000134008634727413,0.00022684334713422442,6.88732366262528e-05,0.9999311267633737,1,1.5681338029006462,0,At-Risk
12416,292,1,202.56,292,0.10922266457785257,0.3169139966151784,0.604193613425421,0.8490103824290516,0.15098961757094842,0,520.1063381045926,2,Loyal Customers
12417,46,11,2479.9,369,4.0853309753344067e-10,1.089928980594377e-09,1.8547766870891928e-09,4.746639012457505e-10,0.9999999995253361,1,4.378917728523648e-06,0,At-Risk
12418,49,3,1327.58,266,0.008190452777916931,0.02301542725211393,0.04198148150911048,0.022975401184649396,0.9770245988153506,1,57.78685058632883,0,At-Risk
12419,21,2,349.31,49,0.5562473061109695,1.324832780499604,2.0102837815568204,0.4615858731263758,0.5384141268736242,0,1460.35459643633,1,Champions
12421,51,2,225.21,141,0.16759536595249208,0.4581934605062365,0.8077112628973563,0.3648402578969105,0.6351597421030895,0,514.2364856197578,0,At-Risk
12422,30,9,2215.57,357,5.770253036016081e-10,1.5582950326726208e-09,2.6940643960263532e-09,7.832947290984838e-10,0.9999999992167052,1,5.6982275698958766e-06,0,At-Risk
12423,23,2,661.23,101,0.10675779552798773,0.2825195515098103,0.479020238378716,0.16986443299164256,0.8301355670083574,1,452.04388843904877,0,At-Risk
12424,58,2,1375.03,184,0.10533313316769735,0.2938642529012642,0.53140336047454,0.2956367527836239,0.7043632472163761,0,766.9845713869707,0,At-Risk
12425,84,1,945.67,84,0.36309782352951797,0.9795285793482343,1.703574899712572,0.8490103824290516,0.15098961757094842,0,2166.9167222568603,1,Champions
12426,298,1,688.6800000000001,298,0.10706337840771217,0.31084978721858486,0.5931595812078014,0.8490103824290516,0.15098961757094842,0,669.1669295782423,2,Loyal Customers
12427,7,1,240.3,7,2.6176613686920605,4.378387745769531,5.2507565053184635,0.8490103824290516,0.15098961757094842,0,4690.087324945432,1,Champions
12429,1,5,2779.51,182,3.979993550138056e-11,1.048247337288689e-10,1.759810513600245e-10,4.9197124953917177e-11,0.9999999999508029,1,4.5217013752682117e-07,0,At-Risk
12431,9,11,3740.57,329,2.613944551821241e-17,6.882784328650587e-17,1.1522669311847866e-16,2.728258740556107e-17,1.0,1,4.0390142607436766e-13,0,At-Risk
12433,2,5,6237.58,112,1.2845776709546529e-08,3.1554320108244996e-08,4.894195461707744e-08,1.0204298563766932e-08,0.9999999897957015,1,0.0002687529192582066,0,At-Risk
12434,17,1,292.14,17,1.447398694507076,3.015370542041162,4.139504380568189,0.8490103824290516,0.15098961757094842,0,3798.4623219745827,1,Champions
12435,32,4,3638.41,373,5.781631647881769e-05,0.00016379868694022876,0.00030194769844385993,0.0001733712474077852,0.9998266287525922,1,0.9772287819838161,0,At-Risk
12437,31,20,6478.56,373,1.8828674221063065e-21,4.75279743860461e-21,7.55281929621406e-21,1.2686481634215577e-21,1.0,1,4.624816404400365e-17,0,At-Risk
12439,318,2,1138.58,361,0.15028359849383954,0.4339182939830719,0.8213578713388678,0.8114023145795468,0.1885976854204532,0,1048.1681151034077,2,Loyal Customers
12440,98,2,724.9,353,0.045129913398481505,0.1301960600817979,0.24616263873011762,0.23837465375535544,0.7616253462446445,0,242.74000569905394,0,At-Risk
12441,2,1,155.55,2,4.401931235516357,5.625224617031011,6.014179430559708,0.8490103824290516,0.15098961757094842,0,5117.144880872573,1,Champions
12443,368,1,330.36,368,0.08699781890140383,0.2541203397362457,0.4889842168697388,0.8490103824290516,0.15098961757094842,0,455.21217647453886,2,Loyal Customers
12445,56,1,301.58000000000004,56,0.5284926147861599,1.3638165754876814,2.2581292216208526,0.8490103824290516,0.15098961757094842,0,2073.249187043493,1,Champions
12449,74,1,241.11,74,0.4087853399913022,1.0890980299855537,1.8672611300597888,0.8490103824290516,0.15098961757094842,0,1650.747323379211,1,Champions
12450,35,3,477.82,110,0.1017328691991777,0.2634693375675131,0.43478025330702375,0.12392646336804118,0.8760735366319589,1,313.7646955813249,0,At-Risk
12451,99,3,3326.61,165,0.29533330518466877,0.8000009272669799,1.3924394790800045,0.5249781903779869,0.4750218096220131,0,4071.131585286928,1,Champions
12454,31,3,1814.67,57,0.6600824640153923,1.5338665297763088,2.261630928669653,0.44852982057661694,0.5514701794233831,0,3984.5219019469137,1,Champions
12455,81,4,2835.09,357,0.0036855845995535526,0.010416039755392754,0.01913765367307046,0.010592136246051756,0.9894078637539483,1,49.43665819182578,0,At-Risk
12457,71,1,447.26,71,0.4248220561590045,1.1269214196452029,1.9227023024184036,0.8490103824290516,0.15098961757094842,0,1918.4480915509023,1,Champions
12458,63,2,706.84,123,0.29157614264384546,0.7874198278997226,1.3674566018244576,0.5578719035433016,0.44212809645669837,0,1333.556516688943,1,Champions
12459,241,1,377.19,241,0.13182086363182566,0.37991380404285946,0.717681970789047,0.8490103824290516,0.15098961757094842,0,686.8512675642041,2,Loyal Customers
12460,92,1,281.95,92,0.3332982021066714,0.9065770667361568,1.5919767735814851,0.8490103824290516,0.15098961757094842,0,1442.4397052699683,1,Champions
12467,59,1,132.8,59,0.5038978630062442,1.3087781411818866,2.18196512092429,0.8490103824290516,0.15098961757094842,0,1799.871731445166,1,Champions
12468,162,3,2272.65,318,0.11767189755626925,0.3340553308992317,0.6176933576797421,0.39234564515583664,0.6076543548441633,0,1300.8329216689413,2,Loyal Customers
12469,158,2,1425.19,172,0.31380234439174104,0.8713540792307529,1.566247058477061,0.8255920739625973,0.17440792603740274,0,2316.0347312683875,1,Champions
12470,325,1,198.25,325,0.098316821354806,0.2862054004978811,0.5481166359514865,0.8490103824290516,0.15098961757094842,0,470.4915466823993,2,Loyal Customers
12471,10,44,15600.84,368,9.894959065680891e-68,2.2686721375048546e-67,3.2412574179542914e-67,3.191308057557814e-68,1.0,1,4.84889549262273e-63,0,At-Risk
12472,5,13,10133.02,361,4.6144955147086364e-24,1.2104107336310119e-23,2.01611509719149e-23,4.497259295761112e-24,1.0,1,1.891204040035068e-19,0,At-Risk
12474,14,11,4461.37,302,8.951468661518622e-15,2.3320216480547278e-14,3.853537944044369e-14,8.629240374559202e-15,0.9999999999999913,1,1.6032089806104816e-10,0,At-Risk
12475,45,1,389.36,45,0.6437039131747054,1.6125650053888003,2.5897928023576973,0.8490103824290516,0.15098961757094842,0,2505.0270032685867,1,Champions
12476,33,7,6109.25,137,0.0003053563898425974,0.0007427153839753992,0.0011371150085207893,0.0002161120100615214,0.9997838879899384,1,6.284820493351783,0,At-Risk
12477,35,3,6436.77,259,0.00312681132033264,0.008771772162562691,0.015965003374880046,0.008548458615690539,0.9914515413843095,1,84.99168652067232,0,At-Risk
12480,35,3,1591.44,143,0.03647169443119851,0.0974005062518465,0.16661773967324398,0.056669252123417724,0.9433307478765822,1,263.68189429464616,0,At-Risk
12481,1,5,4880.59,243,6.624812740509716e-12,1.7986024957060954e-11,3.134700072063495e-11,1.0740835029638331e-11,0.9999999999892591,1,1.3587503458127722e-07,0,At-Risk
12482,212,27,6923.31,289,0.004586641297229508,0.010632833301606292,0.015379535714596047,0.0018741575573516876,0.9981258424426483,1,101.52573889776107,0,At-Risk
12483,14,11,1907.1,313,5.788384628318717e-15,1.5148514729931165e-14,2.5170992402760337e-14,5.768029300760565e-15,0.9999999999999942,1,4.637861512978621e-11,0,At-Risk
12484,119,5,1398.96,317,0.01622317671287411,0.045025261627348906,0.0807303285684466,0.03388533233925636,0.9661146676607436,1,113.4350683287875,0,At-Risk
12485,165,1,692.97,165,0.1905824031022901,0.5398561999054226,0.9967784565977948,0.8490103824290516,0.15098961757094842,0,1127.6238253677582,2,Loyal Customers
12486,67,1,860.64,67,0.4482701437171995,1.1816438777248677,2.001973333236756,0.8490103824290516,0.15098961757094842,0,2454.1459284739753,1,Champions
12487,366,1,108.0,366,0.08746618074328065,0.2554523028732746,0.4914501394789375,0.8490103824290516,0.15098961757094842,0,397.42468659856996,2,Loyal Customers
12490,14,10,3681.4,374,1.5391915038711674e-14,4.143166893603042e-14,7.131834736050572e-14,1.9792293413749786e-14,0.9999999999999802,1,2.452255441166794e-10,0,At-Risk
12492,39,1,368.65,39,0.7305907616749147,1.7908403864026374,2.815536723406649,0.8490103824290516,0.15098961757094842,0,2692.638299052696,1,Champions
12494,1,3,495.43,212,2.0429028507601143e-07,5.652022676101146e-07,1.010288681637509e-06,4.608238705352096e-07,0.9999995391761295,1,0.000741512917499179,0,At-Risk
12495,276,1,273.4,276,0.11543078519895683,0.3343056138990179,0.6357303933474605,0.8490103824290516,0.15098961757094842,0,572.0499412993701,2,Loyal Customers
12496,256,2,54.09,256,0.22055795958224278,0.6273903097773912,1.1637612222645397,0.85162442782021,0.14837557217979003,0,600.4128785208226,2,Loyal Customers
12497,36,2,1622.43,280,0.01241892545485229,0.03548050037059487,0.06619939098611093,0.05231780226730313,0.9476821977326969,1,106.97099787547562,0,At-Risk
12499,196,1,341.05,196,0.16126072664667845,0.46073382243631555,0.8602934376999265,0.8490103824290516,0.15098961757094842,0,806.4287638743848,2,Loyal Customers
12500,71,7,1354.34,309,9.869306940616884e-05,0.0002676818887435873,0.0004655787140397834,0.0001475314773578686,0.9998524685226421,1,0.630366668440212,0,At-Risk
12503,220,1,43.2,220,0.14409718375468955,0.41378589422077494,0.7778523970396838,0.8490103824290516,0.15098961757094842,0,601.60110225314,2,Loyal Customers
12504,53,2,173.55,232,0.047937498847097484,0.1356530937197826,0.24989103943589677,0.16824667791646977,0.8317533220835303,1,149.8873092586332,0,At-Risk
12505,44,1,733.8,44,0.6567201471810661,1.6397651810860014,2.624860182582912,0.8490103824290516,0.15098961757094842,0,3038.3089056724803,1,Champions
12507,220,1,430.2,220,0.14409718375468955,0.41378589422077494,0.7778523970396838,0.8490103824290516,0.15098961757094842,0,767.1941965473258,2,Loyal Customers
12510,95,5,2108.98,371,0.001920760911335733,0.005388621841773563,0.00980085439574168,0.0046670823860159045,0.9953329176139841,1,19.61498108324193,0,At-Risk
12511,64,1,2894.78,64,0.46762869042445254,1.2263107817086956,2.065867788512742,0.8490103824290516,0.15098961757094842,0,4850.0031146057345,1,Champions
12514,277,1,568.2,277,0.11502217486955624,0.333162898490252,0.6336631619320732,0.8490103824290516,0.15098961757094842,0,672.9222403998633,2,Loyal Customers
12516,66,2,1012.26,235,0.06861518463468964,0.1943037001727897,0.3582676383907676,0.24383426623677107,0.7561657337632289,0,425.69835991689916,0,At-Risk
12519,112,1,342.71,112,0.2765572273288377,0.7643018188841247,1.3680417534513263,0.8490103824290516,0.15098961757094842,0,1284.7899665573077,1,Champions
12523,10,12,2255.95,368,6.484792143127616e-19,1.7170228918255518e-18,2.8938300306736753e-18,6.930944015339036e-19,1.0,1,6.25227473982903e-15,0,At-Risk
12524,24,9,3387.19,305,3.753409330373778e-10,9.96990252507241e-10,1.6880711240722519e-09,4.3942486941365095e-10,0.9999999995605752,1,5.340293960157063e-06,0,At-Risk
12525,134,3,865.6800000000001,283,0.1132261406828885,0.3193580086835818,0.5854158545196267,0.33720033859570037,0.6627996614042997,0,596.8641490680005,0,At-Risk
12527,130,2,322.3,165,0.3044100433822773,0.8427104778702159,1.5089361470279115,0.7696729185306092,0.23032708146939085,0,1063.1949926296327,2,Loyal Customers
12529,164,1,310.68,164,0.19170685087558462,0.5428636681716713,1.0019067165001982,0.8490103824290516,0.15098961757094842,0,922.6596304747708,2,Loyal Customers
12530,51,5,1539.13,278,0.0004461562758090193,0.0012256428937917564,0.00216850732336858,0.0008219800903816327,0.9991780199096184,1,3.30346778180033,0,At-Risk
12531,322,1,1620.53,322,0.09921744070567688,0.28874896046472914,0.552780590043945,0.8490103824290516,0.15098961757094842,0,906.8236043695019,2,Loyal Customers
12533,263,2,1190.89,374,0.12891163764744326,0.37268888538340655,0.7067101654891854,0.7205581309263209,0.27944186907367907,0,927.7494324838689,2,Loyal Customers
12537,44,1,610.49,44,0.6567201471810661,1.6397651810860014,2.624860182582912,0.8490103824290516,0.15098961757094842,0,2859.6107884268604,1,Champions
12538,14,1,251.1,14,1.6713069656713468,3.326174249726184,4.422257861047852,0.8490103824290516,0.15098961757094842,0,3961.409295016849,1,Champions
12539,86,3,5136.900000000001,352,0.01505189756920009,0.042949401144523384,0.07996806425461687,0.05539377339810007,0.9446062266019,1,345.24998700677827,0,At-Risk
12540,14,15,6751.84,368,2.705253387858759e-21,7.018708968850431e-21,1.1531622045643814e-20,2.350047877602205e-21,1.0,1,7.285756065476543e-17,0,At-Risk
12542,120,2,449.79,276,0.11174688934197631,0.31904198648472804,0.5947258428575225,0.46421457138334127,0.5357854286166588,0,471.8670931152605,2,Loyal Customers
12543,84,1,731.14,84,0.36309782352951797,0.9795285793482343,1.703574899712572,0.8490103824290516,0.15098961757094842,0,1965.5392601822718,1,Champions
12547,136,1,147.78,136,0.2296449417794496,0.6431992435934523,1.1705635560817018,0.8490103824290516,0.15098961757094842,0,973.3314904963001,2,Loyal Customers
12549,211,5,1102.26,333,0.1621717868530663,0.45168272652560537,0.813652455742969,0.35511829470219736,0.6448817052978026,0,940.2423092268118,2,Loyal Customers
12553,21,2,750.37,59,0.36930463067682334,0.9083165204978726,1.4226141350126231,0.36050653780022895,0.639493462199771,0,1434.391773322927,0,At-Risk
12554,84,1,377.6,84,0.36309782352951797,0.9795285793482343,1.703574899712572,0.8490103824290516,0.15098961757094842,0,1633.6743091644657,1,Champions
12557,7,4,1464.21,358,1.3221050696349667e-07,3.7370710895849377e-07,6.867687483322018e-07,3.8099517852837096e-07,0.9999996190048215,1,0.0010082589365869937,0,At-Risk
12562,21,2,868.29,71,0.23491499823010792,0.5944346193546007,0.9589226213841198,0.2705859028171023,0.7294140971828977,0,1045.718523764049,0,At-Risk
12563,44,1,221.24,44,0.6567201471810661,1.6397651810860014,2.624860182582912,0.8490103824290516,0.15098961757094842,0,2295.518321166641,1,Champions
12567,3,7,3483.68,302,3.102063636927152e-14,8.39531789018542e-14,1.456149366642609e-13,4.5376929252746846e-14,0.9999999999999546,1,4.681984091514428e-10,0,At-Risk
12568,280,1,45.7,280,0.11381351891913508,0.3297811546859499,0.6275413899218287,0.8490103824290516,0.15098961757094842,0,486.0901875939522,2,Loyal Customers
12573,17,4,537.43,101,0.0036419504348744296,0.009041268871677447,0.014208341336038377,0.003201442654938805,0.9967985573450612,1,10.185289946984135,0,At-Risk
12575,93,2,553.92,162,0.24949224741314108,0.689729605685672,1.2328682251871388,0.6198561860081129,0.3801438139918871,0,1069.18221083552,1,Champions
12576,28,3,740.66,162,0.010914688256769684,0.02951467768734473,0.0512622264869902,0.019068620482791294,0.9809313795172087,1,47.37003027264424,0,At-Risk
12577,17,5,956.78,372,2.419948822032798e-07,6.790239763053399e-07,1.2352958967186132e-06,5.895300672766065e-07,0.9999994104699327,1,0.0012761628048047105,0,At-Risk
12578,21,2,1345.93,79,0.17779738450761343,0.45661562918164567,0.7484845264192478,0.22562047101811408,0.7743795289818859,0,1067.395515667633,0,At-Risk
12580,212,1,582.5699999999999,212,0.1493974706790193,0.42833449241018473,0.8035179040550781,0.8490103824290516,0.15098961757094842,0,859.8938716418595,2,Loyal Customers
12582,58,2,1343.06,213,0.0716053593439254,0.20163682934958688,0.3690530981953226,0.23138742437920534,0.7686125756207947,0,524.2452644539642,0,At-Risk
12583,9,13,6237.389999999999,369,5.089003782798701e-21,1.3384642624757682e-20,2.2367963119144853e-20,5.0618225628572276e-21,1.0,1,1.2997157287277216e-16,0,At-Risk
12586,10,3,1681.48,359,1.441777161449198e-05,4.117854582824086e-05,7.676875693106964e-05,5.408699053905395e-05,0.9999459130094609,1,0.12660075407247834,0,At-Risk
12588,35,2,505.08,233,0.020692642849072056,0.058569739377434836,0.10792709336845574,0.07292823331246083,0.9270717666875392,1,89.83867237684112,0,At-Risk
12589,57,4,2595.13,325,0.0013641624093845052,0.003833858991927251,0.006991525050387194,0.003580246765217443,0.9964197532347826,1,16.698607294064544,0,At-Risk
12591,26,2,730.25,44,0.8428744760543897,1.9670804138767923,2.9282251485484343,0.6377722086731926,0.3622277913268074,0,2914.8877070901653,1,Champions
12592,155,2,1097.64,155,0.3575324521483089,0.9850536917091062,1.7532379293155955,0.85162442782021,0.14837557217979003,0,2189.8988740594104,1,Champions
12594,14,5,1506.81,282,5.017720279309136e-07,1.3800415933920618e-06,2.445379759257901e-06,9.371214171983094e-07,0.9999990628785828,1,0.003658671548113855,0,At-Risk
12595,140,1,252.63,140,0.22333111064578398,0.6266522207405624,1.1430702995675146,0.8490103824290516,0.15098961757094842,0,1016.3945695135835,2,Loyal Customers
12598,99,3,1290.66,284,0.05278453467573071,0.14891119942052614,0.2730443627740274,0.15773542381622624,0.8422645761837737,1,368.0130254617005,0,At-Risk
12599,17,6,1065.42,213,7.629182490322975e-07,2.0143226605309355e-06,3.389457024660769e-06,9.259870320558526e-07,0.999999074012968,1,0.003770782868676556,0,At-Risk
12600,7,11,2093.61,368,4.551169631478924e-19,1.2138510988759195e-18,2.064890883997667e-18,5.274441438922242e-19,1.0,1,4.15177300666216e-15,0,At-Risk
12601,40,1,75.3,40,0.7145156507231424,1.758432759804013,2.775209129859146,0.8490103824290516,0.15098961757094842,0,2204.183827148275,1,Champions
12605,12,3,1122.5,94,0.0071972738788816755,0.018241464756183552,0.029384149311788347,0.007596484263717195,0.9924035157362828,1,35.8933270219064,0,At-Risk
12608,40,1,258.23,40,0.7145156507231424,1.758432759804013,2.775209129859146,0.8490103824290516,0.15098961757094842,0,2484.5666707130395,1,Champions
12609,10,6,1991.76,355,7.659280560697424e-10,2.1223726624413155e-09,3.796409224671749e-09,1.5070469777692753e-09,0.9999999984929531,1,7.240472981232561e-06,0,At-Risk
12613,24,5,2995.2000000000003,361,1.7307191632191297e-06,4.8469005461298995e-06,8.794811810128856e-06,4.095987356161491e-06,0.9999959040126438,1,0.02415265596262672,0,At-Risk
12615,49,4,3082.5,267,0.0020072911389272577,0.0055665853912418226,0.009974569229077844,0.004360683477203125,0.9956393165227969,1,27.788675047910445,0,At-Risk
12616,24,1,371.1,24,1.1029021568127397,2.4760057164967324,3.60091939565437,0.8490103824290516,0.15098961757094842,0,3455.8999542239258,1,Champions
12619,196,1,134.89,196,0.16126072664667845,0.46073382243631555,0.8602934376999265,0.8490103824290516,0.15098961757094842,0,708.8521775858579,2,Loyal Customers
12621,1,16,7463.78,304,1.549086825763289e-37,3.881312105731782e-37,6.11835920946623e-37,1.0648341149091003e-37,1.0,1,4.281787249029308e-33,0,At-Risk
12623,52,6,2988.95,332,3.113566154332121e-05,8.583031351061883e-05,0.0001524903201764243,5.746034595905714e-05,0.9999425396540409,1,0.4215912454441774,0,At-Risk
12625,145,2,2127.94,232,0.1891387388797904,0.535223065207024,0.98595206660698,0.6638219608272725,0.3361780391727275,0,1943.292244693789,1,Champions
12629,21,2,957.92,59,0.36930463067682334,0.9083165204978726,1.4226141350126231,0.36050653780022895,0.639493462199771,0,1642.3236965133233,1,Champions
12631,92,5,2780.67,329,0.0034217301912380536,0.009522100336310074,0.01713358842634736,0.007406332121683008,0.992593667878317,1,43.97180732339521,0,At-Risk
12632,156,2,689.02,200,0.25174212064590445,0.7061615511254791,1.2859905913822227,0.7655536467312654,0.23444635326873464,0,1236.724870930744,2,Loyal Customers
12633,18,3,3119.11,161,0.002749396785112321,0.007430327971860778,0.0128959173602936,0.004775393773004016,0.9952246062269959,1,35.63732836103086,0,At-Risk
12634,184,1,360.0,184,0.17147292956720764,0.48844427520844214,0.9084401222473069,0.8490103824290516,0.15098961757094842,0,861.1027800152443,2,Loyal Customers
12635,28,2,1095.78,92,0.19315923059008164,0.5057052071404493,0.8469347870632289,0.28188266338063817,0.7181173366193618,0,1058.2237377919105,0,At-Risk
12637,14,4,2224.39,179,8.410769550076264e-05,0.0002251526921374227,0.00038584543923176056,0.00012503516811086476,0.9998749648318891,1,0.8062829460861484,0,At-Risk
12638,275,1,138.3,275,0.11584230906216904,0.33545619616687994,0.6378111633238701,0.8490103824290516,0.15098961757094842,0,526.5349400630431,2,Loyal Customers
12639,70,2,693.52,263,0.055989930477587956,0.15948152345306396,0.2963601866055732,0.2219303094424214,0.7780696905575786,0,285.82078509541236,0,At-Risk
12643,21,5,1216.08,247,9.202933286789997e-06,2.502307548033079e-05,4.369466981227994e-05,1.5153239167507414e-05,0.9999848467608325,1,0.0547103527197746,0,At-Risk
12644,66,3,1389.53,330,0.008586959254403633,0.02442410225187602,0.04527911213215045,0.02967939856699535,0.9703206014330047,1,64.47085724478761,0,At-Risk
12645,45,4,1578.27,304,0.0007117560146182808,0.0019918014785363205,0.003611753471555643,0.0017514992980072093,0.9982485007019928,1,5.639177640737093,0,At-Risk
12647,3,26,9463.73,331,1.3458233157471212e-51,3.225533919024037e-51,4.832358589675936e-51,6.403630999579691e-52,1.0,1,4.344245600316402e-47,0,At-Risk
12648,73,3,706.8,337,0.010810878241050058,0.03078223763385437,0.057148119148686984,0.038136012653260526,0.9618639873467395,1,51.2386196556215,0,At-Risk
12649,18,5,1375.82,332,6.598250177022776e-07,1.8373629523246572e-06,3.3088640527909664e-06,1.4406945482853874e-06,0.9999985593054517,1,0.004584523019251388,0,At-Risk
12651,14,3,263.75,101,0.008674355848800507,0.02221008429863883,0.03618249069524276,0.009772863009291852,0.9902271369907082,1,20.120744116305957,0,At-Risk
12652,70,1,95.25,70,0.43045100637090405,1.1401206592473256,1.941923864039726,0.8490103824290516,0.15098961757094842,0,1560.8643370865886,1,Champions
12653,162,1,1774.23,162,0.19399602950669112,0.5489802985941657,1.012323361013848,0.8490103824290516,0.15098961757094842,0,1747.6023737516916,2,Loyal Customers
12655,59,1,234.2,59,0.5038978630062442,1.3087781411818866,2.18196512092429,0.8490103824290516,0.15098961757094842,0,1921.9031140772,1,Champions
12656,61,3,1986.16,198,0.05287745937619653,0.14551790822346672,0.2583490876590037,0.11174578039872252,0.8882542196012775,1,487.33525449957733,0,At-Risk
12661,72,1,162.0,72,0.4193384543962077,1.114024686789838,1.90385862712098,0.8490103824290516,0.15098961757094842,0,1600.2021648268033,1,Champions
12662,9,10,2782.29,253,1.5499933404975544e-14,3.981217020484658e-14,6.469875858765964e-14,1.3853259881430226e-14,0.9999999999999861,1,1.7029999690487313e-10,0,At-Risk
12663,260,2,135.9,304,0.17547940311043633,0.5031951401322313,0.943567576997806,0.8009354179840791,0.19906458201592092,0,540.8373871407325,2,Loyal Customers
12664,150,2,576.81,362,0.08070584741236016,0.23304815422715666,0.4411956410307603,0.43692432760717637,0.5630756723928236,0,389.2365634543035,2,Loyal Customers
12665,53,2,214.6,305,0.021402189902561656,0.061380455650257446,0.1151199037936485,0.09799885203600767,0.9020011479639923,1,72.33849951089633,0,At-Risk
12666,30,1,1182.62,30,0.9161179766487617,2.1471934053186486,3.2393842631163787,0.8490103824290516,0.15098961757094842,0,4559.3516666706455,1,Champions
12668,14,5,6610.91,313,2.621762263077322e-07,7.269524634434728e-07,1.301822398055249e-06,5.409829559110325e-07,0.9999994590170441,1,0.007533049201103354,0,At-Risk
12670,21,2,641.64,302,0.003023818493392177,0.008668453530329285,0.01624834759605047,0.013712946286340618,0.9862870537136594,1,15.076498264249647,0,At-Risk
12671,242,1,2002.02,242,0.13128824258520141,0.3784386564922735,0.7150481889224309,0.8490103824290516,0.15098961757094842,0,1323.3729763409897,2,Loyal Customers
12672,231,1,178.70000000000002,231,0.1373948163359163,0.39532357029409865,0.7451284242977648,0.8490103824290516,0.15098961757094842,0,631.7971197395239,2,Loyal Customers
12673,37,1,540.85,37,0.7650146626461872,1.8593872357234449,2.899825922316683,0.8490103824290516,0.15098961757094842,0,3049.6968148844335,1,Champions
12675,189,2,802.7,214,0.2502539211368562,0.7048978895368534,1.2906355127071156,0.8123423670894386,0.18765763291056137,0,1343.9987714968468,2,Loyal Customers
12676,44,4,1138.17,119,0.07866030782327904,0.20023791770111857,0.3234785666055441,0.08017009820459493,0.919829901795405,1,390.2568398339038,0,At-Risk
12677,191,2,354.6,302,0.1476671624149844,0.4233210221271911,0.7934826077306883,0.6696671347430603,0.3303328652569397,0,576.5198999717694,2,Loyal Customers
12678,11,6,7682.11,337,1.9803817594596146e-09,5.46569666754987e-09,9.725646003863054e-09,3.7073380430460625e-09,0.999999996292662,1,6.61242997894798e-05,0,At-Risk
12681,3,23,14740.13,362,1.1883576752821699e-46,2.9388596057422576e-46,4.559871210053352e-46,6.850680959299549e-47,1.0,1,6.345899569821752e-42,0,At-Risk
12682,1,22,10327.98,374,2.1060629394277923e-53,5.263377651716466e-53,8.266075550884659e-53,1.3025724961680202e-53,1.0,1,8.062069970344811e-49,0,At-Risk
12683,1,8,3646.41,362,5.692957065372509e-20,1.552301258497684e-19,2.717686633344266e-19,8.73706592173812e-20,1.0,1,9.177199044046917e-16,0,At-Risk
12686,7,1,71.14,7,2.6176613686920605,4.378387745769531,5.2507565053184635,0.8490103824290516,0.15098961757094842,0,4195.178762950626,1,Champions
12687,116,1,1818.14,116,0.267451206413625,0.7410456380677694,1.3306202399114757,0.8490103824290516,0.15098961757094842,0,2330.5653217816116,1,Champions
12691,56,1,114.6,56,0.5284926147861599,1.3638165754876814,2.2581292216208526,0.8490103824290516,0.15098961757094842,0,1840.33234679139,1,Champions
12692,273,1,110.5,273,0.11667422293439281,0.33778128852667005,0.6420138547047095,0.8490103824290516,0.15098961757094842,0,520.19228707893,2,Loyal Customers
12693,32,3,680.11,158,0.018425261891900472,0.049704764771229794,0.08607499873717889,0.03144031518276677,0.9685596848172332,1,75.51407133925508,0,At-Risk
12694,57,1,796.38,57,0.5200317855065604,1.3449622991646004,2.2321551593052966,0.8490103824290516,0.15098961757094842,0,2658.5240959955436,1,Champions
12695,164,3,740.57,301,0.14101932824464986,0.3991490299858983,0.7351196079960141,0.445798825605146,0.5542011743948541,0,678.3875991150314,2,Loyal Customers
12696,70,2,731.01,144,0.23786667112642057,0.6514638932778194,1.1509302415183136,0.5282656895365699,0.47173431046343006,0,1141.503451473351,1,Champions
12698,226,1,263.45,226,0.1403623831755942,0.4035070306398039,0.7596547503465181,0.8490103824290516,0.15098961757094842,0,679.5438548503697,2,Loyal Customers
12699,53,1,539.76,53,0.5556123728422472,1.4236968362259754,2.33982339789676,0.8490103824290516,0.15098961757094842,0,2456.1226751992026,1,Champions
12701,165,4,1500.71,269,0.19469791948492418,0.5402299368990366,0.9687128485844887,0.42600107248994185,0.5739989275100581,0,1451.7088738894668,2,Loyal Customers
12703,269,3,626.45,320,0.2290796921049823,0.650541958268635,1.2034349016152697,0.768467061431689,0.23153293856831103,0,1004.3961766509807,2,Loyal Customers
12705,19,5,4693.53,169,5.7745080899137605e-05,0.00015072318314584486,0.0002503270868196323,6.664014752643168e-05,0.9999333598524736,1,1.0468242619681436,0,At-Risk
12708,4,9,2215.92,357,1.0152462912111056e-17,2.741739820869024e-17,4.740067496655306e-17,1.37816671760982e-17,1.0,1,1.0027220292891367e-13,0,At-Risk
12709,2,18,14457.64,366,1.740193303233724e-39,4.429330970341649e-39,7.109587851820187e-39,1.2704025213133678e-39,1.0,1,9.622939086115657e-35,0,At-Risk
12711,247,2,1166.85,312,0.1647917553645528,0.4730728286041235,0.8884249298213386,0.7714634863079303,0.22853651369206973,0,1151.5529610855103,2,Loyal Customers
12712,1,10,2380.11,366,1.0141733936787483e-24,2.723911981983081e-24,4.67566431103796e-24,1.2778133445647134e-24,1.0,1,1.0597749210008927e-20,0,At-Risk
12714,24,7,8205.14,371,8.963652708713061e-09,2.4701584871473386e-08,4.3856067028629837e-08,1.5944360241815343e-08,0.9999999840556397,1,0.0003218434848366227,0,At-Risk
12717,226,1,227.93,226,0.1403623831755942,0.4035070306398039,0.7596547503465181,0.8490103824290516,0.15098961757094842,0,664.701253823602,2,Loyal Customers
12720,5,5,2134.56,142,2.045611443105446e-07,5.21590626442926e-07,8.430542011477111e-07,2.0121130832983748e-07,0.9999997987886917,1,0.0017099641552870623,0,At-Risk
12721,21,2,1193.2,107,0.07613268922019836,0.20274120146089283,0.3462739844480187,0.12782556282637644,0.8721744371736235,1,456.17029302859936,0,At-Risk
12724,19,3,1094.22,171,0.002536267210029708,0.006892917062590295,0.012046478517878564,0.004663221644898619,0.9953367783551014,1,14.4235736173108,0,At-Risk
12725,7,3,1706.59,220,3.784736005563243e-05,0.0001049997750333773,0.00018835183849505452,8.845393198441488e-05,0.9999115460680156,1,0.31452337000225034,0,At-Risk
12726,23,4,1017.72,260,9.52538619431782e-05,0.00026363194327340384,0.0004711741045295873,0.00020173464102631654,0.9997982653589736,1,0.5209307708260924,0,At-Risk
12727,78,3,1428.03,290,0.024406887942851032,0.06893790577496103,0.12660870523909126,0.07442483329123331,0.9255751667087667,1,184.07287883088122,0,At-Risk
12728,19,1,194.09,19,1.328774869330653,2.8386123780580657,3.969984316419223,0.8490103824290516,0.15098961757094842,0,3425.0949461085,1,Champions
12730,157,1,680.9,157,0.19996553108294338,0.5648926195124243,1.0393390009302963,0.8490103824290516,0.15098961757094842,0,1168.9545727800264,2,Loyal Customers
12731,78,5,4846.54,283,0.0036760686894934365,0.010113335952339623,0.01792711257277491,0.0068887324927808255,0.9931112675072191,1,77.16352824511527,0,At-Risk
12733,25,3,1885.42,325,0.00040623034466185916,0.001154546426958718,0.002138115655426798,0.0013834007360470227,0.998616599263953,1,3.863237893969894,0,At-Risk
12734,10,2,371.25,28,0.7073840483819547,1.4952505680899175,2.0459506310028117,0.3697784348940933,0.6302215651059067,0,1522.4214305692547,1,Champions
12738,8,1,132.9,8,2.4215182764993903,4.189503128122878,5.115473883143818,0.8490103824290516,0.15098961757094842,0,4259.992180546068,1,Champions
12739,30,1,1067.89,30,0.9161179766487617,2.1471934053186486,3.2393842631163787,0.8490103824290516,0.15098961757094842,0,4353.845420753486,1,Champions
12741,169,1,236.07,169,0.1862135016987237,0.52815243737629,0.9767803884131306,0.8490103824290516,0.15098961757094842,0,859.3786117581847,2,Loyal Customers
12742,261,1,1091.9,261,0.12192793188878992,0.3524381714756945,0.6684415879861427,0.8490103824290516,0.15098961757094842,0,902.4272099001216,2,Loyal Customers
12744,95,4,3228.89,227,0.06837437106205844,0.18718569883928665,0.32988954438291057,0.127221935913731,0.872778064086269,1,958.7073230711087,0,At-Risk
12745,122,2,614.85,210,0.19637882121244826,0.5525219167629889,1.0101487515838792,0.625954908875683,0.37404509112431705,0,918.796353897691,2,Loyal Customers
12746,176,1,253.65,176,0.179031336738736,0.5088476574108715,0.9436509072939454,0.8490103824290516,0.15098961757094842,0,839.311767042362,2,Loyal Customers
12747,5,16,4409.78,368,1.4402663321141363e-29,3.7132066588474205e-29,6.053505678943134e-29,1.1784732709116919e-29,1.0,1,2.5204485486158394e-25,0,At-Risk
12748,1,133,17001.29,371,0.0,0.0,0.0,0.0,1.0,1,0.0,3,Hibernating/Lost
12749,35,4,2345.08,157,0.007651857397332769,0.02019053750228212,0.03400257301913515,0.010063670254115366,0.9899363297458846,1,74.42656168057715,0,At-Risk
12751,80,1,268.27,80,0.38008976190222116,1.0205967970533638,1.7654710474525415,0.8490103824290516,0.15098961757094842,0,1586.8677809836895,1,Champions
12755,1,10,1219.86,329,3.346301585557453e-24,8.884857372564134e-24,1.5032088049976915e-23,3.8148651326714744e-24,1.0,1,1.8367898386643373e-20,0,At-Risk
12758,95,5,6201.49,374,0.0018270576655656972,0.00512836708026485,0.009333894213222877,0.004474026283398266,0.9955259737166018,1,50.78076630888149,0,At-Risk
12759,22,5,3136.23,371,9.303483958470142e-07,2.61005711680892e-06,4.747185925742031e-06,2.260569020064155e-06,0.9999977394309799,1,0.013598870801178976,0,At-Risk
12760,91,1,317.8,91,0.33675284963786173,0.9150956275348721,1.6051184824409084,0.8490103824290516,0.15098961757094842,0,1486.0847972328304,1,Champions
12761,100,1,649.95,100,0.30801945681535453,0.8437464959454987,1.494128660316388,0.8490103824290516,0.15098961757094842,0,1656.3778020496463,1,Champions
12763,5,1,320.08,5,3.124224385165734,4.810316561525754,5.539975039477771,0.8490103824290516,0.15098961757094842,0,5203.9674287851485,1,Champions
12765,108,6,1200.63,277,0.010809638212839834,0.02933587645835815,0.05107953803947572,0.016792435130883646,0.9832075648691163,1,62.72172454452709,0,At-Risk
12766,2,3,2485.9,43,0.0008731077499951471,0.001907105495358658,0.0026600597333534,0.0004692797075789375,0.9995307202924211,1,6.082575251403235,0,At-Risk
12767,11,1,891.0500000000001,11,1.977449732652053,3.7084734174816703,4.745091359348486,0.8490103824290516,0.15098961757094842,0,5944.001227582899,1,Champions
12768,86,1,160.71,86,0.3551592027727262,0.9602106440711874,1.6742302168152294,0.8490103824290516,0.15098961757094842,0,1405.3675193725962,1,Champions
12770,92,1,1025.91,92,0.3332982021066714,0.9065770667361568,1.5919767735814851,0.8490103824290516,0.15098961757094842,0,2094.9001058918734,1,Champions
12771,121,1,214.5,121,0.2568786776725771,0.7138938252638714,1.2866316476384687,0.8490103824290516,0.15098961757094842,0,1117.3307474424096,2,Loyal Customers
12773,200,1,75.94999999999999,200,0.15812171482603543,0.45218290259638527,0.8453598357261295,0.8490103824290516,0.15098961757094842,0,669.1180659779204,2,Loyal Customers
12774,171,1,83.7,171,0.18410331730883703,0.5224888739348308,0.9670795755760271,0.8490103824290516,0.15098961757094842,0,769.7453540696364,2,Loyal Customers
12775,24,2,260.54,45,0.7561775973761516,1.7724456010299137,2.649167658854466,0.5832349103383606,0.4167650896616394,0,1759.4348511155924,1,Champions
12776,303,1,27.5,303,0.10532813519389936,0.30597079986749165,0.5842679192224918,0.8490103824290516,0.15098961757094842,0,446.6910919728554,2,Loyal Customers
12777,93,1,441.72,93,0.32991372455530715,0.8982157785859017,1.5790489923652382,0.8490103824290516,0.15098961757094842,0,1569.669465045845,1,Champions
12778,32,3,798.01,238,0.003347683503840669,0.009339268297877215,0.016874353567785622,0.008437028609791376,0.9915629713902087,1,16.32734910036261,0,At-Risk
12779,7,7,2628.16,372,1.5308151787636768e-12,4.2194530471547155e-12,7.49348094616784e-12,2.7299932521539388e-12,0.99999999999727,1,1.8480446384638906e-08,0,At-Risk
12780,234,1,294.96,234,0.13567375433738268,0.3905709363282238,0.736676430383935,0.8490103824290516,0.15098961757094842,0,671.7316125587938,2,Loyal Customers
12782,10,6,1901.82,155,2.9871670738946494e-07,7.560895327847807e-07,1.2106771652892715e-06,2.70640957714858e-07,0.9999997293590422,1,0.0022210739574777066,0,At-Risk
12784,165,1,1003.08,165,0.1905824031022901,0.5398561999054226,0.9967784565977948,0.8490103824290516,0.15098961757094842,0,1297.7264169074535,2,Loyal Customers
12785,171,2,584.2,367,0.09169522496427014,0.2649142659622701,0.501870510155791,0.5031337418009689,0.4968662581990311,0,445.3600959599341,2,Loyal Customers
12786,245,1,616.0,245,0.12971589531409075,0.37408116722258455,0.7072616322587344,0.8490103824290516,0.15098961757094842,0,769.7667713384865,2,Loyal Customers
12787,49,1,380.52,49,0.5964215799032441,1.51224424088893,2.4584475512021395,0.8490103824290516,0.15098961757094842,0,2365.2718141016703,1,Champions
12788,99,4,384.9,164,0.2994278111016059,0.7940179599721399,1.3451858589444254,0.410135700995696,0.5898642990043039,0,795.3578401344905,0,At-Risk
12789,148,2,148.5,329,0.09802202950024912,0.28201104193157306,0.5311972725306794,0.48329181482196887,0.5167081851780311,0,309.1388843036757,2,Loyal Customers
12790,46,1,218.33,46,0.6311938485938098,1.586254503197243,2.5556533045571,0.8490103824290516,0.15098961757094842,0,2230.530471803328,1,Champions
12791,9,5,485.08,260,8.832034788174748e-08,2.41250067375203e-07,4.237325831369827e-07,1.5267681311230092e-07,0.9999998473231869,1,0.0002699903954291483,0,At-Risk
12792,170,1,359.42,170,0.18515239699032085,0.5253053857533035,0.9719057515594292,0.8490103824290516,0.15098961757094842,0,921.0518340410179,2,Loyal Customers
12793,7,2,386.05,37,0.19376512984809943,0.4364763514548162,0.6294312120268175,0.12677606885630135,0.8732239311436987,1,474.2103229076659,0,At-Risk
12796,264,1,315.9,264,0.12057064100147505,0.34865596556166795,0.6616326560376026,0.8490103824290516,0.15098961757094842,0,610.848239046541,2,Loyal Customers
12797,1,2,457.93,60,0.0011731136630132365,0.002893188762739766,0.004543909796725814,0.0011623377300437763,0.9988376622699562,1,3.6454822501867548,0,At-Risk
12798,57,1,193.88,57,0.5200317855065604,1.3449622991646004,2.2321551593052966,0.8490103824290516,0.15098961757094842,0,1916.6777143563831,1,Champions
12799,165,1,209.9,165,0.1905824031022901,0.5398561999054226,0.9967784565977948,0.8490103824290516,0.15098961757094842,0,862.6486265831956,2,Loyal Customers
12800,106,2,500.25,312,0.07072693349138279,0.20303801249793169,0.381302880016996,0.3311042264610042,0.6688957735389958,0,315.98007880542804,0,At-Risk
12801,136,1,777.23,136,0.2296449417794496,0.6431992435934523,1.1705635560817018,0.8490103824290516,0.15098961757094842,0,1378.9200396347626,2,Loyal Customers
12802,80,4,1647.69,199,0.06671219400889367,0.1804805608983048,0.31335136827784965,0.10957194716851813,0.8904280528314819,1,507.430144523932,0,At-Risk
12803,29,1,959.46,29,0.9427232635514526,2.195773242217596,3.294510429580775,0.8490103824290516,0.15098961757094842,0,4231.044302608858,1,Champions
12804,101,2,319.22,136,0.35420455024844727,0.9653593445285291,1.695248844821721,0.7451345742341225,0.25486542576587745,0,1191.3141523349393,1,Champions
12805,17,4,1183.75,310,1.0726369441654833e-05,3.0055366016599675e-05,5.45919177458627e-05,2.6897248056888232e-05,0.9999731027519431,1,0.06771033299014499,0,At-Risk
12806,208,2,1546.11,224,0.2443822231265444,0.6901900529251633,1.2681225395041618,0.8290757464576618,0.1709242535423382,0,1981.9020055257597,2,Loyal Customers
12807,19,1,229.1,19,1.328774869330653,2.8386123780580657,3.969984316419223,0.8490103824290516,0.15098961757094842,0,3502.116802095992,1,Champions
12808,4,3,392.45,98,0.0002086310192618098,0.0005319419048236436,0.0008625384896557709,0.0002286878366086469,0.9997713121633913,1,0.5656890882837574,0,At-Risk
12809,201,2,923.03,283,0.1703581426754842,0.48694891462455026,0.9091540444637741,0.7251614811405351,0.27483851885946486,0,1023.0875407976671,2,Loyal Customers
12810,170,2,508.74,312,0.1262497151386891,0.362428992391033,0.6806371718289284,0.5910310571716051,0.4089689428283949,0,568.0865505497748,2,Loyal Customers
12811,14,2,435.05,63,0.15954645868639727,0.3965413479484658,0.6277569398956588,0.16508734724840357,0.8349126527515964,1,493.422738660205,0,At-Risk
12813,137,3,1254.35,329,0.07267837944425372,0.20668892181584578,0.38309422627650336,0.2504612445906571,0.7495387554093429,0,505.4806121283425,0,At-Risk
12817,35,2,444.94,70,0.48004478154023217,1.2122259886151114,1.9512553500823258,0.5459096282279324,0.45409037177206757,0,1546.6498968851176,1,Champions
12819,94,1,446.04,94,0.3265973002937136,0.8900074440166447,1.5663299477681887,0.8490103824290516,0.15098961757094842,0,1560.715627338727,1,Champions
12820,33,7,1647.37,370,8.970259744677487e-08,2.4714437862743487e-07,4.3866444148335787e-07,1.5915030708505105e-07,0.999999840849693,1,0.0007059630584863785,0,At-Risk
12821,247,1,128.07999999999998,247,0.12868842172736128,0.3712315076270535,0.7021641813271967,0.8490103824290516,0.15098961757094842,0,575.7752461823356,2,Loyal Customers
12823,30,13,2311.2,315,2.7000041847392857e-13,6.95709695301611e-13,1.1339914968258654e-12,2.319956740965816e-13,0.999999999999768,1,2.5115940291921105e-09,0,At-Risk
12825,157,2,417.78,277,0.14693690137070253,0.4195824964142752,0.7823230446192488,0.6125516910163291,0.3874483089836709,0,603.1426587098259,2,Loyal Customers
12826,1,6,1393.13,357,2.9396528786006304e-15,8.14915341968302e-15,1.4584934524076187e-14,5.815306293388677e-15,0.9999999999999942,1,2.031150239341979e-11,0,At-Risk
12829,186,1,64.41,186,0.16968200966933736,0.4835966246652375,0.9000445620594594,0.8490103824290516,0.15098961757094842,0,706.7537535412295,2,Loyal Customers
12831,99,2,216.74,99,0.5452726997238901,1.4397612207046666,2.4348477345464445,0.85162442782021,0.14837557217979003,0,1537.1286294203733,1,Champions
12835,63,41,5910.76,372,5.539847769573827e-31,1.2844120217208604e-30,1.8562758526142323e-30,1.9238961290268599e-31,1.0,1,1.0542984425171414e-26,0,At-Risk
12836,25,11,3437.56,374,3.915277124574037e-13,1.0460842990916347e-12,1.7834371933595961e-12,4.606883611408146e-13,0.9999999999995393,1,5.758848960507149e-09,0,At-Risk
12837,205,1,492.96,205,0.15436572310487623,0.441930576967019,0.8274069684048081,0.8490103824290516,0.15098961757094842,0,844.7054985782611,2,Loyal Customers
12838,9,9,2429.57,228,1.070609605325811e-12,2.7405240673962735e-12,4.437390990746571e-12,9.574808994256743e-13,0.9999999999990425,1,1.0249774903851571e-08,0,At-Risk
12839,3,13,4313.33,368,8.012071345822814e-27,2.1065689657083574e-26,3.5189940273725716e-26,7.949181938650163e-27,1.0,1,1.4244417643728274e-22,0,At-Risk
12840,73,3,1159.46,310,0.015224575674139538,0.04316193978614475,0.07966397369733927,0.049523025029852334,0.9504769749701477,1,99.28516771678153,0,At-Risk
12841,5,17,3299.41,155,1.4493362134223265e-24,3.120140301418657e-24,4.2123994713511236e-24,5.277445175165195e-25,1.0,1,1.3289547464838957e-20,0,At-Risk
12842,40,2,528.7,373,0.006310626150275424,0.01824253478369151,0.03458777176049085,0.03518113341922694,0.9648188665807731,1,29.34672394532802,0,At-Risk
12843,18,20,3022.36,362,7.106829947201474e-26,1.7854878939935154e-25,2.8218229670754927e-25,4.660226942487108e-26,1.0,1,8.157941925310646e-22,0,At-Risk
12844,78,2,307.06,229,0.0960488563541782,0.2716016686417353,0.4998485649016371,0.33288320308764113,0.6671167969123588,0,346.6415672967313,0,At-Risk
12847,23,1,635.45,23,1.1417088417099113,2.5408958453433734,3.669162588845515,0.8490103824290516,0.15098961757094842,0,4059.1050294398387,1,Champions
12848,311,1,199.3,311,0.10266578685323613,0.2984752178792404,0.5705829602260988,0.8490103824290516,0.15098961757094842,0,490.12352014031524,2,Loyal Customers
12849,17,4,1763.95,227,5.466458283201016e-05,0.00014965297640369757,0.0002637431839477721,0.00010171258537051425,0.9998982874146295,1,0.4519181049853971,0,At-Risk
12850,81,1,89.1,81,0.37569438108036607,1.0100098979615217,1.7495780374787264,0.8490103824290516,0.15098961757094842,0,1399.7907097348473,1,Champions
12851,113,1,133.2,113,0.27422307554846775,0.7583519048040864,1.3584900716445014,0.8490103824290516,0.15098961757094842,0,1119.071959857191,2,Loyal Customers
12853,63,5,1727.2,308,0.0007123039769692141,0.001972670195752412,0.0035270742205412457,0.001447294650964824,0.9985527053490352,1,5.929501763897928,0,At-Risk
12854,197,4,1585.67,364,0.10343597391367465,0.2926471104060553,0.5384833605933146,0.3029123703387959,0.6970876296612041,0,843.7358916514786,2,Loyal Customers
12855,8,4,422.09,38,0.023238445653633023,0.046414696027788895,0.05997462665888378,0.009057676000289084,0.9909423239997109,1,37.55856901477326,0,At-Risk
12857,72,4,2212.85,319,0.004028029846691635,0.011307233584767469,0.020588173242751237,0.010383187864479226,0.9896168121355208,1,42.771435149189244,0,At-Risk
12858,19,1,162.76999999999998,19,1.328774869330653,2.8386123780580657,3.969984316419223,0.8490103824290516,0.15098961757094842,0,3356.1910749423105,1,Champions
12859,94,1,560.55,94,0.3265973002937136,0.8900074440166447,1.5663299477681887,0.8490103824290516,0.15098961757094842,0,1659.5193306359015,1,Champions
12860,329,1,49.22,329,0.0971411254427468,0.2828828922076612,0.5420191356229437,0.8490103824290516,0.15098961757094842,0,420.8355673219859,2,Loyal Customers
12861,255,1,62.1,255,0.12473630306727639,0.36025425780828074,0.6824889446324767,0.8490103824290516,0.15098961757094842,0,534.8562929778407,2,Loyal Customers
12862,61,2,935.99,131,0.24830897554503303,0.6744991185346392,1.179665125980442,0.5041809532650502,0.4958190467349498,0,1340.1043566120788,1,Champions
12863,15,5,1740.89,225,2.9065855300264317e-06,7.833245591468336e-06,1.3526182296983841e-05,4.38205044518363e-06,0.9999956179495548,1,0.022912723812102215,0,At-Risk
12864,144,1,49.82,144,0.21735519287173619,0.6109355837719794,1.1168405059865412,0.8490103824290516,0.15098961757094842,0,868.3534920917705,2,Loyal Customers
12865,14,2,1672.07,112,0.029113604254084064,0.0778996161571143,0.13379796389084633,0.05101302244509244,0.9489869775549076,1,221.25934550396195,0,At-Risk
12866,110,2,586.6,138,0.363047576095554,0.9907177838188035,1.742494914827606,0.7743714365582213,0.22562856344177873,0,1551.674397202881,1,Champions
12867,33,6,3833.45,359,1.0512809987408316e-06,2.915520566918206e-06,5.220911579899662e-06,2.0908389407207418e-06,0.9999979091610592,1,0.01822142136883151,0,At-Risk
12868,9,3,639.1,28,0.3537531002062806,0.6911991244419794,0.8843468517969293,0.13646487365843554,0.8635351263415645,1,754.0741425931265,0,At-Risk
12869,317,1,314.42,317,0.10075570865151522,0.2930902153964214,0.5607328316685278,0.8490103824290516,0.15098961757094842,0,517.1511011510786,2,Loyal Customers
12870,11,3,1428.51,260,7.639904579211672e-05,0.00021437764705587803,0.00039030192110312895,0.000209646367307867,0.9997903536326921,1,0.5676987716674797,0,At-Risk
12871,75,1,194.43,75,0.40370553174969354,1.0770488802538634,1.849486454620918,0.8490103824290516,0.15098961757094842,0,1587.390407908688,1,Champions
12872,1,11,2994.52,371,3.7567533637980725e-27,1.0028565796968949e-26,1.7078649277133897e-26,4.387066928498699e-27,1.0,1,4.8289045626516763e-23,0,At-Risk
12873,33,2,1439.71,317,0.0069637958769045655,0.020004517939833866,0.03760239588550501,0.03311061244266137,0.9668893875573387,1,55.93368383367985,0,At-Risk
12874,21,2,824.48,190,0.0132353194182222,0.03700388141281532,0.06710011849557589,0.0383104333290281,0.9616895666709719,1,70.91454863842573,0,At-Risk
12875,107,3,72.08999999999999,333,0.03596057202248327,0.10233052642736563,0.18982533834116794,0.12538944425827617,0.8746105557417239,1,77.157141636745,0,At-Risk
12876,30,2,1559.3,226,0.016449235038676464,0.04647976956857058,0.08545652873626744,0.05628648657100966,0.9437135134289903,1,134.34582457391176,0,At-Risk
12877,37,8,1412.24,326,7.636495136477588e-08,2.0618700153727405e-07,3.564590533520796e-07,1.0613121027386995e-07,0.9999998938687897,1,0.0004992474999381556,0,At-Risk
12880,17,2,622.28,210,0.006102725018786945,0.017170330812861956,0.031391674626248166,0.019452355704363405,0.9805476442956366,1,28.716444960888282,0,At-Risk
12887,19,1,209.7,19,1.328774869330653,2.8386123780580657,3.969984316419223,0.8490103824290516,0.15098961757094842,0,3459.436881897268,1,Champions
12889,17,4,366.06,138,0.0007274197971013345,0.0018894162535487097,0.0031234260980636174,0.0008490276136243269,0.9991509723863756,1,1.7998459454124864,0,At-Risk
12890,23,1,319.7,23,1.1417088417099113,2.5408958453433734,3.669162588845515,0.8490103824290516,0.15098961757094842,0,3417.704339311266,1,Champions
12891,94,8,84.24000000000001,295,0.0004050212380636573,0.0010824165684591295,0.0018472561586831769,0.0005123548992282717,0.9994876451007717,1,0.4163216941786861,0,At-Risk
12892,32,1,260.03000000000003,32,0.8671752801207654,2.056228284374122,3.1344959520926903,0.8490103824290516,0.15098961757094842,0,2811.8880081693765,1,Champions
12894,211,1,133.95,211,0.1500875500734796,0.43022533395064605,0.8068457596472755,0.8490103824290516,0.15098961757094842,0,664.33569036634,2,Loyal Customers
12897,17,2,275.1,179,0.010141108518118098,0.02823883957829209,0.05094162114522472,0.02772024030020128,0.9722797596997987,1,34.199963203913356,0,At-Risk
12898,99,2,182.94,295,0.0733328568373639,0.21000830013306113,0.39309373666553815,0.32504416173088824,0.6749558382691118,0,238.29195294657785,0,At-Risk
12899,49,1,307.35,49,0.5964215799032441,1.51224424088893,2.4584475512021395,0.8490103824290516,0.15098961757094842,0,2265.996009900563,1,Champions
12900,58,1,320.58,58,0.5118376748878953,1.3266231055824886,2.206773825523037,0.8490103824290516,0.15098961757094842,0,2049.001053921368,1,Champions
12903,64,1,826.08,64,0.46762869042445254,1.2263107817086956,2.065867788512742,0.8490103824290516,0.15098961757094842,0,2493.438558100127,1,Champions
12905,212,2,922.31,318,0.14583991057886722,0.4190012368517099,0.7877352979237977,0.6955580189458598,0.3044419810541402,0,885.9279606011376,2,Loyal Customers
12907,31,2,463.71,130,0.09119601890048892,0.24755034380675958,0.43258761531897444,0.1838341067918673,0.8161658932081327,1,347.9310394175785,0,At-Risk
12908,16,3,46.17,266,0.0002273902605266737,0.0006389737101105561,0.001165525310565338,0.0006378624726545325,0.9993621375273455,1,0.4505742943082821,0,At-Risk
12909,60,3,881.75,289,0.011010878938746747,0.03109435861393902,0.0570916096874208,0.033463850194141005,0.966536149805859,1,58.914736937327746,0,At-Risk
12910,15,5,2318.41,257,1.2724248621870351e-06,3.4721281315808565e-06,6.0905193395378e-06,2.1754945168614196e-06,0.9999978245054831,1,0.01327164936987515,0,At-Risk
12911,187,1,1513.66,187,0.1688005060601413,0.48120871460947523,0.8959047571241548,0.8490103824290516,0.15098961757094842,0,1417.8728429327953,2,Loyal Customers
12913,4,9,2080.07,374,6.313765916923918e-18,1.7127257151427284e-17,2.9780805107440356e-17,8.956242427319612e-18,1.0,1,5.937599238571616e-14,0,At-Risk
12914,36,1,120.48,36,0.7834733096968532,1.8956728209940945,2.9438982191432057,0.8490103824290516,0.15098961757094842,0,2412.624634155097,1,Champions
12915,8,3,739.15,225,5.201855398885855e-05,0.00014455010722133106,0.0002598447358677033,0.00012421996993133892,0.9998757800300686,1,0.23963041626485798,0,At-Risk
12916,78,3,1424.13,320,0.01641448932945533,0.04661397059792555,0.08623099310874417,0.055063782668817396,0.9449362173311826,1,125.09004840969808,0,At-Risk
12917,36,5,2272.9500000000003,366,1.3067191541425154e-05,3.6627577279298095e-05,6.654092000617698e-05,3.1338051687914776e-05,0.9999686619483121,1,0.14234444881213631,0,At-Risk
12920,207,3,322.23,361,0.12916141579423585,0.36899388217180323,0.6881567137746966,0.48716605820537945,0.5128339417946206,0,412.5938250902882,2,Loyal Customers
12921,2,39,17907.9,374,3.869418268058904e-85,9.03714637001371e-85,1.3161289153976046e-84,1.4133735816441687e-85,1.0,1,2.25390701429139e-80,0,At-Risk
12923,26,2,549.6,211,0.015038208994970785,0.04232288191920256,0.07740579149123634,0.0481543489278028,0.9518456510721972,1,66.8610195151045,0,At-Risk
12924,29,8,849.36,366,3.59656398849003e-09,9.81638854764071e-09,1.7207813074801408e-08,5.577618388478296e-09,0.9999999944223816,1,1.552405082006427e-05,0,At-Risk
12925,228,1,30.87,228,0.13916010479892874,0.4001933158571182,0.7537767367004776,0.8490103824290516,0.15098961757094842,0,577.8447599283041,2,Loyal Customers
12926,47,4,1516.33,361,0.00034822530181323366,0.0009847612490430377,0.0018108672785617744,0.00101163499862783,0.9989883650013722,1,2.7353049882806784,0,At-Risk
12927,30,1,187.86,30,0.9161179766487617,2.1471934053186486,3.2393842631163787,0.8490103824290516,0.15098961757094842,0,2777.5213416592837,1,Champions
12928,14,7,2115.38,185,5.8573147760441565e-08,1.4955976113052066e-07,2.417101864651037e-07,5.431097956996621e-08,0.9999999456890204,1,0.0004888830299534224,0,At-Risk
12931,16,42,7416.96,374,1.2484883751303137e-56,2.8894751888354014e-56,4.168172049669443e-56,4.260634147357106e-57,1.0,1,2.9683833794080337e-52,0,At-Risk
12932,175,8,1465.37,303,0.049849824198010415,0.13360097235183688,0.22881496079284977,0.06466557809975304,0.935334421900247,1,331.30152929386975,0,At-Risk
12933,16,5,1029.35,365,1.995010090191611e-07,5.591060048943275e-07,1.0154818129644173e-06,4.771878464427977e-07,0.9999995228121535,1,0.0011110443392936494,0,At-Risk
12934,372,1,99.03,372,0.08607598374816994,0.2514976568564044,0.48412589324400473,0.8490103824290516,0.15098961757094842,0,389.1094395350265,2,Loyal Customers
12935,11,8,2036.02,243,6.245639247014235e-11,1.6319484367261669e-10,2.708980134054525e-10,6.593778551848879e-11,0.9999999999340622,1,5.294546676576824e-07,0,At-Risk
12937,99,5,1512.24,372,0.002343153153136742,0.006574755452054522,0.011960944996438724,0.005708216733475102,0.9942917832665249,1,17.939845046301997,0,At-Risk
12939,15,12,2961.27,332,3.07457100536643e-16,8.040222076103194e-16,1.3344541333202539e-15,2.985861564389713e-16,0.9999999999999997,1,3.742713411604147e-12,0,At-Risk
12941,360,1,348.24,360,0.08890202098643651,0.25953331505533445,0.498999470612214,0.8490103824290516,0.15098961757094842,0,469.44893638553253,2,Loyal Customers
12942,1,1,234.85,1,5.088747360963606,5.942684714978904,6.174588147746671,0.8490103824290516,0.15098961757094842,0,5538.298971370597,1,Champions
12943,194,2,389.05,241,0.21367769682000393,0.6059144779099703,1.1192364636510277,0.7781133491050186,0.22188665089498139,0,840.5005476340328,2,Loyal Customers
12945,292,1,435.16,292,0.10922266457785257,0.3169139966151784,0.604193613425421,0.8490103824290516,0.15098961757094842,0,597.3912593509137,2,Loyal Customers
12946,72,1,316.3,72,0.4193384543962077,1.114024686789838,1.90385862712098,0.8490103824290516,0.15098961757094842,0,1762.13511589587,1,Champions
12947,9,1,294.24,9,2.25280513154797,4.015998776348188,4.986262030350628,0.8490103824290516,0.15098961757094842,0,4597.296102318492,1,Champions
12948,366,2,216.36,373,0.15176946867289737,0.4387298099170195,0.8318299353606987,0.8461001807425005,0.15389981925749951,0,523.6112519309119,2,Loyal Customers
12949,18,14,10932.15,372,1.7732815926278817e-18,4.6372676378243536e-18,7.693962121435731e-18,1.6588595598142721e-18,1.0,1,7.806786334811508e-14,0,At-Risk
12951,22,9,2122.9500000000003,334,6.731397165782794e-11,1.8056620245844934e-10,3.0951597616079593e-10,8.581662813014721e-11,0.9999999999141834,1,6.291635125614808e-07,0,At-Risk
12953,158,1,473.76,158,0.19874241884145308,0.5616367579966214,1.0338210018719527,0.8490103824290516,0.15098961757094842,0,1044.8860473368657,2,Loyal Customers
12954,274,1,151.95,274,0.11625677773298071,0.3366147268228803,0.6399056053571324,0.8490103824290516,0.15098961757094842,0,533.0695737654021,2,Loyal Customers
12956,320,3,407.73,360,0.2125017035720955,0.6070048817537901,1.1318352731708352,0.7993435140706738,0.20065648592932617,0,753.332435874183,2,Loyal Customers
12957,177,5,4498.82,364,0.0503872061170634,0.1411861385418317,0.25636984049820544,0.12020321115062482,0.8797967888493752,1,1027.9989460452896,0,At-Risk
12958,36,2,504.39,219,0.02650718652231835,0.07476498661002066,0.1371350620626096,0.0879854284456296,0.9120145715543704,1,114.09617107277323,0,At-Risk
12959,120,1,117.0,120,0.2589257746435574,0.719163744690735,1.2951947562854045,0.8490103824290516,0.15098961757094842,0,1055.255493843103,2,Loyal Customers
12960,49,4,1198.78,297,0.0011520775570861119,0.003219015554779695,0.005825124368392244,0.0027721894404779076,0.9972278105595221,1,7.296716146567135,0,At-Risk
12961,15,1,205.9,15,1.5893341066863198,3.215676772513155,4.32390075650617,0.8490103824290516,0.15098961757094842,0,3763.4145725499943,1,Champions
12963,1,5,1704.37,155,1.0746898947737461e-10,2.773799544150865e-10,4.546569050188215e-10,1.1452636185487038e-10,0.9999999998854736,1,7.571147507949332e-07,0,At-Risk
12964,73,1,129.99,73,0.4139946420335804,1.1014201672914525,1.885381779834209,0.8490103824290516,0.15098961757094842,0,1551.3468691708008,1,Champions
12967,7,2,1892.52,19,1.0017634132857962,1.9151103605945257,2.4374822824116427,0.3921557380575611,0.6078442619424389,0,4445.679184017563,1,Champions
12969,238,1,117.2,238,0.133444976204803,0.3844090768386619,0.7257011015020165,0.8490103824290516,0.15098961757094842,0,590.7559279546284,2,Loyal Customers
12970,16,6,1014.07,371,9.623876378188441e-09,2.6754302008148447e-08,4.806238853458107e-08,1.9753668083518765e-08,0.999999980246332,1,5.127017815603744e-05,0,At-Risk
12971,2,33,3597.1200000000003,360,1.4797471042869545e-71,3.4999322404109285e-71,5.166944905511597e-71,6.094064404866162e-72,1.0,1,1.7874287752435137e-67,0,At-Risk
12972,49,4,1058.94,297,0.0011520775570861119,0.003219015554779695,0.005825124368392244,0.0027721894404779076,0.9972278105595221,1,6.633909840064279,0,At-Risk
12973,49,1,100.05,49,0.5964215799032441,1.51224424088893,2.4584475512021395,0.8490103824290516,0.15098961757094842,0,1984.7349164074706,1,Champions
12974,201,1,261.15,201,0.15735596445047392,0.45009454913367103,0.8417071570782914,0.8490103824290516,0.15098961757094842,0,751.9824013815141,2,Loyal Customers
12975,72,6,1953.0,369,0.00011020660519694943,0.00030625367563033725,0.0005498805109689686,0.00022503623353492265,0.9997749637664651,1,1.0303230815872344,0,At-Risk
12976,14,7,2299.67,301,1.0861836000801401e-09,2.9386726535625934e-09,5.094996488137327e-09,1.58389373874907e-09,0.9999999984161062,1,1.1109004048031096e-05,0,At-Risk
12977,137,3,343.29,147,0.5162167397622299,1.3825614407384845,2.373282209297448,0.823094638091407,0.17690536190859296,0,1464.1631734064297,2,Loyal Customers
12978,21,5,2461.58,365,8.097295635694278e-07,2.2692850705765015e-06,4.121611460849274e-06,1.936797756264234e-06,0.9999980632022437,1,0.009470370633863266,0,At-Risk
12979,365,1,411.84,365,0.08770225789322296,0.2561235347066736,0.492692453694038,0.8490103824290516,0.15098961757094842,0,480.73982921830543,2,Loyal Customers
12980,22,12,3229.5,373,6.514705775047903e-15,1.7276196475791424e-14,2.9173271392256177e-14,7.051283467434097e-15,0.9999999999999929,1,8.892341402869941e-11,0,At-Risk
12982,30,7,2265.93,242,1.4774608228678297e-06,3.906057194332952e-06,6.579877254311073e-06,1.755363168222326e-06,0.9999982446368317,1,0.014161847429656524,0,At-Risk
12983,234,1,423.42,234,0.13567375433738268,0.3905709363282238,0.736676430383935,0.8490103824290516,0.15098961757094842,0,723.7849757224676,2,Loyal Customers
12986,64,10,2349.84,323,3.7612689448246915e-07,9.96575479465374e-07,1.6816954101232338e-06,4.214795120747431e-07,0.9999995785204879,1,0.003767311748902396,0,At-Risk
12987,56,3,687.96,324,0.005501526414551758,0.015633384362700484,0.028945386611119766,0.018679244005143546,0.9813207559948565,1,25.53256783385551,0,At-Risk
12989,60,18,2125.41,365,5.4531575442341133e-14,1.3874317175425943e-13,2.2259151463527292e-13,3.9710694213508855e-14,0.9999999999999603,1,4.563047286957336e-10,0,At-Risk
12990,53,4,516.75,255,0.0035491068587443653,0.00980823415730641,0.01749605061042013,0.007378212986726619,0.9926217870132734,1,12.210411830982506,0,At-Risk
12991,25,1,208.96,25,1.0666498486559604,2.4143585455321217,3.5351634737843702,0.8490103824290516,0.15098961757094842,0,3074.926043187081,1,Champions
12992,361,1,93.35,361,0.08865944947356304,0.258844114550551,0.4977251785304045,0.8490103824290516,0.15098961757094842,0,398.494012776855,2,Loyal Customers
12993,81,4,821.43,295,0.009873355328537,0.02757453077143645,0.04986882310822819,0.023603869816410168,0.9763961301835898,1,47.15600914461126,0,At-Risk
12996,11,1,310.65,11,1.977449732652053,3.7084734174816703,4.745091359348486,0.8490103824290516,0.15098961757094842,0,4413.314745557324,1,Champions
12997,30,4,875.64,248,0.00037246299017122507,0.0010271003676864431,0.0018270280437383268,0.0007539899312462472,0.9992460100687538,1,1.8088776575704615,0,At-Risk
12998,128,3,777.0500000000001,289,0.09551671656635881,0.2697360542298704,0.4952559310811238,0.29029082164958087,0.7097091783504191,0,471.01960599357517,0,At-Risk
13000,361,1,488.3,361,0.08865944947356304,0.258844114550551,0.4977251785304045,0.8490103824290516,0.15098961757094842,0,506.5790270436232,2,Loyal Customers
13001,40,20,12477.56,372,3.282248033593706e-19,8.281694919815063e-19,1.3154264193996372e-18,2.2061451067651596e-19,1.0,1,1.5435820453375187e-14,0,At-Risk
13002,52,2,291.18,70,0.6557369810015418,1.6558901182419425,2.66539777460086,0.7457077866054397,0.2542922133945603,0,1824.294643681564,1,Champions
13004,22,18,5860.19,360,9.71645075731738e-22,2.4670195076933756e-21,3.948292645502699e-21,6.987215905366442e-22,1.0,1,2.182853407290907e-17,0,At-Risk
13005,67,2,449.53,93,0.4966881840407024,1.302037623111474,2.183786217439199,0.7321040608565815,0.26789593914341847,0,1736.3021037771355,1,Champions
13007,215,1,153.6,215,0.14736479003143102,0.42276041421650756,0.7936971482100509,0.8490103824290516,0.15098961757094842,0,662.0744994655375,2,Loyal Customers
13008,33,2,354.61,359,0.004685451884246017,0.013525662974012979,0.025595281838029407,0.025160159946930435,0.9748398400530696,1,18.593278033702163,0,At-Risk
13009,308,1,210.6,308,0.10364824397138404,0.30124262024706805,0.5756389995467953,0.8490103824290516,0.15098961757094842,0,498.04765763258354,2,Loyal Customers
13010,10,2,299.37,284,0.0007255425220708074,0.0020742161390039076,0.0038734990372863913,0.0030990350633172564,0.9969009649366828,1,2.6645322215939724,0,At-Risk
13011,8,1,50.55,8,2.4215182764993903,4.189503128122878,5.115473883143818,0.8490103824290516,0.15098961757094842,0,4025.4422068171143,1,Champions
13012,65,3,1273.82,228,0.03674253073054311,0.10219735527707861,0.1839360182815822,0.08886240085244017,0.9111375991475599,1,245.61659414935926,0,At-Risk
13013,7,18,7305.200000000001,361,1.5942327885679227e-30,4.049470062256188e-30,6.484087065195025e-30,1.1493341747244221e-30,1.0,1,4.457405718212882e-26,0,At-Risk
13014,68,1,1836.98,68,0.44216870259997293,1.1674703104561752,1.9815471503690194,0.8490103824290516,0.15098961757094842,0,3495.6221296933786,1,Champions
13015,74,6,2652.2,239,0.0029918701370274243,0.00800116687617059,0.013676858514202058,0.004044241464820428,0.9959557585351796,1,33.88244598810313,0,At-Risk
13018,49,7,2214.92,284,1.3552495487657458e-05,3.645648693150717e-05,6.274990508847589e-05,1.8707581447028734e-05,0.9999812924185529,1,0.13219133482320494,0,At-Risk
13019,15,6,1215.85,369,6.749661601862329e-09,1.8756667725470475e-08,3.367772161992357e-08,1.3782462691813621e-08,0.9999999862175373,1,4.176626381686702e-05,0,At-Risk
13020,198,2,614.96,295,0.15766066871184822,0.4515036023681407,0.8451248739235091,0.6988229029864174,0.30117709701358264,0,768.3822129123183,2,Loyal Customers
13021,10,8,2168.27,370,6.115968744222598e-13,1.670884390799865e-12,2.9326521379987827e-12,9.583249124826853e-13,0.9999999999990417,1,6.067526888755512e-09,0,At-Risk
13022,65,1,50.3,65,0.46099265386719185,1.2110507232230185,2.0441198103572096,0.8490103824290516,0.15098961757094842,0,1592.6888916344728,1,Champions
13023,164,1,540.64,164,0.19170685087558462,0.5428636681716713,1.0019067165001982,0.8490103824290516,0.15098961757094842,0,1049.44816300342,2,Loyal Customers
13024,106,2,518.52,218,0.15971266837397566,0.450358298401266,0.8257647743574393,0.5277957843646727,0.47220421563532733,0,695.2271084465659,2,Loyal Customers
13025,367,1,259.58000000000004,367,0.08723137113978932,0.25478458036697815,0.490214076228868,0.8490103824290516,0.15098961757094842,0,437.2803512662087,2,Loyal Customers
13026,124,4,686.44,362,0.01998456155550837,0.056524007088699285,0.10396325286213917,0.05821325412657949,0.9417867458734205,1,86.85735064784136,0,At-Risk
13027,21,13,654.48,324,1.7263298480351564e-15,4.465398876737001e-15,7.312243909283316e-15,1.522290690416961e-15,0.9999999999999984,1,5.08930504414743e-12,0,At-Risk
13029,10,2,261.0,159,0.004700956435682639,0.012977456953686298,0.023155201922208463,0.01147284014425925,0.9885271598557408,1,15.319867338783565,0,At-Risk
13030,4,1,387.99,4,3.459163950590388,5.057804924838033,5.693613931946437,0.8490103824290516,0.15098961757094842,0,5570.240942362325,1,Champions
13031,43,5,3294.3,190,0.0019397504290387551,0.005134460301493721,0.008671903095895123,0.0024957216681674717,0.9975042783318325,1,26.036421242138836,0,At-Risk
13032,28,7,1639.17,96,0.0016810776491380881,0.0038024330592988237,0.00541080961738637,0.0008751095845389179,0.999124890415461,1,8.717057312240758,0,At-Risk
13033,65,1,30.0,65,0.46099265386719185,1.2110507232230185,2.0441198103572096,0.8490103824290516,0.15098961757094842,0,1569.8085762526748,1,Champions
13034,5,2,277.01,37,0.10159326658893973,0.22884952709437076,0.3300179602644182,0.0664701382055319,0.9335298617944681,1,223.23562555886454,0,At-Risk
13035,67,1,391.53,67,0.4482701437171995,1.1816438777248677,2.001973333236756,0.8490103824290516,0.15098961757094842,0,1936.3546997567998,1,Champions
13036,320,1,210.0,320,0.09982707673044794,0.2904699361944129,0.5559342557796789,0.8490103824290516,0.15098961757094842,0,480.8000868966767,2,Loyal Customers
13037,35,9,2921.65,372,1.5535837647891465e-09,4.212247528877581e-09,7.319471209634868e-09,2.192639568694463e-09,0.9999999978073605,1,2.0097314288473184e-05,0,At-Risk
13039,220,4,934.03,358,0.14840933331979234,0.4194948205796534,0.7709137074331863,0.42767584620988053,0.5723241537901195,0,799.3359303404114,2,Loyal Customers
13041,86,4,781.58,225,0.048874028588528434,0.13369922353131047,0.2354001435280337,0.09017649240771675,0.9098235075922833,1,215.0872314121703,0,At-Risk
13042,234,3,1487.64,368,0.1486268037144506,0.4249828855506867,0.7935401047638113,0.5711709644028343,0.4288290355971657,0,1189.8299632914648,2,Loyal Customers
13044,128,10,3874.3,336,0.00028928599300098544,0.0007699029161999903,0.0013064183704256888,0.00033635642475803506,0.999663643575242,1,4.720589521996021,0,At-Risk
13045,37,2,497.39,122,0.1469837602810921,0.39663018360666225,0.6881549316246514,0.2790710961927452,0.7209289038072548,0,569.855082353797,0,At-Risk
13046,92,1,316.14,92,0.3332982021066714,0.9065770667361568,1.5919767735814851,0.8490103824290516,0.15098961757094842,0,1472.4246790552024,1,Champions
13047,9,17,4891.27,359,4.890093447729151e-27,1.2485784588630622e-26,2.011807978475133e-26,3.697911402942623e-27,1.0,1,9.291674137259928e-23,0,At-Risk
13048,72,5,2161.06,317,0.0011975250187436389,0.003323570853508625,0.005959165084812902,0.0025012692620490786,0.9974987307379509,1,12.190952557368675,0,At-Risk
13049,25,2,531.51,37,1.0765087721060407,2.424949326673484,3.496956452976838,0.7043349354133879,0.2956650645866121,0,2993.6058334408035,1,Champions
13050,2,18,6101.23,360,2.3888001913593044e-39,6.065194811620836e-39,9.706921243867217e-39,1.7178147770921747e-39,1.0,1,5.584490416185907e-35,0,At-Risk
13051,214,2,110.55,255,0.20641846178941048,0.5870532398254174,1.0886505487261642,0.7940052744588433,0.20599472554115672,0,604.7815749915236,2,Loyal Customers
13052,56,6,2704.23,290,0.0001310937081817535,0.0003572671321201405,0.000625414600334084,0.00021269777159156793,0.9997873022284084,1,1.576526519973124,0,At-Risk
13053,257,1,123.65,257,0.12378591406782347,0.35761065268166614,0.6777413131219712,0.8490103824290516,0.15098961757094842,0,554.0746457092035,2,Loyal Customers
13055,65,1,1076.08,65,0.46099265386719185,1.2110507232230185,2.0441198103572096,0.8490103824290516,0.15098961757094842,0,2748.8548971684922,1,Champions
13056,187,1,182.67,187,0.1688005060601413,0.48120871460947523,0.8959047571241548,0.8490103824290516,0.15098961757094842,0,761.7915940220381,2,Loyal Customers
13057,166,3,583.63,267,0.19652798515681846,0.5523778185169718,1.0078781486365709,0.5532889372531397,0.44671106274686034,0,808.0881771429829,2,Loyal Customers
13059,49,9,1973.0,254,1.668567670260482e-06,4.334700345307164e-06,7.142742684648089e-06,1.6479491216706916e-06,0.9999983520508783,1,0.013574473002260404,0,At-Risk
13063,116,1,188.4,116,0.267451206413625,0.7410456380677694,1.3306202399114757,0.8490103824290516,0.15098961757094842,0,1136.501216657981,2,Loyal Customers
13064,186,2,428.0,227,0.22843100951351183,0.6456267827699622,1.1874231299024043,0.784997805601284,0.21500219439871604,0,924.2369383812968,2,Loyal Customers
13065,9,5,1020.55,183,7.808045461116745e-07,2.057804341864094e-06,3.4573514765783425e-06,9.700904351767258e-07,0.9999990299095648,1,0.003763670796688221,0,At-Risk
13067,45,2,379.0,82,0.45450112637484796,1.1729845378265713,1.933173032195101,0.5967150098725055,0.4032849901274945,0,1441.7823281765834,1,Champions
13069,5,16,3722.93,179,3.317543651614725e-24,7.48688333338735e-24,1.0564810961803481e-23,1.4342543009307081e-24,1.0,1,3.74078030229504e-20,0,At-Risk
13070,95,3,517.05,368,0.01705482942283315,0.04876651074738599,0.0910582128437988,0.06554149807245252,0.9344585019275475,1,68.29135239924167,0,At-Risk
13071,248,1,108.22,248,0.12818076490945063,0.3698228997549173,0.6996429263724826,0.8490103824290516,0.15098961757094842,0,566.0629546313515,2,Loyal Customers
13073,47,2,383.93,73,0.5755601657278271,1.4621928953203298,2.368784846569067,0.6798098352917255,0.32019016470827455,0,1775.6174587593437,1,Champions
13074,147,4,744.84,359,0.040425988573985674,0.11428646888501139,0.21007124655791343,0.1168119614781824,0.8831880385218176,1,185.48785010458235,0,At-Risk
13076,93,1,135.4,93,0.32991372455530715,0.8982157785859017,1.5790489923652382,0.8490103824290516,0.15098961757094842,0,1303.2118963912133,1,Champions
13077,2,8,2282.68,364,4.24647558632945e-18,1.1584592312597833e-17,2.029461058443823e-17,6.551321244956382e-18,1.0,1,4.404464953710631e-14,0,At-Risk
13078,2,32,14659.2,374,5.931619994742384e-70,1.4191568848421976e-69,2.1211511073729756e-69,2.598078429327042e-70,1.0,1,2.9619360701332314e-65,0,At-Risk
13079,53,1,199.08,53,0.5556123728422472,1.4236968362259754,2.33982339789676,0.8490103824290516,0.15098961757094842,0,2016.3135769172707,1,Champions
13080,37,3,217.75,245,0.004717844691877412,0.01318746177687175,0.023888253447418257,0.01222619703983232,0.9877738029601677,1,12.402987801638979,0,At-Risk
13081,7,19,26697.52,367,2.5124185189309473e-32,6.360971518529159e-32,1.0145121906725363e-31,1.749057578829057e-32,1.0,1,2.535033468144266e-27,0,At-Risk
13082,60,12,1536.12,353,2.5814666967020995e-09,6.8017586535506946e-09,1.1394085820042692e-08,2.6540285326597232e-09,0.9999999973459714,1,1.7141440934388998e-05,0,At-Risk
13083,61,1,55.98,61,0.48873519626480666,1.2744929727439,2.1339896465010155,0.8490103824290516,0.15098961757094842,0,1669.7096961349716,1,Champions
13084,127,1,45.9,127,0.2452451118898639,0.6838287467888592,1.2375435693156622,0.8490103824290516,0.15098961757094842,0,959.7381223692007,2,Loyal Customers
13085,315,6,1973.1,374,0.3282931633694494,0.9131813929204045,1.6417303627306157,0.6790740591007811,0.3209259408992189,0,3104.420732611777,2,Loyal Customers
13086,18,1,434.53,18,1.38554773057497,2.9243146507784505,4.052993553670138,0.8490103824290516,0.15098961757094842,0,4037.8643970169487,1,Champions
13087,362,1,285.54,362,0.088418198097437,0.25815856504837054,0.4964573800708087,0.8490103824290516,0.15098961757094842,0,449.9402559523317,2,Loyal Customers
13088,53,1,216.76,53,0.5556123728422472,1.4236968362259754,2.33982339789676,0.8490103824290516,0.15098961757094842,0,2039.1380011794067,1,Champions
13089,4,109,45192.29,373,6.003583923434248e-209,1.2457720680213957e-208,1.6207975648123608e-208,8.493361489268916e-210,1.0,1,7.10338734931083e-204,3,Hibernating/Lost
13090,1,12,3477.31,130,1.5477164213288476e-23,3.404960980320138e-23,4.6990775576236376e-23,6.5656248839712135e-24,1.0,1,1.54664264796353e-19,0,At-Risk
13091,365,1,568.52,365,0.08770225789322296,0.2561235347066736,0.492692453694038,0.8490103824290516,0.15098961757094842,0,523.1841612401462,2,Loyal Customers
13092,50,7,1567.5,303,9.213684639169042e-06,2.4943500810090733e-05,4.328139952601038e-05,1.35199502035335e-05,0.9999864800497965,1,0.0666680377711856,0,At-Risk
13093,9,48,33772.77,371,3.751431754572104e-76,8.525219510468809e-76,1.2070492103509768e-75,1.1249433556388939e-76,1.0,1,3.911119637592343e-71,3,Hibernating/Lost
13094,4,2,305.37,25,0.20362322084879178,0.41850498546402315,0.5604900646573534,0.09752329799127751,0.9024767020087225,1,391.2319629783342,0,At-Risk
13096,30,1,45.0,30,0.9161179766487617,2.1471934053186486,3.2393842631163787,0.8490103824290516,0.15098961757094842,0,2521.6281812677084,1,Champions
13097,24,17,6589.12,374,3.184961581999818e-20,8.180119184664434e-20,1.3273297604753406e-19,2.5005103735464658e-20,1.0,1,8.222614143754665e-16,0,At-Risk
13101,134,3,555.21,317,0.07816374484260402,0.22185990662295224,0.4101437921783287,0.25982090501548183,0.7401790949845182,0,319.7487550999182,0,At-Risk
13102,1,14,4804.4800000000005,218,9.129866034159865e-31,2.1946330407541746e-30,3.3051803796941675e-30,5.2643593021643145e-31,1.0,1,1.4940601254255886e-26,0,At-Risk
13103,73,2,465.7000000000001,213,0.10402097139747421,0.29291744431738714,0.5361227444881419,0.33613607799213474,0.6638639220078653,0,431.51893742725815,0,At-Risk
13104,51,3,470.34,289,0.0065833844055905736,0.01859126021997174,0.034134969151609754,0.02000797490778715,0.9799920250922128,1,24.37783159442365,0,At-Risk
13105,72,1,19.44,72,0.4193384543962077,1.114024686789838,1.90385862712098,0.8490103824290516,0.15098961757094842,0,1450.5899710198937,1,Champions
13106,49,1,238.52,49,0.5964215799032441,1.51224424088893,2.4584475512021395,0.8490103824290516,0.15098961757094842,0,2172.6086434503477,1,Champions
13107,49,5,2941.09,309,0.00018753688627502768,0.0005194955256752595,0.0009291388310768965,0.0003822313576621724,0.9996177686423379,1,2.5101653126229997,0,At-Risk
13108,8,2,647.78,71,0.03695526517597023,0.09351250091962296,0.15085132930411946,0.04256677464965593,0.957433225350344,1,141.09731434394848,0,At-Risk
13109,187,1,332.58,187,0.1688005060601413,0.48120871460947523,0.8959047571241548,0.8490103824290516,0.15098961757094842,0,835.6863190193798,2,Loyal Customers
13110,73,5,1352.0,374,0.0004600928746280057,0.0012914344175207664,0.0023504776564924473,0.0011266571672507194,0.9988733428327493,1,3.2088630203907424,0,At-Risk
13111,354,1,317.47,354,0.09038578987170315,0.26374684909356944,0.5067844274545694,0.8490103824290516,0.15098961757094842,0,468.2047185682233,2,Loyal Customers
13112,177,1,20.6,177,0.17805029368728803,0.5062044710953901,0.9391008667666626,0.8490103824290516,0.15098961757094842,0,714.8338631915211,2,Loyal Customers
13113,2,14,5376.92,257,1.4025392164166805e-28,3.4732968991682216e-28,5.405057718459401e-28,9.360692342199403e-29,1.0,1,2.726295303719204e-24,0,At-Risk
13114,366,1,216.43,366,0.08746618074328065,0.2554523028732746,0.4914501394789375,0.8490103824290516,0.15098961757094842,0,426.7240564814465,2,Loyal Customers
13115,15,6,3095.8,235,1.7508243814372617e-07,4.6738149355304545e-07,7.971413257812899e-07,2.329491920083026e-07,0.999999767050808,1,0.002279164308124023,0,At-Risk
13117,1,12,1604.78,259,1.8328510104271815e-27,4.629627005031686e-27,7.373122220201308e-27,1.4171880319431788e-27,1.0,1,1.1567919435338148e-23,0,At-Risk
13118,12,4,1124.12,75,0.003959975002245502,0.009317666700008944,0.013856572398889362,0.002679939690645395,0.9973200603093546,1,16.593557417766505,0,At-Risk
13119,304,1,134.9,304,0.10498781463814588,0.30501332589915553,0.5825214931680577,0.8490103824290516,0.15098961757094842,0,479.75868999275053,2,Loyal Customers
13123,108,2,494.5,165,0.27170965727083085,0.7521846933056388,1.3468429582582937,0.6869929867654534,0.3130070132345466,0,1111.7990592604192,2,Loyal Customers
13124,21,1,858.99,21,1.2281487424271247,2.681486799703919,3.813684702852179,0.8490103824290516,0.15098961757094842,0,4693.059883542928,1,Champions
13125,159,1,141.18,159,0.19753417897650766,0.5584182265171135,1.0283613502598874,0.8490103824290516,0.15098961757094842,0,851.1395607891717,2,Loyal Customers
13126,2,7,1854.54,283,4.347250194743368e-15,1.169001099350805e-14,2.0112110026960345e-14,5.980948687486749e-15,0.999999999999994,1,3.6032606035614606e-11,0,At-Risk
13128,267,1,202.5,267,0.11924323645024239,0.344954087199194,0.6549611082514041,0.8490103824290516,0.15098961757094842,0,563.8338354261585,2,Loyal Customers
13129,88,2,194.97,165,0.229332035279827,0.6348690302537627,1.1367804881215626,0.5798450502657281,0.4201549497342719,0,699.3610475191815,2,Loyal Customers
13131,54,4,2114.97,304,0.0015381604137868188,0.004304438773235672,0.007805281726046858,0.0037851269671601547,0.9962148730328398,1,15.595108394746608,0,At-Risk
13133,95,1,80.15,95,0.3233468969284385,0.8819479007895198,1.553814615600033,0.8490103824290516,0.15098961757094842,0,1235.0340651191011,1,Champions
13134,38,2,549.35,52,0.8457719801067779,2.0360513842749666,3.1215705600762633,0.7389706318303707,0.2610293681696293,0,2707.0086911475305,1,Champions
13135,127,1,253.5,127,0.2452451118898639,0.6838287467888592,1.2375435693156622,0.8490103824290516,0.15098961757094842,0,1101.1772337817488,2,Loyal Customers
13136,11,8,3608.64,367,1.405371624807275e-12,3.836721086672233e-12,6.727755205876218e-12,2.1851344480760265e-12,0.9999999999978149,1,2.249295977084352e-08,0,At-Risk
13137,22,8,3933.83,138,2.9330682037433103e-06,7.007303001960751e-06,1.051732417720081e-05,1.8583578044996242e-06,0.9999981416421955,1,0.03833290049344769,0,At-Risk
13138,8,2,497.8,32,0.3637219774672848,0.7934076575912866,1.1134143822585443,0.2113885619285694,0.7886114380714306,0,927.3975218399047,0,At-Risk
13139,73,1,2653.17,73,0.4139946420335804,1.1014201672914525,1.885381779834209,0.8490103824290516,0.15098961757094842,0,4173.547523488998,1,Champions
13140,2,3,707.76,127,9.9348601752822e-06,2.6186391011914317e-05,4.41026913742045e-05,1.381984687132489e-05,0.9999861801531287,1,0.03965989816296224,0,At-Risk
13141,21,12,5051.04,366,4.78006922740122e-15,1.264853222887277e-14,2.1300788189660266e-14,5.083001677300441e-15,0.9999999999999949,1,1.0031048033157112e-10,0,At-Risk
13143,220,1,401.1,220,0.14409718375468955,0.41378589422077494,0.7778523970396838,0.8490103824290516,0.15098961757094842,0,754.7426227903212,2,Loyal Customers
13144,67,1,24.4,67,0.4482701437171995,1.1816438777248677,2.001973333236756,0.8490103824290516,0.15098961757094842,0,1531.1263017287545,1,Champions
13145,8,4,326.25,235,2.0491610305431545e-06,5.626230519181967e-06,9.952320163883737e-06,3.940569098145498e-06,0.9999960594309019,1,0.0054035338436292215,0,At-Risk
13148,25,14,4594.51,368,2.0660687976854909e-16,5.395527219761981e-16,8.937009707055017e-16,1.9134807801614693e-16,0.9999999999999998,1,3.8576286512684665e-12,0,At-Risk
13150,120,3,248.24,266,0.10798916610955123,0.30345291817224007,0.5535158193495374,0.3029251840206199,0.69707481597938,0,300.3849774985846,0,At-Risk
13151,261,2,1211.87,263,0.21429674137402982,0.6104020936235647,1.1342936438900484,0.8494195602667917,0.15058043973320834,0,1506.3839649037013,2,Loyal Customers
13152,53,7,2051.13,330,6.958440004661561e-06,1.8986995974366878e-05,3.3279808995974246e-05,1.1070986263737502e-05,0.9999889290137363,1,0.0653163816364599,0,At-Risk
13154,35,3,1521.34,371,0.0006852138121342055,0.001960028394311248,0.003661685308238923,0.002654184690328267,0.9973458153096717,1,5.585532875598378,0,At-Risk
13155,4,3,767.02,127,7.057264316642248e-05,0.00018601598775372282,0.00031328508364660343,9.816978846779874e-05,0.9999018302115322,1,0.2960928333526677,0,At-Risk
13156,21,3,1511.56,312,0.00027594605920970404,0.0007825824997747115,0.001445083582637088,0.0009032223230015666,0.9990967776769984,1,2.193950357862088,0,At-Risk
13157,45,5,3594.55,277,0.00023726165873838017,0.0006515911255243885,0.0011524052584521874,0.0004356226046604478,0.9995643773953395,1,3.7473251298791936,0,At-Risk
13158,24,1,307.12,24,1.1029021568127397,2.4760057164967324,3.60091939565437,0.8490103824290516,0.15098961757094842,0,3328.3771658449377,1,Champions
13161,136,1,342.93,136,0.2296449417794496,0.6431992435934523,1.1705635560817018,0.8490103824290516,0.15098961757094842,0,1099.077149983743,2,Loyal Customers
13162,16,12,6243.31,371,1.5347842230988028e-16,4.067554185951936e-16,6.863357061065901e-16,1.6528678969331822e-16,0.9999999999999999,1,3.978086123508768e-12,0,At-Risk
13163,246,1,17.65,246,0.129200115744668,0.3726508887534968,0.7047036836484107,0.8490103824290516,0.15098961757094842,0,535.0570431371041,2,Loyal Customers
13164,205,2,264.1,303,0.15443400428358586,0.44278329422483037,0.8301251180203202,0.7026165673235539,0.29738343267644607,0,550.4526347544379,2,Loyal Customers
13165,49,1,165.29999999999998,49,0.5964215799032441,1.51224424088893,2.4584475512021395,0.8490103824290516,0.15098961757094842,0,2073.265000104645,1,Champions
13166,50,1,405.5,50,0.5856671790483223,1.4890884698630558,2.4276739288246696,0.8490103824290516,0.15098961757094842,0,2368.968607634039,1,Champions
13167,26,1,323.47,26,1.032707500007532,2.3557168280528478,3.4717633488883806,0.8490103824290516,0.15098961757094842,0,3239.1941713591978,1,Champions
13168,178,1,528.67,178,0.1770799441602455,0.5035886108967981,0.9345945351515491,0.8490103824290516,0.15098961757094842,0,972.6724211556723,2,Loyal Customers
13169,198,1,122.3,198,0.1596757945409644,0.45641830606077577,0.85276120982931,0.8490103824290516,0.15098961757094842,0,696.7302180531341,2,Loyal Customers
13172,36,1,39.15,36,0.7834733096968532,1.8956728209940945,2.9438982191432057,0.8490103824290516,0.15098961757094842,0,2280.3352700877845,1,Champions
13173,3,10,2109.96,365,8.027142590203772e-21,2.1553570231310875e-20,3.6984006014944146e-20,1.0087821445630825e-20,1.0,1,7.48283117580088e-17,0,At-Risk
13174,5,9,6343.25,371,4.509946961903402e-17,1.2224743221503034e-16,2.1235533973641343e-16,6.348884190784214e-17,0.9999999999999999,1,1.232279929170891e-12,0,At-Risk
13175,218,2,738.15,371,0.11389908139030926,0.329191893429788,0.6239800141849878,0.6316398759172892,0.3683601240827108,0,621.0695023690407,2,Loyal Customers
13177,66,1,229.75,66,0.4545423694114992,1.196166328744852,2.0228263693129556,0.8490103824290516,0.15098961757094842,0,1776.1722907668475,1,Champions
13178,33,10,8209.13,359,1.3612482533514016e-10,3.648770445497264e-10,6.247304826996362e-10,1.6842239614601882e-10,0.9999999998315776,1,4.6963248722378645e-06,0,At-Risk
13179,254,1,572.3100000000001,254,0.12521699135466371,0.36159077404911616,0.6848878046213027,0.8490103824290516,0.15098961757094842,0,728.9302758848405,2,Loyal Customers
13180,243,1,85.2,243,0.13075990841209623,0.3769749221457749,0.71243367860757,0.8490103824290516,0.15098961757094842,0,567.4032615058169,2,Loyal Customers
13181,17,1,359.69,17,1.447398694507076,3.015370542041162,4.139504380568189,0.8490103824290516,0.15098961757094842,0,3953.507291726893,1,Champions
13183,30,6,1903.51,271,4.437873666752482e-06,1.201894800243873e-05,2.087258038272618e-05,6.7527368824578725e-06,0.9999932472631176,1,0.038249662872186646,0,At-Risk
13187,260,3,111.99,260,0.3112680065659534,0.873425867555379,1.5901834856839117,0.8541495009411079,0.14585049905889214,0,695.6237832269298,2,Loyal Customers
13190,180,3,369.42,368,0.09394107542728149,0.2686147337429362,0.5015650540356883,0.3610143884405077,0.6389856115594923,0,318.9880165274528,2,Loyal Customers
13191,294,1,158.21,294,0.10849328941889216,0.31486647048149174,0.6004702522331918,0.8490103824290516,0.15098961757094842,0,502.25294688589133,2,Loyal Customers
13192,171,4,1578.96,322,0.11004903424229702,0.3091045143092981,0.5632572301956645,0.2862504897089255,0.7137495102910745,0,879.6605813968131,2,Loyal Customers
13194,57,1,311.76,57,0.5200317855065604,1.3449622991646004,2.2321551593052966,0.8490103824290516,0.15098961757094842,0,2061.8210362943482,1,Champions
13195,50,1,169.93,50,0.5856671790483223,1.4890884698630558,2.4276739288246696,0.8490103824290516,0.15098961757094842,0,2053.3739339747526,1,Champions
13196,79,3,1194.21,253,0.043327037350546764,0.1213647813683639,0.22045339206021594,0.11580775354778648,0.8841922464522135,1,280.7624657611026,0,At-Risk
13197,245,1,308.11,245,0.12971589531409075,0.37408116722258455,0.7072616322587344,0.8490103824290516,0.15098961757094842,0,649.9938911246575,2,Loyal Customers
13198,23,2,1469.44,70,0.2808481691957583,0.7092076877947254,1.141573690158158,0.3193821191894415,0.6806178808105585,0,1727.916782748028,1,Champions
13199,2,30,3352.83,370,1.792285572472284e-65,4.312525112809382e-65,6.486464814264718e-65,8.251369086596953e-66,1.0,1,2.0900475545648655e-61,0,At-Risk
13201,138,4,1186.68,278,0.1024677423529993,0.28499624618570407,0.5126334291805191,0.23138842306960716,0.7686115769303928,0,637.1746109582302,0,At-Risk
13202,30,7,1454.75,366,4.9501161125949295e-08,1.3626362543987797e-07,2.4158115321731374e-07,8.691812003374077e-08,0.99999991308188,1,0.00034814169785467287,0,At-Risk
13203,22,6,1730.61,358,8.775372628329503e-08,2.433171241818974e-07,4.3559619606004635e-07,1.7406292463891942e-07,0.9999998259370754,1,0.0007329754032511774,0,At-Risk
13204,367,1,911.96,367,0.08723137113978932,0.25478458036697815,0.490214076228868,0.8490103824290516,0.15098961757094842,0,613.1192320417908,2,Loyal Customers
13205,79,1,202.5,79,0.38458922506009746,1.0314082435707084,1.781656236511831,0.8490103824290516,0.15098961757094842,0,1536.8895445450542,1,Champions
13206,36,13,7681.05,368,3.241297658571219e-13,8.522162074516672e-13,1.4236152686527843e-12,3.215855637473386e-13,0.9999999999996784,1,1.015512150630183e-08,0,At-Risk
13207,87,2,285.6,248,0.0928745676615854,0.2637572813313472,0.4881875665616441,0.34772742692594566,0.6522725730740544,0,331.16475306524876,0,At-Risk
13208,85,3,702.9,372,0.011584978728282555,0.033142473750100244,0.06192650735360356,0.0449924462999272,0.9550075537000728,1,55.32899281363135,0,At-Risk
13209,150,5,1862.15,320,0.048076569999837886,0.13352212450567355,0.23962218274003255,0.10132852903574083,0.8986714709642591,1,429.98838177559634,0,At-Risk
13211,17,7,1188.56,369,8.044942494264982e-10,2.216022174951415e-09,3.932167790739124e-09,1.4236489114391675e-09,0.9999999985763511,1,4.752045371350085e-06,0,At-Risk
13213,19,6,1984.29,204,2.056943414033714e-06,5.40317311816908e-06,9.035582712764364e-06,2.3983545703475117e-06,0.9999976016454296,1,0.01720063013844128,0,At-Risk
13214,53,7,3174.28,282,2.529469196440594e-05,6.799443935501053e-05,0.0001169282368243527,3.468463266984197e-05,0.9999653153673301,1,0.3444046393844465,0,At-Risk
13215,38,1,22.95,38,0.7474063005016703,1.8244684065273973,2.857057746874633,0.8490103824290516,0.15098961757094842,0,2187.023095627242,1,Champions
13217,291,1,14.31,291,0.10959104218180206,0.31794777954838876,0.6060726709789009,0.8490103824290516,0.15098961757094842,0,458.98181351847927,2,Loyal Customers
13219,254,1,76.23,254,0.12521699135466371,0.36159077404911616,0.6848878046213027,0.8490103824290516,0.15098961757094842,0,542.0610316944072,2,Loyal Customers
13220,211,1,502.85,211,0.1500875500734796,0.43022533395064605,0.8068457596472755,0.8490103824290516,0.15098961757094842,0,828.075561728623,2,Loyal Customers
13222,213,1,79.65,213,0.14871370817483867,0.42646020226228365,0.8002174068456186,0.8490103824290516,0.15098961757094842,0,634.9673899485811,2,Loyal Customers
13223,59,4,298.23,301,0.002354231140972446,0.00658383554786957,0.0119281785239551,0.005738274857299104,0.994261725142701,1,6.201004591596182,0,At-Risk
13225,57,9,6311.72,358,2.026408950000371e-07,5.473953190254704e-07,9.466980218706401e-07,2.7580677323602465e-07,0.9999997241932268,1,0.005467478425650009,0,At-Risk
13226,29,1,204.25,29,0.9427232635514526,2.195773242217596,3.294510429580775,0.8490103824290516,0.15098961757094842,0,2855.0733093139384,1,Champions
13230,1,17,3180.37,266,8.874451628366105e-39,2.1565263691810005e-38,3.283870744441802e-38,5.122132262292512e-39,1.0,1,9.961354064329379e-35,0,At-Risk
13233,56,2,514.15,330,0.018860219942843735,0.05426778833345182,0.10223610962329732,0.09326544094772583,0.9067345590522742,1,85.71259882195338,0,At-Risk
13234,308,2,345.8,368,0.14413147026402087,0.4164475858275407,0.7890525510280609,0.7929636684136895,0.20703633158631052,0,568.3055021490645,2,Loyal Customers
13237,23,1,634.1,23,1.1417088417099113,2.5408958453433734,3.669162588845515,0.8490103824290516,0.15098961757094842,0,4056.362698698196,1,Champions
13238,66,2,303.0,226,0.07614570939296574,0.21516107088862904,0.39558970296086315,0.26055767572836797,0.739442324271632,0,273.2175611029632,0,At-Risk
13239,73,4,1161.49,138,0.2435456661122577,0.63259089437422,1.0457467512385332,0.2842608855736599,0.7157391144263401,0,1280.8126919107854,0,At-Risk
13240,1,5,1062.18,288,2.3035325626404037e-12,6.346267500223593e-12,1.1270118062507689e-11,4.389430578065392e-12,0.9999999999956106,1,1.2647789395855679e-08,0,At-Risk
13241,47,1,114.58,47,0.6191609788056118,1.5607906492381476,2.522405309124176,0.8490103824290516,0.15098961757094842,0,2056.8947620971576,1,Champions
13242,87,4,429.0,304,0.011382011755106758,0.03185179665070742,0.05775718030544638,0.02800901599640272,0.9719909840035973,1,36.17052275771398,0,At-Risk
13243,85,4,641.07,267,0.02000099066163897,0.05546640458291703,0.09938830602882819,0.04345059259939458,0.9565494074006055,1,79.4116889279866,0,At-Risk
13245,68,1,552.02,68,0.44216870259997293,1.1674703104561752,1.9815471503690194,0.8490103824290516,0.15098961757094842,0,2091.847258035415,1,Champions
13246,29,5,1354.3,161,0.0006955752696355985,0.0018043363853101207,0.0029749052886099557,0.0007675955493366628,0.9992324044506633,1,4.076138202642459,0,At-Risk
13249,37,6,418.71,320,4.902773567720358e-06,1.3475013681480921e-05,2.384760814915791e-05,8.735603893480222e-06,0.9999912643961065,1,0.013241240004663934,0,At-Risk
13250,96,2,256.04,138,0.33567907534544517,0.916032089174599,1.6111361714463575,0.7159951061878775,0.28400489381212246,0,1060.6790601645196,1,Champions
13251,38,1,252.68,38,0.7474063005016703,1.8244684065273973,2.857057746874633,0.8490103824290516,0.15098961757094842,0,2549.595097757016,1,Champions
13252,30,2,333.25,261,0.010479555894044036,0.02983864688943057,0.05542027006843588,0.04123140015210738,0.9587685998478926,1,39.44432816373411,0,At-Risk
13253,66,2,1508.52,339,0.024227088195075058,0.06978459781109889,0.13166073564909364,0.12299873150857647,0.8770012684914236,1,202.1837359768398,0,At-Risk
13254,12,1,51.41,12,1.8636235669201655,3.571647596249409,4.632576817824151,0.8490103824290516,0.15098961757094842,0,3639.4249743850282,1,Champions
13255,9,2,334.35,148,0.004713130790314385,0.012937433311305042,0.022920547723365055,0.01074325256182558,0.9892567474381744,1,16.347483055260703,0,At-Risk
13257,72,1,111.95,72,0.4193384543962077,1.114024686789838,1.90385862712098,0.8490103824290516,0.15098961757094842,0,1547.676278883791,1,Champions
13258,15,2,311.1,36,0.7011523457188054,1.5701363678908191,2.2527209469321234,0.4484955196249727,0.5515044803750273,0,1578.252474717854,1,Champions
13259,33,8,1061.41,334,2.3979865000548305e-08,6.489889399840607e-08,1.1253557112006498e-07,3.4099218342551244e-08,0.9999999659007817,1,0.00012266599337156718,0,At-Risk
13262,25,2,342.01,236,0.009721203782914892,0.027534767237170372,0.050785654582548176,0.034688125950036286,0.9653118740499638,1,36.46312725888869,0,At-Risk
13263,29,4,1200.07,49,0.8303207250246001,1.774975782968019,2.419527084466583,0.39429685170663953,0.6057031482933605,0,3055.338162217612,1,Champions
13264,78,1,702.0600000000001,78,0.38919651251499493,1.042451465674529,1.798141754039982,0.8490103824290516,0.15098961757094842,0,2046.216712677957,1,Champions
13266,49,7,2023.15,358,2.0230894079343345e-06,5.558955968034723e-06,9.832181873839836e-06,3.478181586173612e-06,0.9999965218184138,1,0.019052836569573458,0,At-Risk
13267,2,18,4995.7,368,1.5675981598510928e-39,3.9932537425332214e-39,6.415774872811841e-39,1.1501100003027789e-39,1.0,1,3.0301577333618677e-35,0,At-Risk
13269,5,14,3086.36,373,4.603690924972434e-26,1.2043081335818733e-25,1.9989681632452949e-25,4.317371846296883e-26,1.0,1,5.854646592856954e-22,0,At-Risk
13270,2,1,79.65,2,4.401931235516357,5.625224617031011,6.014179430559708,0.8490103824290516,0.15098961757094842,0,4861.3422771581745,1,Champions
13274,45,1,333.85,45,0.6437039131747054,1.6125650053888003,2.5897928023576973,0.8490103824290516,0.15098961757094842,0,2425.6643351719367,1,Champions
13275,19,2,234.21,268,0.00356337314925123,0.010159259045420362,0.018902031522028694,0.014385292442952445,0.9856147075570476,1,12.13954173825531,0,At-Risk
13276,33,3,1276.88,278,0.0019209829269590925,0.005412496865268694,0.009907792937928914,0.005623178444200448,0.9943768215557995,1,13.248873377818596,0,At-Risk
13277,16,3,252.3,175,0.0013315883923444623,0.0036264457275501268,0.006354221799222954,0.002502465120619767,0.9974975348793802,1,3.471306108228091,0,At-Risk
13278,35,3,819.95,246,0.0038823205608945585,0.010854918079683272,0.019669966092999685,0.010100453863789957,0.98989954613621,1,19.3645803994794,0,At-Risk
13280,15,4,1323.02,280,1.0852076816346367e-05,3.019855980399705e-05,5.435555413730019e-05,2.4674880681528237e-05,0.9999753251193185,1,0.07359062615150687,0,At-Risk
13281,75,1,350.22,75,0.40370553174969354,1.0770488802538634,1.849486454620918,0.8490103824290516,0.15098961757094842,0,1746.2003723897465,1,Champions
13282,42,1,181.05,42,0.6843992514661552,1.697021765679058,2.6979342514864806,0.8490103824290516,0.15098961757094842,0,2299.9561404196925,1,Champions
13283,203,2,273.40000000000003,276,0.1783028229070748,0.5090619269232693,0.9489418207675563,0.7406986359946552,0.25930136400534476,0,635.504174996159,2,Loyal Customers
13285,236,2,618.07,260,0.20960771306116063,0.5967061369086752,1.1079977786379154,0.8216232425472182,0.1783767574527818,0,1009.9696920502992,2,Loyal Customers
13286,236,1,660.86,236,0.1345501359509709,0.3874655056889214,0.7311475554313311,0.8490103824290516,0.15098961757094842,0,813.8364673311361,2,Loyal Customers
13287,239,3,766.39,340,0.18240307146350054,0.5195925912924386,0.9652155966606074,0.6490055117341831,0.3509944882658169,0,909.810447290674,2,Loyal Customers
13288,79,5,457.26,302,0.0026273057986360747,0.0072652385159804765,0.012964655205289716,0.0052387183475509505,0.994761281652449,1,7.954611498773959,0,At-Risk
13289,359,1,280.35,359,0.08914592350164455,0.2602261958089932,0.5002803063488692,0.8490103824290516,0.15098961757094842,0,451.9801459812877,2,Loyal Customers
13291,50,10,2792.14,302,6.441725285382652e-08,1.6932978940795258e-07,2.82955328783799e-07,6.78005139604782e-08,0.999999932199486,1,0.0007468137577932812,0,At-Risk
13292,51,3,386.27,162,0.0682777818103905,0.18463163362367463,0.3206753168623636,0.11928541412455305,0.8807145858754469,1,208.44228462779392,0,At-Risk
13293,28,6,1145.69,304,1.264488553549108e-06,3.460399714010766e-06,6.089959986548058e-06,2.1456047205965e-06,0.9999978543952794,1,0.007188540630342989,0,At-Risk
13294,282,1,759.09,282,0.11302176210684446,0.32756454756638415,0.6235255306747763,0.8490103824290516,0.15098961757094842,0,727.6030951248712,2,Loyal Customers
13295,12,3,890.92,212,0.0002382759528742982,0.0006592291397087492,0.0011783599900784664,0.0005374863852098708,0.9994625136147901,1,1.2250392845613192,0,At-Risk
13296,59,5,684.78,213,0.004971986639551597,0.013325293782910162,0.02285127354541608,0.007119135447566168,0.9928808645524339,1,18.407889042859416,0,At-Risk
13297,21,3,1557.01,178,0.002948799430750848,0.008042835681231767,0.014119052525608694,0.005631699112815124,0.9943683008871849,1,21.955335813423872,0,At-Risk
13299,59,2,980.7,164,0.14385566639529274,0.39806082480322064,0.7123492322387351,0.3616189812681838,0.6383810187318162,0,831.1814898262967,0,At-Risk
13300,24,2,821.32,210,0.012864239333799963,0.03619419920399459,0.06617208119940857,0.04100459362281423,0.9589954063771857,1,69.77480243871969,0,At-Risk
13302,162,1,52.5,162,0.19399602950669112,0.5489802985941657,1.012323361013848,0.8490103824290516,0.15098961757094842,0,788.4390462350577,2,Loyal Customers
13303,36,1,59.27,36,0.7834733096968532,1.8956728209940945,2.9438982191432057,0.8490103824290516,0.15098961757094842,0,2313.0619638666403,1,Champions
13304,91,3,857.07,305,0.03162585793547999,0.08958069275768604,0.16514309924637918,0.10126473123565388,0.8987352687643462,1,167.2543265408128,0,At-Risk
13305,8,7,1630.13,275,4.582672750210752e-11,1.228681801629085e-10,2.1060792409548575e-10,6.13698625215712e-11,0.9999999999386301,1,3.360302199715348e-07,0,At-Risk
13306,66,1,53.65,66,0.4545423694114992,1.196166328744852,2.0228263693129556,0.8490103824290516,0.15098961757094842,0,1579.7646439856762,1,Champions
13307,123,2,240.19,228,0.16974227690977414,0.4798702474484781,0.882854965563093,0.5858014844772295,0.41419851552277054,0,570.8378477378449,2,Loyal Customers
13308,232,1,278.36,232,0.13681629772038098,0.39372655691857816,0.7422896126492885,0.8490103824290516,0.15098961757094842,0,670.0784756279361,2,Loyal Customers
13309,28,1,249.58,28,0.9709216968192537,2.246610201014164,3.3515477052348936,0.8490103824290516,0.15098961757094842,0,2988.992737239189,1,Champions
13310,16,2,407.37,38,0.6783503986103889,1.5367294968722314,2.2270769567380935,0.45374887126144486,0.5462511287385552,0,1711.138978727829,1,Champions
13312,87,1,124.75,87,0.3513186791128613,0.9508348977291979,1.6599346554790424,0.8490103824290516,0.15098961757094842,0,1360.4411626452597,1,Champions
13313,115,7,1851.26,373,0.0006892901997712622,0.0019003282754351744,0.0033758107065419286,0.001232408805938424,0.9987675911940616,1,6.0340793574325104,0,At-Risk
13315,325,1,307.65000000000003,325,0.098316821354806,0.2862054004978811,0.5481166359514865,0.8490103824290516,0.15098961757094842,0,503.464625226032,2,Loyal Customers
13316,28,6,2889.85,275,2.6065191286051283e-06,7.068936412931076e-06,1.229779583458535e-05,4.02147035449753e-06,0.9999959785296455,1,0.032967472352822144,0,At-Risk
13317,21,13,3891.74,362,3.580734470476279e-16,9.39569539592494e-16,1.5656474966835593e-15,3.4987427639600777e-16,0.9999999999999997,1,5.73312427597641e-12,0,At-Risk
13319,1,34,10457.98,369,6.225498707041505e-82,1.4745117776392167e-81,2.179898596728739e-81,2.5489714884287717e-82,1.0,1,2.1771996074884197e-77,0,At-Risk
13320,70,2,679.4,114,0.36791180589695804,0.9861996190241595,1.6974836350309839,0.6554329344755202,0.3445670655244798,0,1623.0075354851697,1,Champions
13324,64,8,1992.07,199,0.0006371370639467213,0.0016200033849106163,0.002603853026997795,0.0005598791692287776,0.9994401208307713,1,4.991571113931666,0,At-Risk
13326,68,1,271.26,68,0.44216870259997293,1.1674703104561752,1.9815471503690194,0.8490103824290516,0.15098961757094842,0,1785.1265562496078,1,Champions
13327,1,13,6015.150000000001,357,1.178559745406371e-31,3.087161992907056e-31,5.133381567261292e-31,1.1367937486448696e-31,1.0,1,2.8786253863066995e-27,0,At-Risk
13329,2,7,2858.82,371,4.701925897171351e-16,1.2957331724315774e-15,2.3004904809571e-15,8.363688640228937e-16,0.9999999999999991,1,6.137105789577684e-12,0,At-Risk
13330,91,3,1535.2,290,0.03846584596370363,0.10864780757010382,0.19953838296772014,0.11729533810120357,0.8827046618987964,1,306.6206401466063,0,At-Risk
13331,37,1,176.7,37,0.7650146626461872,1.8593872357234449,2.899825922316683,0.8490103824290516,0.15098961757094842,0,2466.3111519407234,1,Champions
13333,47,3,960.51,294,0.004721782588214443,0.013347205604212497,0.024538499639878687,0.014590480670120047,0.98540951932988,1,26.81413916917141,0,At-Risk
13334,172,2,2646.83,288,0.1478780576694096,0.423031511825967,0.7906743081586622,0.6403004324545409,0.35969956754545906,0,1845.6848217600163,2,Loyal Customers
13337,182,1,1433.32,182,0.17330205894076497,0.49339012545858735,0.9169939284293535,0.8490103824290516,0.15098961757094842,0,1410.765889085928,2,Loyal Customers
13338,177,3,1680.8,339,0.11601324978312129,0.33042651655524613,0.6136916237359045,0.4116044851565699,0.5883955148434301,0,1011.8072829179787,2,Loyal Customers
13340,53,5,4898.26,291,0.00041058787467063233,0.0011321098117232271,0.002012628964026749,0.0007901641843410068,0.999209835815659,1,8.749912191200812,0,At-Risk
13346,98,6,250.65,232,0.020903887684558014,0.05572543766370385,0.09487945458540958,0.0274799922881387,0.9725200077118613,1,39.00637366224769,0,At-Risk
13357,130,4,3037.84,263,0.10659696578560048,0.2952809671988987,0.5283309342222716,0.2282502654121643,0.7717497345878357,0,1452.7479839011944,0,At-Risk
13359,39,1,545.7,39,0.7305907616749147,1.7908403864026374,2.815536723406649,0.8490103824290516,0.15098961757094842,0,2967.9790255209864,1,Champions
13360,67,4,1415.08,336,0.002270306740641344,0.006393493480389066,0.011691064641777094,0.006153085901053458,0.9938469140989465,1,16.698439353605938,0,At-Risk
13361,108,2,1416.75,253,0.11893079718353018,0.3381030603267001,0.6266535757663056,0.4539930383956433,0.5460069616043567,0,922.3284580351421,0,At-Risk
13362,14,3,2243.03,61,0.06738980936911046,0.15872174854114582,0.23706443733956445,0.048528717758744566,0.9514712822412554,1,496.33478344667753,0,At-Risk
13363,45,1,719.56,45,0.6437039131747054,1.6125650053888003,2.5897928023576973,0.8490103824290516,0.15098961757094842,0,2977.114068761539,1,Champions
13367,67,1,416.1,67,0.4482701437171995,1.1816438777248677,2.001973333236756,0.8490103824290516,0.15098961757094842,0,1963.4744168585053,1,Champions
13368,50,2,448.1,59,0.8174622116172314,2.0105743876914177,3.1489810863027894,0.7979874802884266,0.2020125197115734,0,2504.739992821819,1,Champions
13369,1,1,247.13,1,5.088747360963606,5.942684714978904,6.174588147746671,0.8490103824290516,0.15098961757094842,0,5580.868625257726,1,Champions
13370,7,1,717.58,7,2.6176613686920605,4.378387745769531,5.2507565053184635,0.8490103824290516,0.15098961757094842,0,6086.457379739002,1,Champions
13371,141,2,2020.36,268,0.14164094495565427,0.40382160132316974,0.7513391088228546,0.5718027076427191,0.4281972923572809,0,1423.8691567732503,2,Loyal Customers
13373,51,3,3859.22,369,0.002360552415341155,0.0067505975263534145,0.012607058272749818,0.009095592689921895,0.9909044073100781,1,41.988407778560386,0,At-Risk
13374,50,2,364.8,85,0.46702755586615546,1.2108794216353744,2.00586239464257,0.633676074466511,0.366323925533489,0,1475.7813948361666,1,Champions
13375,80,1,706.95,80,0.38008976190222116,1.0205967970533638,1.7654710474525415,0.8490103824290516,0.15098961757094842,0,2013.6662311908815,1,Champions
13377,32,2,1346.05,281,0.00954109496245109,0.027263149019031135,0.050878875447948384,0.04033397372797186,0.9596660262720281,1,72.35139840774181,0,At-Risk
13380,68,1,62.4,68,0.44216870259997293,1.1674703104561752,1.9815471503690194,0.8490103824290516,0.15098961757094842,0,1556.9541464512624,1,Champions
13381,15,6,4140.71,374,6.123951149217155e-09,1.703440358983438e-08,3.0624690561206045e-08,1.26673864358053e-08,0.9999999873326135,1,0.00011496064378351667,0,At-Risk
13382,64,4,1158.69,367,0.0011802957637933231,0.003340891171493081,0.006151183968001989,0.003484098641479891,0.9965159013585201,1,7.501736243504495,0,At-Risk
13383,179,1,28.62,179,0.17612011425697902,0.5009996551138697,0.930131285095562,0.8490103824290516,0.15098961757094842,0,712.0999280465563,2,Loyal Customers
13384,26,4,2175.86,136,0.004627662563803288,0.011997353477727481,0.019789665926597363,0.005329206845382736,0.9946707931546173,1,40.607226958673486,0,At-Risk
13386,50,2,726.86,73,0.600607560323076,1.5258250307672725,2.471870314077461,0.709393997310219,0.290606002689781,0,2449.3420428687286,1,Champions
13387,53,1,181.44,53,0.5556123728422472,1.4236968362259754,2.33982339789676,0.8490103824290516,0.15098961757094842,0,1993.5407916240533,1,Champions
13388,239,1,459.95,239,0.13289917675823593,0.38289887700010616,0.7230082082933794,0.8490103824290516,0.15098961757094842,0,724.8671129693527,2,Loyal Customers
13392,313,1,91.14,313,0.10202109779997778,0.29665836192564415,0.5672613418261605,0.8490103824290516,0.15098961757094842,0,453.528624371315,2,Loyal Customers
13393,219,4,1095.29,368,0.13329146226839272,0.3773457011807352,0.6949032752898476,0.394500217365508,0.605499782634492,0,811.6378500559263,2,Loyal Customers
13394,15,11,3940.72,374,1.4043291683247628e-15,3.7520886695875275e-15,6.396821453047494e-15,1.6523941536530822e-15,0.9999999999999983,1,2.357404721423425e-11,0,At-Risk
13395,36,2,731.73,57,0.708408514857302,1.7324697251711696,2.697890951509969,0.6707936489134102,0.3292063510865898,0,2685.206516806879,1,Champions
13397,73,5,1327.91,324,0.0011237487994901947,0.003123777267835971,0.005612653572062456,0.0023968613218795804,0.9976031386781204,1,7.550837443919168,0,At-Risk
13398,84,1,203.6,84,0.36309782352951797,0.9795285793482343,1.703574899712572,0.8490103824290516,0.15098961757094842,0,1470.3420087823356,1,Champions
13399,100,3,264.9,155,0.3481597644338918,0.9374518380570463,1.6196902121722756,0.5834644690085825,0.4165355309914175,0,900.8980661381516,2,Loyal Customers
13400,218,1,308.13,218,0.14538668109111177,0.41732957748877864,0.7841137188833538,0.8490103824290516,0.15098961757094842,0,720.724441196142,2,Loyal Customers
13402,8,3,893.8100000000001,200,8.555779593076592e-05,0.00023564266048511416,0.00041878167909573344,0.00018254992153639852,0.9998174500784636,1,0.4363615312033673,0,At-Risk
13403,23,2,144.0,359,0.0021168614406431915,0.006110820282904441,0.011563807829826507,0.011367222148017633,0.9886327778519823,1,6.6926182487757035,0,At-Risk
13405,117,3,502.14,360,0.03441194136016697,0.09829670089755188,0.1832862908626482,0.12944348996005825,0.8705565100399417,1,135.35392699221913,0,At-Risk
13406,63,2,400.38,267,0.044362657521190584,0.1264559799952706,0.23522305103619026,0.17844172262958188,0.8215582773704181,1,178.48645133539358,0,At-Risk
13407,214,3,2059.22,297,0.21382257998683288,0.6047644387858802,1.112694254829585,0.6672464104111429,0.33275358958885715,0,2160.1034423368446,2,Loyal Customers
13408,7,46,15162.16,371,8.980416009554242e-78,2.0515312255930304e-77,2.9201169147303244e-77,2.8000838435830157e-78,1.0,1,4.2490777022340714e-73,0,At-Risk
13410,29,4,678.66,367,4.157068065850587e-05,0.00011766806614522401,0.0002166481590882909,0.00012271191378524385,0.9998772880862148,1,0.17962640465186674,0,At-Risk
13412,256,1,446.65,256,0.12425929131162847,0.35892758682002746,0.6801068391345588,0.8490103824290516,0.15098961757094842,0,676.8318475221558,2,Loyal Customers
13413,275,6,247.42,323,0.38587615145853915,1.0613719572561853,1.880247304562587,0.6936882138531473,0.3063117861468527,0,767.0896725173005,2,Loyal Customers
13414,99,3,658.74,239,0.09788021326303772,0.27314140157981237,0.493700684156202,0.24767932916353125,0.7523206708364687,0,424.5666612672057,0,At-Risk
13415,108,4,721.77,364,0.011074503897355575,0.03133263449954565,0.0576534048060372,0.03243169758979491,0.9675683024102051,1,49.82358644864046,0,At-Risk
13416,372,1,228.3,372,0.08607598374816994,0.2514976568564044,0.48412589324400473,0.8490103824290516,0.15098961757094842,0,423.51909270525124,2,Loyal Customers
13417,183,4,1026.86,305,0.16326720425272026,0.45699104522998135,0.8289033668247091,0.4030428499884002,0.5969571500115998,0,922.309199097898,2,Loyal Customers
13418,8,15,5309.4400000000005,364,8.841458651888133e-25,2.290548383023493e-24,3.756681666223106e-24,7.603489502611961e-25,1.0,1,1.8732561974633866e-20,0,At-Risk
13421,42,6,2122.87,299,1.757436652149722e-05,4.8024875559756024e-05,8.436256402823738e-05,2.9353929848591342e-05,0.9999706460701514,1,0.17047011259189046,0,At-Risk
13423,64,1,214.58,64,0.46762869042445254,1.2263107817086956,2.065867788512742,0.8490103824290516,0.15098961757094842,0,1796.846869453548,1,Champions
13424,85,1,570.77,85,0.35908463500013854,0.9697733205794845,1.6887747728990403,0.8490103824290516,0.15098961757094842,0,1799.1812094481666,1,Champions
13425,144,2,1684.49,215,0.2140452485304654,0.6030743236690848,1.1046007767384554,0.6979413894887955,0.30205861051120453,0,1833.7075070447245,1,Champions
13426,18,12,4127.13,366,7.513475845650454e-16,1.9881394361360375e-15,3.348130538338237e-15,7.989635402531782e-16,0.9999999999999992,1,1.29465167127816e-11,0,At-Risk
13427,113,3,406.98,358,0.03182889190509767,0.0908944099713751,0.16942314644870596,0.11907939971783708,0.8809206002821629,1,112.66820650019571,0,At-Risk
13428,150,2,281.51,150,0.36887274715616225,1.0136501135521188,1.7982645150904344,0.85162442782021,0.14837557217979003,0,1215.8083216564735,2,Loyal Customers
13431,42,6,1774.09,295,1.9368210673533152e-05,5.286423723351686e-05,9.272243407318945e-05,3.1938809030194235e-05,0.9999680611909698,1,0.1595603129283135,0,At-Risk
13432,207,2,429.2,248,0.21153202385874995,0.6007361641865128,1.1119007773338578,0.7919873892372877,0.20801261076271227,0,866.27417862935,2,Loyal Customers
13433,137,4,600.42,332,0.044911711939621624,0.12638584148697876,0.2308836991868022,0.12032140146996842,0.8796785985300316,1,176.76551966284194,0,At-Risk
13434,21,3,904.74,291,0.00037070367494768775,0.0010472685737500209,0.0019238785013694587,0.0011341723722878003,0.9988658276277123,1,2.019455190303716,0,At-Risk
13435,12,2,571.4300000000001,136,0.011437009434822508,0.03117075690761897,0.05473836239257339,0.024059857926021853,0.9759401420739782,1,48.16246812608058,0,At-Risk
13438,183,1,46.5,183,0.1723826420468673,0.49090473976640064,0.9126969660335388,0.8490103824290516,0.15098961757094842,0,707.7104454979307,2,Loyal Customers
13439,24,2,649.21,162,0.028801300289499294,0.07962215138098379,0.1423218891134433,0.071555987549227,0.928444012450773,1,132.94695624099364,0,At-Risk
13440,59,7,1271.85,87,0.5756473295735052,1.2722079435824314,1.7717691558220285,0.27605663147048815,0.7239433685295118,0,2284.0939230416566,1,Champions
13441,67,1,400.22,67,0.4482701437171995,1.1816438777248677,2.001973333236756,0.8490103824290516,0.15098961757094842,0,1945.946492252275,1,Champions
13442,303,3,321.74,374,0.19115279477434963,0.5469861886622364,1.0223814778980946,0.7462679010090132,0.2537320989909868,0,612.5677108560632,2,Loyal Customers
13443,84,6,1078.55,313,0.0009456520734328837,0.002594299765404677,0.004580367602878569,0.0016497856293725785,0.9983502143706274,1,5.141846028270047,0,At-Risk
13444,10,2,627.05,142,0.00674366177573821,0.01844771568572548,0.03254398287522655,0.01477911813737999,0.98522088186262,1,29.902595140272986,0,At-Risk
13445,262,1,210.93,262,0.12147211881643924,0.35116835005302677,0.6661564179127905,0.8490103824290516,0.15098961757094842,0,576.5706695078535,2,Loyal Customers
13446,66,11,3453.76,299,3.011828444403874e-07,7.836227693689272e-07,1.2928668233937369e-06,2.876732436739346e-07,0.9999997123267563,1,0.004196954422793159,0,At-Risk
13448,9,8,5037.84,369,2.7254243792111284e-13,7.444092802600693e-13,1.3061463196947192e-12,4.2595562920561e-13,0.999999999999574,1,6.0182946814693065e-09,0,At-Risk
13450,10,7,1431.02,239,6.802501994783736e-10,1.7958106592414087e-09,3.019728096896035e-09,7.98859811559471e-10,0.9999999992011402,1,4.2942337329411665e-06,0,At-Risk
13451,17,6,4178.39,264,1.6258207528044718e-07,4.392083649283547e-07,7.603208134550591e-07,2.413456144876202e-07,0.9999997586543855,1,0.002881154958083694,0,At-Risk
13452,108,1,30.0,108,0.28630524207214425,0.7890660409249213,1.4076331779880051,0.8490103824290516,0.15098961757094842,0,1079.6602377956265,2,Loyal Customers
13453,38,1,409.31,38,0.7474063005016703,1.8244684065273973,2.857057746874633,0.8490103824290516,0.15098961757094842,0,2796.796824538832,1,Champions
13454,277,1,219.87,277,0.11502217486955624,0.333162898490252,0.6336631619320732,0.8490103824290516,0.15098961757094842,0,551.5332555460385,2,Loyal Customers
13455,2,5,1718.04,366,8.356173554712956e-12,2.3422507557511107e-11,4.25514139208251e-11,2.00399755326631e-11,0.99999999997996,1,7.118273602365041e-08,0,At-Risk
13457,324,2,148.22,373,0.14466261796792584,0.4181855773637589,0.7928781539897312,0.8064801720637709,0.19351982793622913,0,461.2106502557962,2,Loyal Customers
13458,15,2,2252.1,24,1.4400666272663096,2.9291619289767286,3.8928738306372277,0.6686909866096651,0.3313090133903349,0,8080.1451024301805,1,Champions
13459,260,2,1119.04,318,0.16440876963021198,0.47234997300052334,0.8880325736068208,0.7841189537720897,0.21588104622791027,0,1121.244162998828,2,Loyal Customers
13461,43,3,1322.61,233,0.009389222865621803,0.02615545350938435,0.04716814516382821,0.023185627161314656,0.9768143728386853,1,64.76092102528577,0,At-Risk
13462,46,4,997.45,361,0.00031793461519359775,0.0008991009186919643,0.0016533473827958804,0.0009236370313424808,0.9990763629686575,1,1.7995691659700928,0,At-Risk
13464,30,5,2303.76,254,4.915037255950402e-05,0.0001339792637185801,0.00023470313206150166,8.310227131146752e-05,0.9999168977286885,1,0.5085570583699015,0,At-Risk
13465,82,2,790.36,222,0.11145434025645425,0.31461046658417624,0.5776600485686962,0.37484815076142286,0.6251518492385771,0,596.5069799390121,0,At-Risk
13466,44,4,682.8,264,0.0013517885267334067,0.0037456107664563198,0.006704300602176428,0.0029050470148160572,0.9970949529851839,1,5.584587751650503,0,At-Risk
13468,4,38,7281.57,372,6.290578004411347e-73,1.4721839278528717e-72,2.1486885710611476e-72,2.342256187273085e-73,1.0,1,1.4998048570488769e-68,0,At-Risk
13469,289,1,77.5,289,0.11033530274190713,0.3200357142260731,0.6098660842671451,0.8490103824290516,0.15098961757094842,0,483.0506200171618,2,Loyal Customers
13472,99,2,592.24,191,0.19381057616886804,0.5420510465376267,0.9833532891510658,0.5638350405913436,0.4361649594086564,0,878.9681455353706,2,Loyal Customers
13473,210,6,1826.26,360,0.08768706516717947,0.24323302544741798,0.4356833977458996,0.17486192764842298,0.825138072351577,1,768.9314640573427,2,Loyal Customers
13474,79,2,406.7,131,0.3181492767926319,0.8642112363761297,1.5114621042770198,0.6459887537363895,0.35401124626361047,0,1155.1264176795119,1,Champions
13476,42,3,741.9000000000001,280,0.004042413076033459,0.01139461046168256,0.020870076180300536,0.011915374902906251,0.9880846250970937,1,19.283139105478483,0,At-Risk
13477,91,5,1238.86,319,0.003912525526783127,0.010863699134314517,0.01949041729959335,0.008221515998553575,0.9917784840014464,1,24.762786211501094,0,At-Risk
13478,105,5,2060.71,313,0.009235083251968822,0.025606694453845287,0.04585632494079174,0.019055971268235578,0.9809440287317645,1,89.94463221202611,0,At-Risk
13479,88,2,520.84,113,0.4330312494055961,1.1597184519140848,1.9940375068286638,0.7651013342683965,0.23489866573160345,0,1684.4380862632645,1,Champions
13480,52,2,604.23,315,0.01866262507260194,0.053596944813824335,0.10070962060718504,0.08818809099685596,0.911811909003144,1,90.79944328143115,0,At-Risk
13481,10,6,1984.05,371,5.569574044992538e-10,1.5483372832405852e-09,2.7814886767377407e-09,1.143193373729449e-09,0.9999999988568066,1,5.285903746909553e-06,0,At-Risk
13482,263,1,151.45,263,0.12101970112013867,0.34990764737736874,0.6638868268795659,0.8490103824290516,0.15098961757094842,0,552.8863029533704,2,Loyal Customers
13484,19,2,461.37,275,0.003280065852351391,0.009363115042936503,0.01744973684036711,0.01357787950201049,0.9864221204979895,1,13.986761704811038,0,At-Risk
13485,12,10,2338.51,372,3.5326191560541004e-15,9.50386954450405e-15,1.6348159163584544e-14,4.51965242883928e-15,0.9999999999999954,1,3.644003300084893e-11,0,At-Risk
13487,141,2,271.02,370,0.07066639254821905,0.20422062174209057,0.38704617475191916,0.39085320311765803,0.609146796882342,0,258.46954418259224,2,Loyal Customers
13488,3,11,6013.72,319,4.343361705898155e-22,1.139365251003255e-21,1.898657946169658e-21,4.405042753162912e-22,1.0,1,1.0571252376239988e-17,0,At-Risk
13490,290,1,115.8,290,0.10996191310318405,0.3189883298594828,0.6079634578550221,0.8490103824290516,0.15098961757094842,0,494.3473675887688,2,Loyal Customers
13491,8,18,3268.29,368,1.1055302833014387e-29,2.816195536805577e-29,4.5246502543813134e-29,8.111016375416863e-30,1.0,1,1.4090897850040404e-25,0,At-Risk
13495,4,6,3093.66,368,2.762032800032785e-12,7.673913658784946e-12,1.3774973102395297e-11,5.625262802886091e-12,0.9999999999943747,1,3.9314919869787484e-08,0,At-Risk
13497,4,5,961.78,305,6.118756997344308e-10,1.6932863233226278e-09,3.0246120137050934e-09,1.2316447131932553e-09,0.9999999987683553,1,3.13861940131767e-06,0,At-Risk
13498,366,1,268.07,366,0.08746618074328065,0.2554523028732746,0.4914501394789375,0.8490103824290516,0.15098961757094842,0,440.6779388087705,2,Loyal Customers
13500,37,1,282.38,37,0.7650146626461872,1.8593872357234449,2.899825922316683,0.8490103824290516,0.15098961757094842,0,2635.615550841976,1,Champions
13501,122,2,1493.05,206,0.203305494935129,0.5713412965498409,1.0429608305937834,0.6361228314692859,0.36387716853071406,0,1591.3966072649869,1,Champions
13502,51,2,425.75,184,0.0851318193947862,0.2375055004273457,0.42948817289690777,0.2389380614394831,0.7610619385605168,0,333.7365271206089,0,At-Risk
13503,115,4,1537.94,297,0.03928394580384458,0.10976312472880358,0.19862713979721344,0.0945270907048703,0.9054729092951297,1,303.6202128361654,0,At-Risk
13506,5,4,1148.48,96,3.258965212722603e-05,8.022902278038623e-05,0.00012495390411555022,2.7379474415027428e-05,0.999972620525585,1,0.15193871142824086,0,At-Risk
13508,278,1,167.07999999999998,278,0.11461644724145457,0.33202796952293595,0.6316093373149331,0.8490103824290516,0.15098961757094842,0,531.406755963206,2,Loyal Customers
13509,143,1,93.75,143,0.2188189865499206,0.6147903357274415,1.1232843008590683,0.8490103824290516,0.15098961757094842,0,900.5344476439556,2,Loyal Customers
13510,11,7,2642.28,354,5.265132691514058e-11,1.4453789827778895e-10,2.5533477727171725e-10,8.955590467196379e-11,0.9999999999104441,1,6.329307517940956e-07,0,At-Risk
13511,312,1,244.31,312,0.10234242704534446,0.2975640163024414,0.5689173009245323,0.8490103824290516,0.15098961757094842,0,502.77269022438867,2,Loyal Customers
13512,23,3,446.03,219,0.0016491955654630913,0.004573828062699584,0.008201139166025736,0.003837593680671788,0.9961624063193282,1,5.705826473970337,0,At-Risk
13513,77,2,619.49,291,0.05017930471914329,0.14361414235352415,0.26859477226983514,0.2194773600710424,0.7805226399289575,0,245.06223240857898,0,At-Risk
13514,64,3,597.25,318,0.00908505397974208,0.025791295767869007,0.047690039966977724,0.030291696139709282,0.9697083038602907,1,38.72740444891143,0,At-Risk
13515,85,2,361.05,280,0.06584625546213882,0.1881207919171368,0.3509951022861112,0.2773936751479989,0.7226063248520012,0,256.6344632871925,0,At-Risk
13516,53,1,272.45,53,0.5556123728422472,1.4236968362259754,2.33982339789676,0.8490103824290516,0.15098961757094842,0,2111.03235565669,1,Champions
13519,78,1,220.46,78,0.38919651251499493,1.042451465674529,1.798141754039982,0.8490103824290516,0.15098961757094842,0,1568.9590496097967,1,Champions
13520,7,6,2580.0,358,8.600173839978784e-11,2.384593401142407e-10,4.2689959376266555e-10,1.7058778862075515e-10,0.9999999998294122,1,1.030003355843606e-06,0,At-Risk
13523,2,2,1086.45,38,0.015999721157797284,0.03624563867771753,0.052528325151366025,0.010702220313749794,0.9892977796862502,1,65.53221591951943,0,At-Risk
13526,374,2,581.45,374,0.15236008718649216,0.4404793244947083,0.8352575794901332,0.85162442782021,0.14837557217979003,0,739.5831259712728,2,Loyal Customers
13527,54,5,2353.58,323,0.00023655705516463708,0.0006574304535998972,0.0011808927418470476,0.0005030619711970675,0.9994969380288029,1,2.6068195874541447,0,At-Risk
13530,270,1,394.43,270,0.11794474186147731,0.34133000389698925,0.6484228262495004,0.8490103824290516,0.15098961757094842,0,626.6442180461546,2,Loyal Customers
13531,2,5,1195.97,372,7.550665595866582e-12,2.1186741347490232e-11,3.854340283210328e-11,1.8394374113148358e-11,0.9999999999816056,1,4.756595757008002e-08,0,At-Risk
13534,15,10,1831.77,156,5.331587487304426e-10,1.261365356147037e-09,1.87130102061853e-09,3.0914205252157367e-10,0.999999999690858,1,3.3291835284850756e-06,0,At-Risk
13535,38,1,75.0,38,0.7474063005016703,1.8244684065273973,2.857057746874633,0.8490103824290516,0.15098961757094842,0,2269.1711507826626,1,Champions
13537,61,2,687.2,87,0.5194161573547817,1.3506444589224418,2.244698877810998,0.7199696017425645,0.2800303982574355,0,2160.2720027518153,1,Champions
13538,32,5,1734.33,311,1.9514397892193968e-05,5.408294470578012e-05,9.679081379193698e-05,4.0020115239155125e-05,0.9999599798847608,1,0.16329559126794518,0,At-Risk
13539,56,4,894.6700000000001,226,0.008351132544206727,0.02285394019972651,0.04025767973654018,0.015473592078519149,0.9845264079214808,1,40.49002701659586,0,At-Risk
13540,103,3,611.34,291,0.05374389911237611,0.15183096466234322,0.2789201701241847,0.16443010865991967,0.8355698913400803,1,229.56786081108228,0,At-Risk
13541,63,2,637.14,206,0.08991924067066033,0.2526964436743086,0.4612873152600149,0.28134843082937805,0.7186515691706219,0,426.79974969265623,0,At-Risk
13542,12,17,3925.62,365,4.254767035436186e-25,1.0889803143433074e-24,1.759681396528186e-24,3.2666482457211516e-25,1.0,1,6.548127095607315e-21,0,At-Risk
13543,270,2,1357.26,323,0.163655221680899,0.47048740151250806,0.885307741458685,0.7925101906242218,0.2074898093757782,0,1265.6808776926607,2,Loyal Customers
13544,47,4,521.74,280,0.001313992593695913,0.0036565059936697684,0.006581486361676533,0.0029876871509995767,0.9970123128490004,1,4.61901793423827,0,At-Risk
13545,26,2,359.06,180,0.02462099319331918,0.06858583824611189,0.12378691004623381,0.06766092179794415,0.9323390782020559,1,90.39905029207517,0,At-Risk
13546,18,2,437.25,60,0.28062641173389763,0.6920942160634732,1.0869714859703938,0.27804864668209767,0.7219513533179023,0,856.225270465828,0,At-Risk
13547,44,1,169.53,44,0.6567201471810661,1.6397651810860014,2.624860182582912,0.8490103824290516,0.15098961757094842,0,2220.5813359848144,1,Champions
13548,107,1,224.23,107,0.28885058504382943,0.79551006935384,1.4178923992272572,0.8490103824290516,0.15098961757094842,0,1239.2146130957626,1,Champions
13549,23,1,87.6,23,1.1417088417099113,2.5408958453433734,3.669162588845515,0.8490103824290516,0.15098961757094842,0,2946.2265873592737,1,Champions
13550,19,1,334.18,19,1.328774869330653,2.8386123780580657,3.969984316419223,0.8490103824290516,0.15098961757094842,0,3733.2923698527966,1,Champions
13551,302,1,152.39999999999998,302,0.10567066927091165,0.30693430471760225,0.5860248526977717,0.8490103824290516,0.15098961757094842,0,488.2864062109871,2,Loyal Customers
13552,64,10,2960.91,294,1.0779396857905322e-06,2.8241964543626547e-06,4.700331437144874e-06,1.106609628822104e-06,0.9999988933903712,1,0.013121952011206342,0,At-Risk
13553,310,1,494.95,310,0.10299119653240012,0.2993920177836489,0.5722584052448215,0.8490103824290516,0.15098961757094842,0,584.601182858663,2,Loyal Customers
13554,16,7,1517.63,82,0.00011130896167059595,0.00024243288726863777,0.0003332297170836476,5.084571587955939e-05,0.9999491542841205,1,0.5017781741982172,0,At-Risk
13555,14,9,4268.92,325,1.4904423852812633e-12,3.986556991814198e-12,6.808813120144521e-12,1.851951434939124e-12,0.999999999998148,1,2.6901860118156404e-08,0,At-Risk
13556,65,2,194.73,71,0.7158858387763288,1.8114949206330229,2.922244770675455,0.8245902452321359,0.17540975476786413,0,1801.643147883497,1,Champions
13557,51,11,2403.89,367,1.3827995448932777e-09,3.6869938267282333e-09,6.269625801975499e-09,1.5984695143403427e-09,0.9999999984015305,1,1.4370024796255413e-05,0,At-Risk
13559,148,2,148.5,179,0.2884552944966656,0.8032300189123646,1.448991528226958,0.7884788990303335,0.21152110096966648,0,844.0314352840775,2,Loyal Customers
13561,33,10,1622.41,285,1.803995743866e-09,4.7080248524060355e-09,7.798425592694162e-09,1.7993670571626029e-09,0.9999999982006329,1,1.2363649969544505e-05,0,At-Risk
13562,37,5,2966.5,330,2.8734198421497128e-05,7.997968212360227e-05,0.000143952333014575,6.237665486461456e-05,0.9999376233451354,1,0.391923716567715,0,At-Risk
13564,4,35,14663.19,373,3.013714760844241e-67,7.12849666870939e-67,1.0523176818883349e-66,1.2129042251400812e-67,1.0,1,1.4728814218814807e-62,0,At-Risk
13565,47,1,174.43,47,0.6191609788056118,1.5607906492381476,2.522405309124176,0.8490103824290516,0.15098961757094842,0,2140.2228816075612,1,Champions
13566,70,3,824.48,275,0.021753814296844642,0.061253066494352554,0.11202970771176554,0.06301462396225424,0.9369853760377458,1,110.66060679854458,0,At-Risk
13567,64,4,1058.99,177,0.04952739642939707,0.13242698920012572,0.22661482046522502,0.07285597972891159,0.9271440202710884,1,258.4074261102029,0,At-Risk
13569,3,3,517.13,64,0.0005291505352096119,0.0012578257052450444,0.0018956076380438139,0.00039717349205665574,0.9996028265079433,1,1.4289510241756482,0,At-Risk
13571,18,14,2368.42,367,2.177820982454918e-18,5.685394309704924e-18,9.413139854993821e-18,2.0119006145881465e-18,1.0,1,2.1353733672233685e-14,0,At-Risk
13573,15,4,500.9,273,1.2387926869943223e-05,3.4409926015793704e-05,6.178889394201058e-05,2.7491129972652627e-05,0.9999725088700273,1,0.042318972017685356,0,At-Risk
13574,47,1,399.5,47,0.6191609788056118,1.5607906492381476,2.522405309124176,0.8490103824290516,0.15098961757094842,0,2453.583948578431,1,Champions
13576,9,11,3662.23,367,6.892181517525113e-18,1.837680002257068e-17,3.12492141277853e-17,7.96712877419565e-18,1.0,1,1.0727787926178374e-13,0,At-Risk
13577,18,7,1759.56,361,1.4452956889469596e-09,3.974052610188327e-09,7.035255437912614e-09,2.50467104412395e-09,0.999999997495329,1,1.2012426787246275e-05,0,At-Risk
13578,45,1,116.37,45,0.6437039131747054,1.6125650053888003,2.5897928023576973,0.8490103824290516,0.15098961757094842,0,2114.733096518371,1,Champions
13579,5,4,1030.86,295,9.549993631653756e-08,2.667143888784553e-07,4.823557212867123e-07,2.2830820823147967e-07,0.9999997716917918,1,0.0005383141850767142,0,At-Risk
13580,42,1,75.3,42,0.6843992514661552,1.697021765679058,2.6979342514864806,0.8490103824290516,0.15098961757094842,0,2142.412066452939,1,Champions
13581,50,1,162.53,50,0.5856671790483223,1.4890884698630558,2.4276739288246696,0.8490103824290516,0.15098961757094842,0,2043.4601054521106,1,Champions
13582,25,2,239.68,253,0.00779848169458186,0.022169955884269583,0.04109067251871206,0.0297690462288965,0.9702309537711035,1,26.54964688180373,0,At-Risk
13583,315,1,661.1,315,0.10138445496685802,0.2948634933559668,0.5639781871378817,0.8490103824290516,0.15098961757094842,0,627.6625699708551,2,Loyal Customers
13584,134,2,230.73,311,0.09835110780265671,0.2823012510213579,0.5300602084029598,0.4589847400768906,0.5410152599231094,0,339.0649988176868,2,Loyal Customers
13585,166,3,498.53,374,0.07464882705953181,0.21360858181331105,0.3992595463884087,0.29143190685892584,0.7085680931410742,0,293.71904342064204,2,Loyal Customers
13586,177,1,127.53,177,0.17805029368728803,0.5062044710953901,0.9391008667666626,0.8490103824290516,0.15098961757094842,0,770.0880252417093,2,Loyal Customers
13587,85,3,628.65,299,0.02795919732558512,0.07910797881544426,0.14562229001720894,0.08781734287227251,0.9121826571277275,1,121.7975239220528,0,At-Risk
13589,85,4,633.44,369,0.0038019919982530768,0.01076498742464961,0.019828351451044605,0.011282320217023944,0.9887176797829761,1,15.710562116282718,0,At-Risk
13590,11,12,3885.59,374,1.6100711705899308e-18,4.271014672479228e-18,7.214958127255737e-18,1.747051166491736e-18,1.0,1,2.6307792637637583e-14,0,At-Risk
13591,71,4,866.46,361,0.0019951815982818177,0.005642259515781744,0.010375492683340167,0.005796234572646407,0.9942037654273536,1,10.187625476413693,0,At-Risk
13593,23,9,3312.81,283,5.465203134501051e-10,1.4391293620340667e-09,2.4106882240077848e-09,5.966615741726612e-10,0.9999999994033384,1,7.467882250986428e-06,0,At-Risk
13594,121,1,115.35,121,0.2568786776725771,0.7138938252638714,1.2866316476384687,0.8490103824290516,0.15098961757094842,0,1047.093536886345,2,Loyal Customers
13595,152,3,799.92,282,0.14730116843713434,0.4153814887552667,0.7612264440159598,0.4371808988973745,0.5628191011026256,0,737.4508261527953,2,Loyal Customers
13597,36,2,394.82,38,1.2492053742624682,2.8299397335255736,4.101238104897491,0.8355940082094394,0.1644059917905606,0,3114.798067943308,1,Champions
13598,131,4,591.79,287,0.07468180227251171,0.20818053152605023,0.37556437623128724,0.17388223045684578,0.8261177695431542,1,284.97340574927625,0,At-Risk
13599,2,14,4158.68,374,4.735510122726265e-31,1.2392088674644651e-30,2.057748779621964e-30,4.452037035152023e-31,1.0,1,8.056648594233752e-27,0,At-Risk
13600,270,1,211.82,270,0.11794474186147731,0.34133000389698925,0.6484228262495004,0.8490103824290516,0.15098961757094842,0,561.5228750657284,2,Loyal Customers
13601,28,2,473.43,182,0.02776204826949189,0.0773945128632416,0.13982120781019572,0.07710606466349632,0.9228939353365037,1,113.33036824185982,0,At-Risk
13602,17,3,586.83,196,0.001002177839118206,0.0027557231564797943,0.0048873683906256685,0.002097507837660175,0.9979024921623398,1,3.9330466867838156,0,At-Risk
13604,294,1,533.42,294,0.10849328941889216,0.31486647048149174,0.6004702522331918,0.8490103824290516,0.15098961757094842,0,626.15319647013,2,Loyal Customers
13605,23,2,489.82,207,0.012285498421111039,0.03453568717894272,0.06306791220848047,0.03862005017590809,0.9613799498240919,1,51.832500842200254,0,At-Risk
13607,38,1,393.8,38,0.7474063005016703,1.8244684065273973,2.857057746874633,0.8490103824290516,0.15098961757094842,0,2772.318124529984,1,Champions
13608,176,1,234.2,176,0.179031336738736,0.5088476574108715,0.9436509072939454,0.8490103824290516,0.15098961757094842,0,829.2125533811177,2,Loyal Customers
13609,229,1,94.65,229,0.13856665647477887,0.3985567887763258,0.7508717318885929,0.8490103824290516,0.15098961757094842,0,601.9579521200645,2,Loyal Customers
13610,23,7,972.75,339,1.3883175872315096e-08,3.797166565996474e-08,6.675897922185966e-08,2.2660542558796678e-08,0.9999999773394574,1,6.810513004642339e-05,0,At-Risk
13611,10,7,2106.58,372,1.8001607280309948e-11,4.96186200308851e-11,8.811952156389191e-11,3.210333101273635e-11,0.9999999999678967,1,1.7716603968999108e-07,0,At-Risk
13612,268,1,800.89,268,0.11880723968444924,0.3437375375088079,0.6527670722090106,0.8490103824290516,0.15098961757094842,0,776.7686996791526,2,Loyal Customers
13613,88,5,1024.8,296,0.005217719236919434,0.014406063157453894,0.025655310261102102,0.010206130963527432,0.9897938690364726,1,27.9834022120905,0,At-Risk
13614,29,2,654.68,187,0.02747915023999137,0.07674632401623624,0.1389769220208602,0.07833266765935289,0.9216673323406471,1,130.31939045168838,0,At-Risk
13615,35,7,5343.24,316,5.004883168971359e-07,1.3602946944470476e-06,2.37228318620921e-06,7.641983524558267e-07,0.9999992358016475,1,0.011482329265339205,0,At-Risk
13616,204,2,264.2,327,0.13521792579898123,0.38892858752480874,0.7323411373049818,0.6627229476161434,0.33727705238385663,0,485.62021733002194,2,Loyal Customers
13617,44,5,657.72,131,0.02139703931674019,0.053910248509471,0.08596936161712525,0.019561512358653138,0.9804384876413469,1,67.41141083867127,0,At-Risk
13619,180,2,215.24,310,0.1344355958109316,0.38582332546370773,0.7243026507430721,0.6254146990793922,0.3745853009206078,0,455.4500596534978,2,Loyal Customers
13620,164,1,86.09,164,0.19170685087558462,0.5428636681716713,1.0019067165001982,0.8490103824290516,0.15098961757094842,0,798.8318494667291,2,Loyal Customers
13622,332,1,626.24,332,0.09627764246597172,0.2804412025709942,0.5375343323771706,0.8490103824290516,0.15098961757094842,0,587.9032095339952,2,Loyal Customers
13623,16,5,1623.62,373,1.7428011569349712e-07,4.891036647198847e-07,8.899917590614506e-07,4.256692899562759e-07,0.9999995743307101,1,0.0014181662416185427,0,At-Risk
13624,24,1,330.9,24,1.1029021568127397,2.4760057164967324,3.60091939565437,0.8490103824290516,0.15098961757094842,0,3375.77466362006,1,Champions
13625,232,1,273.36,232,0.13681629772038098,0.39372655691857816,0.7422896126492885,0.8490103824290516,0.15098961757094842,0,668.0369653871156,2,Loyal Customers
13626,15,1,390.06,15,1.5893341066863198,3.215676772513155,4.32390075650617,0.8490103824290516,0.15098961757094842,0,4205.233788768234,1,Champions
13627,124,2,567.33,276,0.1162083939092836,0.33177976637503337,0.6184703254093764,0.4827483797303392,0.5172516202696609,0,541.6954673076993,2,Loyal Customers
13628,312,1,308.34000000000003,312,0.10234242704534446,0.2975640163024414,0.5689173009245323,0.8490103824290516,0.15098961757094842,0,522.8043315979318,2,Loyal Customers
13629,49,8,1272.78,302,1.541210676232686e-06,4.129121179171503e-06,7.06876320026647e-06,1.993066906542721e-06,0.9999980069330935,1,0.00902990403607059,0,At-Risk
13632,30,3,1487.5800000000002,247,0.0023282981953312936,0.006511640968626341,0.011803757728000639,0.006081114842414248,0.9939188851575858,1,17.709004662285544,0,At-Risk
13634,12,10,3304.7000000000003,334,1.1812156911261092e-14,3.1415897943829545e-14,5.3264196865251065e-14,1.3657570653897153e-14,0.9999999999999863,1,1.6513249626133e-10,0,At-Risk
13635,78,3,1880.23,374,0.00865879833235572,0.02477726315119369,0.046311617082583766,0.03380428344966334,0.9661957165503366,1,83.47608766246803,0,At-Risk
13639,72,1,312.93,72,0.4193384543962077,1.114024686789838,1.90385862712098,0.8490103824290516,0.15098961757094842,0,1758.5984078913152,1,Champions
13640,247,1,371.25,247,0.12868842172736128,0.3712315076270535,0.7021641813271967,0.8490103824290516,0.15098961757094842,0,669.68869654463,2,Loyal Customers
13641,276,4,757.45,370,0.21202220210759992,0.6004109247716277,1.1061381321536023,0.630823519383981,0.36917648061601904,0,987.9915906004144,2,Loyal Customers
13642,68,3,153.67,68,1.0795372625999686,2.5951319993518576,3.9548372700513017,0.8541495009411079,0.14585049905889214,0,1865.2132192137042,1,Champions
13643,18,7,1533.73,367,1.2621220069128797e-09,3.4750568891717744e-09,6.162693522762494e-09,2.221915552237938e-09,0.9999999977780845,1,9.306227595425559e-06,0,At-Risk
13646,35,2,299.3,35,1.362524613784501,3.032500314943692,4.327956429984935,0.85162442782021,0.14837557217979003,0,2996.566167500436,1,Champions
13647,130,4,1145.09,239,0.15757722222458556,0.43324776875050713,0.7677392017519478,0.30793594199623325,0.6920640580037667,0,928.5745874915812,0,At-Risk
13648,36,8,1733.31,374,1.7218504992787446e-08,4.708530532216454e-08,8.274269802843097e-08,2.725735090363325e-08,0.9999999727426491,1,0.00013934734280361064,0,At-Risk
13649,2,5,1255.56,163,1.2708030442698363e-09,3.3017695870253525e-09,5.454042107038456e-09,1.4184260008636764e-09,0.999999998581574,1,7.0191098278082994e-06,0,At-Risk
13650,10,4,1403.24,318,1.0465460134613246e-06,2.9372157753791148e-06,5.346661658613406e-06,2.6895593252926835e-06,0.9999973104406747,1,0.007585912307848733,0,At-Risk
13651,17,1,100.35,17,1.447398694507076,3.015370542041162,4.139504380568189,0.8490103824290516,0.15098961757094842,0,3358.2539615186893,1,Champions
13652,4,3,1457.44,288,2.2317780672557876e-06,6.301210514309129e-06,1.1566425457826763e-05,6.760028306376814e-06,0.9999932399716936,1,0.017079040858934705,0,At-Risk
13653,123,1,151.3,123,0.2528800872256243,0.7035824708801892,1.269841221455341,0.8490103824290516,0.15098961757094842,0,1058.5311722570325,2,Loyal Customers
13654,16,5,3365.26,373,1.7428011569349712e-07,4.891036647198847e-07,8.899917590614506e-07,4.256692899562759e-07,0.9999995743307101,1,0.0027207544776277548,0,At-Risk
13655,10,4,1265.24,227,6.094734500079281e-06,1.6685303556237272e-05,2.940559680674934e-05,1.1340271360983097e-05,0.999988659728639,1,0.03844656228350096,0,At-Risk
13656,135,2,678.45,231,0.17997773214478407,0.5091775719788815,0.9376764084146182,0.6290334423124412,0.3709665576875588,0,894.5874017685679,2,Loyal Customers
13658,19,4,3186.02,308,1.7650203749980784e-05,4.943522098720058e-05,8.974306132044849e-05,4.39841756538171e-05,0.9999560158243462,1,0.25750845070835904,0,At-Risk
13659,52,10,3045.29,296,1.202415295995313e-07,3.1529657693453557e-07,5.25288434684693e-07,1.242188623252813e-07,0.9999998757811377,1,0.0015063677221894855,0,At-Risk
13660,36,1,285.29,36,0.7834733096968532,1.8956728209940945,2.9438982191432057,0.8490103824290516,0.15098961757094842,0,2680.700499050384,1,Champions
13661,239,1,314.74,239,0.13289917675823593,0.38289887700010616,0.7230082082933794,0.8490103824290516,0.15098961757094842,0,667.1195115598036,2,Loyal Customers
13662,21,8,1271.75,294,1.960352237282394e-09,5.237122434992104e-09,8.933624580561228e-09,2.471969945505349e-09,0.99999999752803,1,1.1404931775621605e-05,0,At-Risk
13663,16,4,1723.79,282,1.3673375548228994e-05,3.806865662310147e-05,6.856642945764621e-05,3.130295103752997e-05,0.9999686970489625,1,0.11519053723590307,0,At-Risk
13665,22,3,1609.09,140,0.009324706951106713,0.024846366673757184,0.04238855789610604,0.014204064970596232,0.9857959350294038,1,67.66522697923197,0,At-Risk
13666,56,2,37.15,371,0.013174761743115168,0.03807778527063185,0.07217606954336928,0.0730620894486787,0.9269379105513214,1,36.363460783779544,0,At-Risk
13668,19,14,5650.99,364,5.242755487573674e-18,1.3672293582356472e-17,2.26077352957642e-17,4.806648789035878e-18,1.0,1,1.1956397490128247e-13,0,At-Risk
13669,43,1,146.25,43,0.6702739205654435,1.6679010256723819,2.6608938258561783,0.8490103824290516,0.15098961757094842,0,2217.052714136012,1,Champions
13671,30,1,194.95,30,0.9161179766487617,2.1471934053186486,3.2393842631163787,0.8490103824290516,0.15098961757094842,0,2790.2210652150466,1,Champions
13672,366,1,233.53000000000003,366,0.08746618074328065,0.2554523028732746,0.4914501394789375,0.8490103824290516,0.15098961757094842,0,431.3447262683799,2,Loyal Customers
13674,68,1,228.88,68,0.44216870259997293,1.1674703104561752,1.9815471503690194,0.8490103824290516,0.15098961757094842,0,1738.827855075358,1,Champions
13676,175,2,209.4,255,0.1844208800879834,0.5244922097014656,0.9726353474582716,0.7093898008967373,0.2906101991032627,0,607.7757014043456,2,Loyal Customers
13677,40,2,470.39,156,0.08718131626404461,0.24031805558073044,0.42799750987890467,0.20893837422361994,0.7910616257763801,0,346.1021809221828,0,At-Risk
13679,129,3,280.81,371,0.04036297327106952,0.11545677026520193,0.21569399741546405,0.15634650647004059,0.8436534935299594,1,122.41950637450452,0,At-Risk
13680,107,8,5901.99,371,0.00014265523571533223,0.00038982693057325584,0.0006844148995539957,0.00022410403057380567,0.9997758959694262,1,3.6767529264806518,0,At-Risk
13683,93,1,250.95,93,0.32991372455530715,0.8982157785859017,1.5790489923652382,0.8490103824290516,0.15098961757094842,0,1403.7249939951657,1,Champions
13684,26,3,515.5500000000001,257,0.001244063444705145,0.0034883018959833015,0.006344739838230373,0.0033758570070744707,0.9966241429929256,1,4.753670167695143,0,At-Risk
13686,16,2,337.04,37,0.7162926407209766,1.6135245729761734,2.3268218867261594,0.46865380377002425,0.5313461962299757,0,1672.5284880304082,1,Champions
13687,74,1,183.87,74,0.4087853399913022,1.0890980299855537,1.8672611300597888,0.8490103824290516,0.15098961757094842,0,1591.8348571059435,1,Champions
13688,271,1,290.4,271,0.1175181721157698,0.340138841487922,0.6462723253565839,0.8490103824290516,0.15098961757094842,0,587.5883120331783,2,Loyal Customers
13689,80,1,108.6,80,0.38008976190222116,1.0205967970533638,1.7654710474525415,0.8490103824290516,0.15098961757094842,0,1431.5224072611986,1,Champions
13691,32,1,210.33,32,0.8671752801207654,2.056228284374122,3.1344959520926903,0.8490103824290516,0.15098961757094842,0,2725.7711311662338,1,Champions
13692,44,2,1421.03,56,0.825013185729338,2.0116546168598273,3.123359517334456,0.7691314768932668,0.23086852310673323,0,4625.399522082851,1,Champions
13693,10,9,1833.14,368,2.069845815052292e-14,5.606221173667895e-14,9.728872743298461e-14,2.8915263896809205e-14,0.9999999999999711,1,1.7251442687633576e-10,0,At-Risk
13694,9,94,38453.02,371,4.456656670275129e-149,9.37238381055127e-149,1.2335778376218076e-148,7.201957916856749e-150,1.0,1,4.593819678635904e-144,3,Hibernating/Lost
13695,213,1,150.77999999999997,213,0.14871370817483867,0.42646020226228365,0.8002174068456186,0.8490103824290516,0.15098961757094842,0,666.2794192935669,2,Loyal Customers
13696,57,3,1300.72,302,0.0078034912065594285,0.022091491833420837,0.04069627794754605,0.02474826767013948,0.9752517323298605,1,55.161823339699055,0,At-Risk
13698,232,2,398.74,317,0.15531905476633823,0.44617660718285757,0.8386760165179268,0.7384922129013749,0.2615077870986251,0,635.2818486301844,2,Loyal Customers
13699,186,1,410.02,186,0.16968200966933736,0.4835966246652375,0.9000445620594594,0.8490103824290516,0.15098961757094842,0,877.9027588251035,2,Loyal Customers
13700,53,3,324.22,306,0.005861386440561367,0.0166054306584981,0.030619660474166664,0.018827563759818058,0.9811724362401819,1,18.409845225008908,0,At-Risk
13701,82,1,161.0,82,0.37139951182992176,0.9996406158613096,1.733969349801774,0.8490103824290516,0.15098961757094842,0,1455.9601891928085,1,Champions
13702,81,1,135.18,81,0.37569438108036607,1.0100098979615217,1.7495780374787264,0.8490103824290516,0.15098961757094842,0,1444.2176674415152,1,Champions
13703,51,1,319.26,51,0.5752938924454016,1.466632543165519,2.397663878110847,0.8490103824290516,0.15098961757094842,0,2225.426787097259,1,Champions
13705,9,5,1161.82,260,8.832034788174748e-08,2.41250067375203e-07,4.237325831369827e-07,1.5267681311230092e-07,0.9999998473231869,1,0.000511153140513948,0,At-Risk
13706,262,1,270.33,262,0.12147211881643924,0.35116835005302677,0.6661564179127905,0.8490103824290516,0.15098961757094842,0,598.3335247372245,2,Loyal Customers
13707,65,3,2229.29,172,0.10645058212824708,0.28945795767373494,0.5062064678744922,0.19680467375992775,0.8031953262400723,1,1050.3605883061434,0,At-Risk
13709,82,5,1226.72,333,0.0017410209346619568,0.004849111537623793,0.008735094966124408,0.0038124287667752857,0.9961875712332248,1,11.007926534573574,0,At-Risk
13710,59,2,318.54,248,0.04842822296768947,0.13753276867149655,0.25455899196912035,0.18131789775335774,0.8186821022466423,1,178.56383034178404,0,At-Risk
13711,42,7,1471.63,360,6.363970417358423e-07,1.7494679711779226e-06,3.0961573474807857e-06,1.0999499421916782e-06,0.9999989000500578,1,0.004507697082538108,0,At-Risk
13712,246,1,335.58,246,0.129200115744668,0.3726508887534968,0.7047036836484107,0.8490103824290516,0.15098961757094842,0,658.2877714529004,2,Loyal Customers
13713,44,3,693.46,219,0.013049407696274527,0.03619082440721256,0.06489224855592166,0.030365303885395153,0.9696346961146048,1,57.55604240828481,0,At-Risk
13714,101,1,143.95,101,0.3051267249191769,0.8365002324733097,1.4827386373102818,0.8490103824290516,0.15098961757094842,0,1230.4846493896257,1,Champions
13715,8,13,6835.71,274,7.830991485179882e-20,1.9770351300461762e-19,3.145931535028809e-19,5.923902008370339e-20,1.0,1,2.002786408301268e-15,0,At-Risk
13717,93,2,309.5,121,0.40322547562585503,1.0872298596893657,1.8845586129846055,0.7596799043223257,0.24032009567767432,0,1311.8664320135579,1,Champions
13719,29,6,1714.42,207,2.5046007881184743e-05,6.5906174740197e-05,0.00011044662995617513,2.9601893652498583e-05,0.9999703981063475,1,0.18458504422751687,0,At-Risk
13721,31,1,217.4,31,0.8909744268178874,2.1007233476849643,3.186075398669065,0.8490103824290516,0.15098961757094842,0,2783.456893343943,1,Champions
13722,56,7,2897.9500000000003,282,3.7636136382859525e-05,0.00010116936772514468,0.00017397828265002115,5.1607490116443235e-05,0.9999483925098835,1,0.47041023785497593,0,At-Risk
13723,28,5,931.33,247,4.085524269346802e-05,0.00011108673613372155,0.00019397688584291736,6.727086293989868e-05,0.9999327291370601,1,0.19642094805888324,0,At-Risk
13724,273,1,213.01,273,0.11667422293439281,0.33778128852667005,0.6420138547047095,0.8490103824290516,0.15098961757094842,0,556.3871172979817,2,Loyal Customers
13727,247,6,559.67,366,0.17055188239452795,0.47366582123669015,0.8498023330165675,0.3455412927249501,0.6544587072750498,0,574.6613921498902,2,Loyal Customers
13728,23,10,1812.28,366,2.8468696202261005e-12,7.646248972819996e-12,1.3124981156511972e-11,3.5869290336688704e-12,0.9999999999964131,1,2.3035874616219865e-08,0,At-Risk
13729,71,3,639.58,320,0.012263073656677346,0.034824754118105795,0.06442216987423363,0.04113751022831167,0.9588624897716883,1,54.42048862768949,0,At-Risk
13733,46,2,463.17,371,0.008680097973720824,0.025087277722051396,0.04755268954460791,0.048136437450999575,0.9518635625490004,1,38.1623690975461,0,At-Risk
13734,144,4,665.79,238,0.21163909892098234,0.5816881317884066,1.0303316433236542,0.41193369751715525,0.5880663024828447,0,844.1807301813774,2,Loyal Customers
13735,12,9,6525.42,362,1.244120483823866e-13,3.3643943801530344e-13,5.826644071920854e-13,1.7111976521641988e-13,0.9999999999998289,1,3.4762258640443808e-09,0,At-Risk
13736,61,5,1941.46,369,0.00019534408554602026,0.0005478408991309768,0.0009959554410844348,0.00047218084665978964,0.9995278191533402,1,1.853069620159133,0,At-Risk
13738,32,1,425.33,32,0.8671752801207654,2.056228284374122,3.1344959520926903,0.8490103824290516,0.15098961757094842,0,3098.3089290671533,1,Champions
13739,163,1,75.3,163,0.19284464664188805,0.5459048443713446,1.0070880747059199,0.8490103824290516,0.15098961757094842,0,796.9903535508168,2,Loyal Customers
13740,51,4,1164.97,373,0.0004146334406803097,0.0011746928424578322,0.0021654373840496602,0.0012433430769333783,0.9987566569230666,1,2.6518738095236207,0,At-Risk
13745,182,1,428.97,182,0.17330205894076497,0.49339012545858735,0.9169939284293535,0.8490103824290516,0.15098961757094842,0,904.0223411340291,2,Loyal Customers
13746,49,1,171.44,49,0.5964215799032441,1.51224424088893,2.4584475512021395,0.8490103824290516,0.15098961757094842,0,2081.5956470609767,1,Champions
13747,9,2,140.4,60,0.07814293445261553,0.1927198250040895,0.30267693284903496,0.07742513271673312,0.9225748672832669,1,175.15370108491513,0,At-Risk
13748,9,5,1005.4,374,9.18282600790684e-09,2.5775268887404457e-08,4.6912326935064765e-08,2.248653980088135e-08,0.9999999775134601,1,5.038057941830275e-05,0,At-Risk
13750,16,6,1366.85,253,1.5253441900006884e-07,4.1033086709978325e-07,7.065715497947681e-07,2.175231777378652e-07,0.9999997824768223,1,0.0009688652920096549,0,At-Risk
13752,163,1,369.2000000000001,163,0.19284464664188805,0.5459048443713446,1.0070880747059199,0.8490103824290516,0.15098961757094842,0,959.8716963551524,2,Loyal Customers
13753,234,3,1254.85,372,0.14483300088192524,0.4143403317745288,0.7741923489477694,0.5624862304432879,0.43751376955671206,0,1021.6494082414107,2,Loyal Customers
13754,73,1,152.10000000000002,73,0.4139946420335804,1.1014201672914525,1.885381779834209,0.8490103824290516,0.15098961757094842,0,1574.324562584261,1,Champions
13756,3,10,3047.44,360,9.368699679365084e-21,2.511973048661995e-20,4.3025021121299777e-20,1.1621927428294918e-20,1.0,1,1.2338712902808216e-16,0,At-Risk
13757,310,1,132.55,310,0.10299119653240012,0.2993920177836489,0.5722584052448215,0.8490103824290516,0.15098961757094842,0,470.55870930178094,2,Loyal Customers
13758,2,9,5163.02,374,2.4497161152315355e-20,6.645307793420301e-20,1.155483417602056e-19,3.474986512774352e-20,1.0,1,5.48656842100368e-16,0,At-Risk
13760,40,3,927.9,229,0.00802183318525193,0.022319208586425995,0.040186521841090714,0.01948254823763915,0.9805174517623608,1,42.920219414129214,0,At-Risk
13761,138,4,846.87,292,0.08287813561017773,0.2313031445659996,0.41793128227728055,0.19619575723062585,0.8038042427693741,1,403.85540460456593,0,At-Risk
13762,229,4,804.0,334,0.20184683011866766,0.5682233577355583,1.0385455658558942,0.5439075099385586,0.45609249006144137,0,967.1026078963257,2,Loyal Customers
13763,53,2,1606.92,71,0.6491932809741887,1.6427344519120486,2.6500058636823995,0.7477706887966754,0.2522293112033246,0,4267.280218780486,1,Champions
13764,205,3,1372.4,278,0.2336171686028917,0.6582318744173961,1.2049198880318674,0.6838535669666038,0.3161464330333962,0,1700.1441797448163,2,Loyal Customers
13765,289,1,292.36,289,0.11033530274190713,0.3200357142260731,0.6098660842671451,0.8490103824290516,0.15098961757094842,0,555.1120737366177,2,Loyal Customers
13766,131,1,190.35,131,0.23805768802331764,0.6651544839761969,1.2068504555287152,0.8490103824290516,0.15098961757094842,0,1031.8518105462113,2,Loyal Customers
13767,5,39,15028.22,374,1.8257286180454363e-71,4.2640458100375865e-71,6.209962478633567e-71,6.668797264172911e-72,1.0,1,8.927944026593704e-67,0,At-Risk
13768,362,2,855.6700000000001,366,0.15504060051823182,0.4478792429172616,0.8483747189642123,0.8484403628967109,0.15155963710328912,0,914.337476369424,2,Loyal Customers
13769,3,11,2720.99,359,1.0285815444468015e-22,2.735862247865179e-22,4.638058299089031e-22,1.1647001813425473e-22,1.0,1,1.1964850528226675e-18,0,At-Risk
13770,58,4,511.92,366,0.0007892621687434005,0.0022337102158821905,0.004111821131592495,0.0023236597324729005,0.997676340267527,1,2.851534656532123,0,At-Risk
13771,169,5,2773.79,288,0.1411346356604581,0.3888280834290443,0.6905064128024112,0.2689350675737946,0.7310649324262054,0,1768.6338811010983,2,Loyal Customers
13772,36,5,1747.49,290,5.568309493043528e-05,0.0001534924797468167,0.0002727772678932338,0.00010680875169125278,0.9998931912483088,1,0.4632906597972429,0,At-Risk
13773,32,2,301.54,295,0.008182435729574044,0.023432598873474344,0.043861160940412806,0.036268230604117706,0.9637317693958823,1,30.236850499845733,0,At-Risk
13775,226,1,999.31,226,0.1403623831755942,0.4035070306398039,0.7596547503465181,0.8490103824290516,0.15098961757094842,0,987.0347442523207,2,Loyal Customers
13777,2,37,9985.23,373,9.387291614978703e-81,2.2053744954389225e-80,3.2319542925306982e-80,3.590202136930652e-81,1.0,1,3.0877839680850716e-76,0,At-Risk
13778,127,3,783.22,201,0.26426579101286984,0.7281269239806538,1.2946716645257044,0.566537827120738,0.43346217287926203,0,1238.3383663357608,2,Loyal Customers
13779,151,1,147.63,151,0.2076324924561681,0.5852494145839225,1.0737264660172026,0.8490103824290516,0.15098961757094842,0,892.5689688769247,2,Loyal Customers
13780,43,1,375.36,43,0.6702739205654435,1.6679010256723819,2.6608938258561783,0.8490103824290516,0.15098961757094842,0,2553.660258582117,1,Champions
13781,228,2,644.84,357,0.12629574546746375,0.36450672046415905,0.6895765912925838,0.6744891539011377,0.32551084609886227,0,641.2693161750591,2,Loyal Customers
13782,89,7,774.52,369,0.00011776624630465126,0.000324393385605848,0.0005756121201432014,0.0002084014751819697,0.999791598524818,1,0.4874101920037941,0,At-Risk
13783,123,4,150.93,309,0.04202884336888274,0.11774046099723905,0.2138018435042671,0.10506316130886853,0.8949368386911315,1,85.51887129905182,0,At-Risk
13784,70,3,301.46,86,0.7696033248068215,1.9246585830316494,3.0557020537338424,0.7497009107073926,0.25029908929260736,0,1789.6258142042243,1,Champions
13785,64,4,495.19,96,0.6139894017932309,1.51151566488285,2.354132917409748,0.5158295968262813,0.48417040317371873,0,1606.7564664840584,1,Champions
13786,3,6,2827.79,372,5.151046556645853e-13,1.4322649604663927e-12,2.573633138609386e-12,1.0600229592969297e-12,0.99999999999894,1,6.757125431748461e-09,0,At-Risk
13787,94,4,866.05,330,0.010302223121344815,0.02898074904792271,0.052916428715108946,0.0274397197865175,0.9725602802134825,1,51.948416100037576,0,At-Risk
13788,141,1,3.75,141,0.22180653325925534,0.6226477024145489,1.1363978674666304,0.8490103824290516,0.15098961757094842,0,854.7729659864494,2,Loyal Customers
13789,24,1,239.46,24,1.1029021568127397,2.4760057164967324,3.60091939565437,0.8490103824290516,0.15098961757094842,0,3193.5195249927606,1,Champions
13792,58,1,163.2,58,0.5118376748878953,1.3266231055824886,2.206773825523037,0.8490103824290516,0.15098961757094842,0,1857.4360367260658,1,Champions
13793,282,1,96.0,282,0.11302176210684446,0.32756454756638415,0.6235255306747763,0.8490103824290516,0.15098961757094842,0,500.2245828926821,2,Loyal Customers
13794,182,1,123.13,182,0.17330205894076497,0.49339012545858735,0.9169939284293535,0.8490103824290516,0.15098961757094842,0,749.7111481180399,2,Loyal Customers
13795,24,4,481.32,273,8.824985436423028e-05,0.00024513148902627086,0.00044017541828887923,0.00019584295595747556,0.9998041570440426,1,0.29446050480861075,0,At-Risk
13796,135,1,286.25,135,0.23127958141473795,0.6474735140703465,1.177645062943732,0.8490103824290516,0.15098961757094842,0,1068.996790620853,2,Loyal Customers
13797,72,3,1114.2,283,0.02111813601411203,0.059564388787783584,0.10918760955729953,0.06289221350758985,0.9371077864924101,1,132.282906601586,0,At-Risk
13798,8,54,17603.14,367,4.9917589822213206e-88,1.1152213470058743e-87,1.5525290760230843e-87,1.3314893723938542e-88,1.0,1,2.6294153706421178e-83,0,At-Risk
13799,80,7,1834.8,280,0.0005251712162307942,0.0014106824084814172,0.002423696684556756,0.0007153170984810766,0.999284682901519,1,4.300569330466633,0,At-Risk
13800,66,2,898.28,372,0.01833989061577475,0.053011204254331375,0.10049565594007273,0.10197450220253504,0.898025497797465,1,111.31006894299874,0,At-Risk
13802,10,16,12567.33,297,2.3102839742405977e-23,5.766638088599493e-23,9.050873252591397e-23,1.5550298927930807e-23,1.0,1,1.0617386352490753e-18,0,At-Risk
13803,67,2,1001.9,254,0.05702242344957309,0.1621391375496527,0.3005958518412817,0.2185061675159901,0.7814938324840099,0,354.94655187165193,0,At-Risk
13804,71,2,572.73,72,0.7266114385573949,1.842324103021496,2.9783481191060224,0.8475824868436669,0.15241751315633312,0,2628.33518464629,1,Champions
13807,3,3,373.75,371,3.3043322557891126e-07,9.451918409835992e-07,1.7657882343143993e-06,1.279937434091828e-06,0.999998720062566,1,0.0011289070727641694,0,At-Risk
13809,30,2,276.85,96,0.19357217456012704,0.509324272156982,0.8578705834124207,0.2938234571424269,0.706176542857573,0,577.8779765656309,0,At-Risk
13813,163,4,1165.05,369,0.05206165473392425,0.14740774277659038,0.27151471851111353,0.1544917138190083,0.8455082861809917,1,332.530129732795,0,At-Risk
13814,163,1,642.1,163,0.19284464664188805,0.5459048443713446,1.0070880747059199,0.8490103824290516,0.15098961757094842,0,1111.1146989114745,2,Loyal Customers
13815,42,4,2647.72,301,0.0005600224130862333,0.0015661569532029196,0.0028374645141893066,0.001365015727049345,0.9986349842729506,1,6.8993814324807845,0,At-Risk
13818,65,1,61.28,65,0.46099265386719185,1.2110507232230185,2.0441198103572096,0.8490103824290516,0.15098961757094842,0,1605.0645499050215,1,Champions
13819,305,3,1347.72,374,0.19219100218336704,0.549957032558972,1.0279343343261107,0.7503211028722347,0.24967889712776525,0,1430.1953320318728,2,Loyal Customers
13820,54,3,647.7,316,0.005438813653282186,0.01543494293910741,0.028527556934739514,0.018023598176733553,0.9819764018232664,1,24.2779399973224,0,At-Risk
13821,29,4,965.44,340,6.203164306363282e-05,0.00017481342763299483,0.0003199651633054088,0.00017005500834540405,0.9998299449916546,1,0.3399655155018884,0,At-Risk
13823,16,5,2195.24,360,2.1741195958262788e-07,6.087542687286487e-07,1.1043310485363615e-06,5.131622207531106e-07,0.9999994868377793,1,0.002290337382253348,0,At-Risk
13824,15,7,1489.58,273,3.939914093930749e-09,1.0555445536462355e-08,1.8075803532881162e-08,5.240144394001423e-09,0.9999999947598556,1,2.6619640576758633e-05,0,At-Risk
13825,257,2,241.73,366,0.13155106543084139,0.38002298361322384,0.7198411112398185,0.7198968097422133,0.28010319025778674,0,465.9316882263462,2,Loyal Customers
13829,57,1,90.0,57,0.5200317855065604,1.3449622991646004,2.2321551593052966,0.8490103824290516,0.15098961757094842,0,1788.7723166390786,1,Champions
13830,217,1,132.70000000000002,217,0.14604012348521084,0.4191242830482266,0.7872823592435918,0.8490103824290516,0.15098961757094842,0,647.6649714406947,2,Loyal Customers
13831,5,13,3004.96,365,3.946574088892139e-24,1.0366148063500242e-23,1.7295177404837525e-23,3.885900488266215e-24,1.0,1,4.92780237200031e-20,0,At-Risk
13832,58,1,475.8,58,0.5118376748878953,1.3266231055824886,2.206773825523037,0.8490103824290516,0.15098961757094842,0,2237.936890552801,1,Champions
13833,40,1,288.86,40,0.7145156507231424,1.758432759804013,2.775209129859146,0.8490103824290516,0.15098961757094842,0,2531.5142818123054,1,Champions
13834,212,2,246.78,305,0.1562080928419294,0.44799732917740953,0.8402252620700211,0.7152638980841359,0.28473610191586407,0,546.9394201322611,2,Loyal Customers
13835,155,3,236.3,281,0.15411211472101347,0.4344971751538029,0.7960365012299103,0.4558273221761092,0.5441726778238908,0,424.6154022086339,2,Loyal Customers
13836,35,2,565.37,50,0.8525582979186909,2.0380470647000655,3.103451943914957,0.7199469196321209,0.2800530803678791,0,2726.817049900611,1,Champions
13838,5,7,1247.36,215,1.4107678195941706e-11,3.676436905351524e-11,6.086050911620602e-11,1.5017772186897572e-11,0.9999999999849822,1,7.679797293356079e-08,0,At-Risk
13839,122,1,139.95000000000002,122,0.2548636985474551,0.7087006219805443,1.2781812067643366,0.8490103824290516,0.15098961757094842,0,1057.512128235571,2,Loyal Customers
13840,52,1,639.8000000000001,52,0.5652818068057578,1.4448451535824043,2.368389285060374,0.8490103824290516,0.15098961757094842,0,2616.9994146215968,1,Champions
13842,2,10,2066.86,297,2.3693830215678407e-21,6.2155635435549005e-21,1.0360477053862715e-20,2.4554350703320976e-21,1.0,1,2.0573500787153547e-17,0,At-Risk
13843,17,1,304.15,17,1.447398694507076,3.015370542041162,4.139504380568189,0.8490103824290516,0.15098961757094842,0,3826.028422444238,1,Champions
13846,35,1,441.83,35,0.8028453972444919,1.9334071950450062,2.989335098243467,0.8490103824290516,0.15098961757094842,0,2980.9713293874966,1,Champions
13847,355,1,281.92,355,0.09013506511758879,0.26303511728972995,0.5054701046780289,0.8490103824290516,0.15098961757094842,0,457.1090650373328,2,Loyal Customers
13848,2,6,51.84,366,6.714174390373151e-14,1.8646964676623757e-13,3.345445961141885e-13,1.360304246342776e-13,0.999999999999864,1,8.02121780138705e-11,0,At-Risk
13849,33,3,1805.78,260,0.0025471837792318784,0.007147461850459062,0.013012868316995583,0.00698971853175407,0.9930102814682459,1,22.72004726224398,0,At-Risk
13851,15,5,1731.0500000000002,315,3.5874188644909624e-07,9.95175864213416e-07,1.7832590321188393e-06,7.447717359680834e-07,0.999999255228264,1,0.0030035346319953263,0,At-Risk
13852,246,1,187.35,246,0.129200115744668,0.3726508887534968,0.7047036836484107,0.8490103824290516,0.15098961757094842,0,600.8333290968772,2,Loyal Customers
13854,1,15,3119.9,336,6.021695557563176e-36,1.5428202200480047e-35,2.4968617167441547e-35,4.811174718254164e-36,1.0,1,7.404843371911079e-32,0,At-Risk
13855,136,4,1253.98,367,0.026945356266851465,0.07627029226584865,0.14042738147942868,0.07953962222300065,0.9204603777769993,1,182.14360215712057,0,At-Risk
13856,99,8,564.1,255,0.0023657041311344945,0.006218310485452486,0.010396932275263669,0.002611801130074648,0.9973881988699254,1,6.7629667936362345,0,At-Risk
13857,29,6,962.24,207,2.5046007881184743e-05,6.5906174740197e-05,0.00011044662995617513,2.9601893652498583e-05,0.9999703981063475,1,0.11307452577742377,0,At-Risk
13859,165,1,208.65,165,0.1905824031022901,0.5398561999054226,0.9967784565977948,0.8490103824290516,0.15098961757094842,0,861.9629723333338,2,Loyal Customers
13861,65,2,261.11,166,0.15998435262471858,0.4430897226836091,0.7938355307871713,0.40684890461673434,0.5931510953832657,0,525.2292734335048,0,At-Risk
13862,25,1,346.73,25,1.0666498486559604,2.4143585455321217,3.5351634737843702,0.8490103824290516,0.15098961757094842,0,3344.4579700653035,1,Champions
13863,101,3,878.47,229,0.11850368026356649,0.32971370720153037,0.5936611526548324,0.2878087357036203,0.7121912642963797,0,611.3697920107141,0,At-Risk
13864,22,1,93.15,22,1.183350105857577,2.60929209087968,3.7400339823139808,0.8490103824290516,0.15098961757094842,0,3015.2800724862213,1,Champions
13869,17,6,4742.71,327,3.4706017419091986e-08,9.555613589231841e-08,1.6950044092783972e-07,6.31279903301752e-08,0.9999999368720097,1,0.0007241871838367479,0,At-Risk
13870,23,7,2433.72,305,3.307694426839132e-08,8.960291977945979e-08,1.556013352431212e-07,4.883927182908065e-08,0.9999999511607282,1,0.0003574892082243397,0,At-Risk
13871,64,4,1419.65,355,0.0014041115747693174,0.003966965824776634,0.007285458589682864,0.004013437675229843,0.9959865623247701,1,10.432005538315035,0,At-Risk
13872,163,3,892.37,361,0.08037754664970435,0.22962602875899435,0.4282420413527348,0.30316493767717717,0.6968350623228228,0,445.28446671875,2,Loyal Customers
13873,19,5,564.82,282,2.408423654079862e-06,6.623973900747473e-06,1.1737422828631139e-05,4.4980295080059765e-06,0.999995501970492,1,0.00826427510299417,0,At-Risk
13874,140,6,1404.95,309,0.024255102862771723,0.06646917923744762,0.11718999077152104,0.041800352828033925,0.958199647171966,1,164.4475648384766,0,At-Risk
13875,23,9,2677.88,358,4.967518615303628e-11,1.341879405530949e-10,2.3207260541919066e-10,6.76109963034131e-11,0.999999999932389,1,5.867253698180084e-07,0,At-Risk
13877,106,2,290.67,325,0.06381324398106371,0.18350095547484827,0.34540934492197894,0.31088877188140435,0.6891112281185956,0,235.4565039325139,0,At-Risk
13878,183,3,1077.78,240,0.2783048141643021,0.7768488708118197,1.4046672359158046,0.7070632771365352,0.29293672286346484,0,1662.7513320906112,2,Loyal Customers
13879,281,1,390.6,281,0.11341625869730719,0.3286691133698274,0.6255270120358751,0.8490103824290516,0.15098961757094842,0,603.1770687448226,2,Loyal Customers
13880,3,5,1165.89,198,2.3326505969278967e-09,6.203062170857755e-09,1.053584791189694e-08,3.1190622124484847e-09,0.9999999968809378,1,1.2755214898814481e-05,0,At-Risk
13881,11,23,13012.7,281,7.491761255017307e-32,1.7658470337663504e-31,2.599767575934717e-31,3.452775819427293e-32,1.0,1,3.2001545809270446e-27,0,At-Risk
13883,39,9,3576.91,285,6.346281988285787e-08,1.6725450709930448e-07,2.804574976979175e-07,6.974099020973971e-08,0.9999999302590098,1,0.0009350194867738744,0,At-Risk
13884,12,5,1079.38,106,9.71247324788307e-05,0.000236293283035028,0.00036277557224850013,7.347858110943732e-05,0.9999265214188906,1,0.41379961184323716,0,At-Risk
13888,40,5,1460.77,211,0.0006952973165856766,0.001861619527249061,0.00318857752984891,0.0009867797697862455,0.9990132202302138,1,4.650703594285633,0,At-Risk
13889,18,5,1574.3300000000002,322,7.982841570565712e-07,2.2180633559221776e-06,3.982963631111654e-06,1.692587698400188e-06,0.9999983074123016,1,0.006183472463577025,0,At-Risk
13890,10,4,1032.72,369,4.802187473433596e-07,1.3596948069873735e-06,2.5044624239292537e-06,1.4250376340179919e-06,0.999998574962366,1,0.002797708493424603,0,At-Risk
13891,14,3,830.8100000000001,218,0.00034501002895927484,0.0009565177867343229,0.0017143471096115555,0.0007993105269707523,0.9992006894730292,1,1.7025185901124336,0,At-Risk
13892,113,2,89.01,211,0.18170658866524486,0.5113871271899563,0.9352937121375017,0.5818487079141659,0.4181512920858341,0,505.60189873024365,2,Loyal Customers
13895,151,2,1223.9,372,0.07651289839884556,0.22115949162877613,0.4192617106371602,0.4254313665090425,0.5745686334909574,0,560.1021209789442,2,Loyal Customers
13896,261,1,336.05,261,0.12192793188878992,0.3524381714756945,0.6684415879861427,0.8490103824290516,0.15098961757094842,0,624.5493584600422,2,Loyal Customers
13897,74,2,831.9300000000001,313,0.03808218528467,0.10933847267532022,0.20537406399562777,0.17883742637772068,0.8211625736222793,1,217.96129842304236,0,At-Risk
13898,47,1,524.9399999999999,47,0.6191609788056118,1.5607906492381476,2.522405309124176,0.8490103824290516,0.15098961757094842,0,2628.2318902891247,1,Champions
13900,25,3,812.14,260,0.001044420224130972,0.002930669458830778,0.005335658524145355,0.0028659900612858155,0.9971340099387141,1,5.220098646110835,0,At-Risk
13901,10,10,2559.26,339,1.6516287972087277e-15,4.399947882731356e-15,7.475285028677211e-15,1.9364293489561137e-15,0.9999999999999981,1,1.8153815509688513e-11,0,At-Risk
13902,268,5,687.6,360,0.23837049612523148,0.6674382464229226,1.2107886816873323,0.5626311146289806,0.43736888537101937,0,977.0139347870555,2,Loyal Customers
13903,36,1,165.45000000000002,36,0.7834733096968532,1.8956728209940945,2.9438982191432057,0.8490103824290516,0.15098961757094842,0,2485.771722586266,1,Champions
13905,368,1,305.4,368,0.08699781890140383,0.2541203397362457,0.4889842168697388,0.8490103824290516,0.15098961757094842,0,448.50148833853586,2,Loyal Customers
13906,45,1,11.34,45,0.6437039131747054,1.6125650053888003,2.5897928023576973,0.8490103824290516,0.15098961757094842,0,1964.5716656015788,1,Champions
13907,327,1,136.8,327,0.09772543740107617,0.2845344464844463,0.5450508271436733,0.8490103824290516,0.15098961757094842,0,449.4402936901836,2,Loyal Customers
13909,59,2,257.39,157,0.15957380523089262,0.44008904224492984,0.7842713136240942,0.38477099079505256,0.6152290092049475,0,516.91311854523,0,At-Risk
13911,15,11,1324.56,284,4.026150702472887e-14,1.0403943773794367e-13,1.7024334930569954e-13,3.667254482581064e-14,0.9999999999999634,1,2.2379026130353573e-10,0,At-Risk
13912,59,1,124.95,59,0.5038978630062442,1.3087781411818866,2.18196512092429,0.8490103824290516,0.15098961757094842,0,1790.4245287463352,1,Champions
13913,142,1,28.52,142,0.22030263114997295,0.6186940620434538,1.1298029831228156,0.8490103824290516,0.15098961757094842,0,865.2062513767945,2,Loyal Customers
13915,30,1,70.80000000000001,30,0.9161179766487617,2.1471934053186486,3.2393842631163787,0.8490103824290516,0.15098961757094842,0,2567.8415617668165,1,Champions
13916,99,4,1103.51,311,0.01723362013238635,0.04829878522800327,0.08775309885490355,0.04334904053068449,0.9566509594693156,1,103.1106584958275,0,At-Risk
13919,60,2,868.18,176,0.12414296155024213,0.3452792590485954,0.6219289456422612,0.33388428457019986,0.6661157154298001,0,676.4552185098298,0,At-Risk
13920,67,4,1474.67,198,0.034175463942526775,0.09241249716724084,0.16035090537257068,0.0558654263092584,0.9441345736907416,1,237.07479404265655,0,At-Risk
13921,38,4,681.5500000000001,357,0.00015025565017087178,0.00042464601839332857,0.0007802128855597286,0.0004318252031283595,0.9995681747968717,1,0.648749477478492,0,At-Risk
13922,73,2,637.3000000000001,103,0.44723439571510115,1.1861039118506125,2.0161267599841604,0.7247019903829258,0.2752980096170742,0,1868.5683706296606,1,Champions
13927,73,1,340.73,73,0.4139946420335804,1.1014201672914525,1.885381779834209,0.8490103824290516,0.15098961757094842,0,1770.357231448172,1,Champions
13929,52,9,1883.19,330,1.9991549620819715e-07,5.355877552480431e-07,9.166151358697386e-07,2.519948045836775e-07,0.9999997480051954,1,0.0016668757295632702,0,At-Risk
13931,28,9,3829.33,372,2.0180070429974452e-10,5.47144310643412e-10,9.507530129258843e-10,2.84810011063732e-10,0.9999999997151899,1,3.381570912215573e-06,0,At-Risk
13935,232,3,4466.9,288,0.24522194032115058,0.6923605403967895,1.2708885954936457,0.742774240072156,0.257225759927844,0,4830.8083486847245,1,Champions
13936,18,2,543.18,50,0.43530177099236905,1.0405921786176169,1.584569795020318,0.3675926560112509,0.6324073439887491,0,1367.4866222480398,0,At-Risk
13937,38,1,701.82,38,0.7474063005016703,1.8244684065273973,2.857057746874633,0.8490103824290516,0.15098961757094842,0,3258.451533732147,1,Champions
13939,67,4,941.66,248,0.010935169600272871,0.030154718760085766,0.053639856978941386,0.022136448432864372,0.9778635515671357,1,55.98951228264938,0,At-Risk
13941,8,11,3153.96,359,2.5516783466152042e-18,6.787055916849223e-18,1.1505974413034517e-17,2.8893579211835475e-18,1.0,1,3.419949006568158e-14,0,At-Risk
13942,170,1,8.64,170,0.18515239699032085,0.5253053857533035,0.9719057515594292,0.8490103824290516,0.15098961757094842,0,733.4501379337437,2,Loyal Customers
13943,213,1,234.04,213,0.14871370817483867,0.42646020226228365,0.8002174068456186,0.8490103824290516,0.15098961757094842,0,702.931177528679,2,Loyal Customers
13944,289,1,198.54,289,0.11033530274190713,0.3200357142260731,0.6098660842671451,0.8490103824290516,0.15098961757094842,0,523.6459767992662,2,Loyal Customers
13945,30,2,820.75,115,0.12054085971018778,0.32339783302988195,0.5572261120061531,0.21650817453513957,0.7834918254648604,0,588.1058343441066,0,At-Risk
13946,12,3,780.52,371,2.2263359648218206e-05,6.368350475504465e-05,0.00011897223245107783,8.623741566084981e-05,0.9999137625843392,1,0.11342780346261966,0,At-Risk
13948,47,3,432.06,371,0.0017736076640806919,0.005073338161615066,0.009477907495642013,0.0068700925540155985,0.9931299074459844,1,6.486151292097455,0,At-Risk
13952,16,12,8119.93,359,2.3684127267497436e-16,6.252905557593364e-16,1.0500684630379594e-15,2.4735341376261827e-16,0.9999999999999998,1,7.883946765460624e-12,0,At-Risk
13953,45,5,168.75,364,4.332218614795995e-05,0.00012138978615346512,0.0002204230559436573,0.00010334897070799123,0.999896651029292,1,0.08174814729000629,0,At-Risk
13955,11,1,199.24,11,1.977449732652053,3.7084734174816703,4.745091359348486,0.8490103824290516,0.15098961757094842,0,4119.493620535842,1,Champions
13957,53,3,444.65,294,0.006926576993643866,0.019579564611536503,0.035996533912501856,0.021403375917415122,0.9785966240825849,1,24.9923198828926,0,At-Risk
13958,15,8,4106.46,370,1.5589573835529276e-11,4.259075981317635e-11,7.475315677903473e-11,2.442765423824108e-11,0.9999999999755723,1,2.8284028351064284e-07,0,At-Risk
13959,35,3,455.31,147,0.03263822745685305,0.08741358290062706,0.1500527173954701,0.05204083468683568,0.9479591653131643,1,105.57529345885571,0,At-Risk
13961,28,1,481.2,28,0.9709216968192537,2.246610201014164,3.3515477052348936,0.8490103824290516,0.15098961757094842,0,3418.371391313819,1,Champions
13962,71,1,186.0,71,0.4248220561590045,1.1269214196452029,1.9227023024184036,0.8490103824290516,0.15098961757094842,0,1641.5396582596723,1,Champions
13963,3,14,2149.09,233,8.330332607924965e-26,2.0275865899124127e-25,3.0952255162306537e-25,5.0941834703226044e-26,1.0,1,6.409833742002044e-22,0,At-Risk
13964,23,2,434.9,66,0.32352611891023003,0.8098758740623739,1.291668302512064,0.34897020888259006,0.6510297911174099,0,1014.9376914449975,0,At-Risk
13965,112,3,766.32,339,0.03823804675854219,0.10890880665718544,0.20227318041351264,0.13566512082771132,0.8643348791722887,1,190.65218271794473,0,At-Risk
13966,71,1,281.24,71,0.4248220561590045,1.1269214196452029,1.9227023024184036,0.8490103824290516,0.15098961757094842,0,1742.4841548785837,1,Champions
13967,32,1,80.7,32,0.8671752801207654,2.056228284374122,3.1344959520926903,0.8490103824290516,0.15098961757094842,0,2501.1568300411336,1,Champions
13968,59,1,112.32,59,0.5038978630062442,1.3087781411818866,2.18196512092429,0.8490103824290516,0.15098961757094842,0,1775.2247618563688,1,Champions
13969,1,18,4178.84,260,7.938954011591776e-41,1.9061269186280697e-40,2.8642718167154504e-40,4.2647285890657574e-41,1.0,1,1.1368262031451322e-36,0,At-Risk
13970,22,2,437.65,73,0.23599056834265175,0.5995267791975845,0.9712466489344266,0.27873490722303196,0.721265092776968,0,764.7489868207845,0,At-Risk
13971,59,6,1856.62,318,9.328916056061168e-05,0.0002562676363443889,0.0004532288982850905,0.00016522897091312573,0.9998347710290869,1,0.8119493729052849,0,At-Risk
13974,218,1,258.33,218,0.14538668109111177,0.41732957748877864,0.7841137188833538,0.8490103824290516,0.15098961757094842,0,699.2438104721341,2,Loyal Customers
13975,29,6,2807.21,311,1.3327003102218987e-06,3.654154519977415e-06,6.447091056095871e-06,2.3108785340918057e-06,0.9999976891214659,1,0.016819647453678067,0,At-Risk
13976,142,3,801.88,304,0.10253377250623438,0.29037609692487787,0.5351826757666157,0.3272657657723032,0.6727342342276967,0,519.2149664224141,0,At-Risk
13977,47,1,478.77,47,0.6191609788056118,1.5607906492381476,2.522405309124176,0.8490103824290516,0.15098961757094842,0,2563.950198095385,1,Champions
13979,29,6,2471.76,372,3.6546534756141493e-07,1.0161880810445067e-06,1.8259856888381863e-06,7.520833969996023e-07,0.999999247916603,1,0.004235435131722005,0,At-Risk
13980,75,4,572.28,292,0.007552943257093287,0.021079377730110285,0.03808738260295631,0.017879931911298826,0.9821200680887012,1,28.294595271930753,0,At-Risk
13981,51,1,313.48,51,0.5752938924454016,1.466632543165519,2.397663878110847,0.8490103824290516,0.15098961757094842,0,2217.779519017754,1,Champions
13982,1,6,2298.23,324,5.9236324137710974e-15,1.6297359617945957e-14,2.888065107030207e-14,1.0680345528155884e-14,0.9999999999999893,1,6.270137290889091e-11,0,At-Risk
13983,2,10,3944.59,366,2.284313358152935e-22,6.135310357833907e-22,1.0531416531447862e-21,2.878133177628856e-22,1.0,1,3.8710794455169974e-18,0,At-Risk
13984,2,8,1068.99,368,3.8395979182920695e-18,1.0484780890044786e-17,1.839097188359567e-17,5.985436101845699e-18,1.0,1,2.0164714227952573e-14,0,At-Risk
13985,10,7,2889.07,304,9.455398435609102e-11,2.560593706723093e-10,4.44486613371189e-10,1.3917931888555846e-10,0.9999999998608207,1,1.1981186760664692e-06,0,At-Risk
13987,15,2,681.64,36,0.7011523457188054,1.5701363678908191,2.2527209469321234,0.4484955196249727,0.5515044803750273,0,2167.4849768045337,1,Champions
13988,19,2,601.59,261,0.0038793693867269887,0.011045805228254171,0.020515726170211385,0.015263226146146426,0.9847367738538536,1,18.46337045312424,0,At-Risk
13989,100,3,717.98,199,0.1800708393258945,0.4957517993731814,0.8805973533304619,0.3823751662867761,0.617624833713224,0,797.8936156721829,0,At-Risk
13992,16,2,141.8,99,0.05582147357515371,0.1473933922912212,0.24926387941727404,0.08718377156529852,0.9128162284347014,1,144.2309653177717,0,At-Risk
13993,15,10,3151.3,372,3.252340756878146e-14,8.749831471267178e-14,1.5051094386026902e-13,4.161062699341888e-14,0.9999999999999584,1,4.456727417221639e-10,0,At-Risk
13995,15,9,2465.01,357,1.0636691996488182e-12,2.8725090908041008e-12,4.966148454907622e-12,1.4438993790895539e-12,0.9999999999985562,1,1.1610855583656909e-08,0,At-Risk
13996,22,2,763.59,35,1.071667647185702,2.3851550604865657,3.404071264123056,0.6698288879442595,0.33017111205574046,0,3472.722921013607,1,Champions
13997,155,3,332.51,186,0.3834222634262879,1.0497521158924892,1.8516030106685177,0.7634759048452749,0.23652409515472506,0,1126.194733203895,2,Loyal Customers
13998,82,3,504.2,212,0.09248522247383177,0.25587539536295717,0.4573725737828095,0.2086217568879672,0.7913782431120329,0,338.7938265585084,0,At-Risk
13999,10,17,5343.43,370,1.6089656581646364e-26,4.126091050133229e-26,6.682890654250024e-26,1.250799471186927e-26,1.0,1,3.3668406968950967e-22,0,At-Risk
14000,50,4,1160.12,373,0.0003812884671779771,0.0010802236128634516,0.001991292114739921,0.0011433529702824844,0.9988566470297175,1,2.4307539669426577,0,At-Risk
14001,9,7,2326.96,129,5.0239304686806436e-08,1.2084890522792706e-07,1.8286005666494416e-07,3.371977880542943e-08,0.9999999662802211,1,0.00040440162855800077,0,At-Risk
14003,368,1,202.1,368,0.08699781890140383,0.2541203397362457,0.4889842168697388,0.8490103824290516,0.15098961757094842,0,420.72848816028693,2,Loyal Customers
14004,29,4,1511.89,71,0.18410735269601458,0.4284307010167192,0.6303002600477767,0.11887085213024833,0.8811291478697517,1,954.8926200918097,0,At-Risk
14006,164,4,680.43,288,0.150170580955634,0.41871140130897594,0.7556079953753957,0.35081384150360007,0.6491861584963999,0,627.8423995060978,2,Loyal Customers
14007,148,1,72.58,148,0.21169076655253954,0.5959883313290045,1.091788942348196,0.8490103824290516,0.15098961757094842,0,862.5147515408215,2,Loyal Customers
14008,68,1,509.04,68,0.44216870259997293,1.1674703104561752,1.9815471503690194,0.8490103824290516,0.15098961757094842,0,2044.8930773730913,1,Champions
14009,98,1,355.78,98,0.3139726671476822,0.8586226035888869,1.5174430167145458,0.8490103824290516,0.15098961757094842,0,1436.421423816055,1,Champions
14010,201,2,438.85,201,0.2787030477441493,0.7820347630265099,1.4247434181770515,0.85162442782021,0.14837557217979003,0,1120.0271365504423,2,Loyal Customers
14011,116,2,423.17,243,0.14091000823495084,0.3997467318615579,0.7388377722325459,0.517255462985792,0.48274453701420805,0,572.5150847722541,2,Loyal Customers
14013,16,2,582.3,259,0.002728770697497394,0.007766702606509082,0.014417938273885784,0.010656306134793512,0.9893436938652065,1,12.780638662741412,0,At-Risk
14014,12,2,1160.72,212,0.0027729604622720354,0.007806312731497564,0.014282532508029277,0.008920002781790675,0.9910799972182093,1,18.461318459730585,0,At-Risk
14016,32,7,6282.97,336,1.588420003092674e-07,4.341099619992265e-07,7.624560540367915e-07,2.5708451511414763e-07,0.9999997429154849,1,0.004315991564964998,0,At-Risk
14017,207,1,222.7,207,0.15291282030740708,0.43795867870987254,0.8204376887588551,0.8490103824290516,0.15098961757094842,0,715.5995148881927,2,Loyal Customers
14018,281,1,353.29,281,0.11341625869730719,0.3286691133698274,0.6255270120358751,0.8490103824290516,0.15098961757094842,0,590.3420813292214,2,Loyal Customers
14020,112,2,568.81,165,0.2786101114602167,0.7712874961660435,1.3810479557070758,0.7044401532784902,0.2955598467215098,0,1212.0790985962108,2,Loyal Customers
14021,10,4,1005.13,228,5.956525651005286e-06,1.6313029112541162e-05,2.8763197501898464e-05,1.1129533101657892e-05,0.9999888704668983,1,0.03151524376145859,0,At-Risk
14022,122,1,350.15000000000003,122,0.2548636985474551,0.7087006219805443,1.2781812067643366,0.8490103824290516,0.15098961757094842,0,1205.4361730763735,2,Loyal Customers
14024,26,1,295.04,26,1.032707500007532,2.3557168280528478,3.4717633488883806,0.8490103824290516,0.15098961757094842,0,3184.581507573216,1,Champions
14025,100,8,3439.08,219,0.010322633667589771,0.02660663930603553,0.04345158049838752,0.009901317420261225,0.9900986825797388,1,138.98168982471685,0,At-Risk
14026,106,2,713.11,261,0.10830829309590348,0.30838834637280427,0.5727795065664695,0.4261347157818939,0.5738652842181061,0,560.2866451644295,0,At-Risk
14028,186,3,352.35,186,0.42895909730333204,1.1744250738117985,2.0715071392123128,0.8541495009411079,0.14585049905889214,0,1291.7185141698199,2,Loyal Customers
14030,2,14,5067.92,365,6.855075591062912e-31,1.788327265622971e-30,2.9583502845664307e-30,6.300838358441957e-31,1.0,1,1.4058499395269036e-26,0,At-Risk
14031,1,27,18633.15,372,2.6736976121470798e-65,6.521196352840609e-65,9.958355737808268e-65,1.3626198980529454e-65,1.0,1,1.7586562239160846e-60,0,At-Risk
14032,2,6,1728.84,361,7.415948001462105e-14,2.0575145977232744e-13,3.686455996112403e-13,1.4827955951480872e-13,0.9999999999998517,1,6.197461856924804e-10,0,At-Risk
14033,191,1,5.13,191,0.16536421903212362,0.4718883891608814,0.8797197988451225,0.8490103824290516,0.15098961757094842,0,662.0778304176429,2,Loyal Customers
14035,42,4,1293.52,248,0.0015387491769301238,0.0042432399650649665,0.007547965764969571,0.0031149440796397147,0.9968850559203603,1,10.04037705790447,0,At-Risk
14037,114,4,662.16,368,0.013080598747479967,0.03703093673241307,0.06819454718017263,0.03871440046745963,0.9612855995325403,1,55.62571881106119,0,At-Risk
14038,33,2,1441.75,309,0.007551806570466643,0.021670321269615062,0.04067388542432791,0.0350215350547531,0.9649784649452469,1,60.56255639902177,0,At-Risk
14039,211,1,65.58,211,0.1500875500734796,0.43022533395064605,0.8068457596472755,0.8490103824290516,0.15098961757094842,0,633.988997481983,2,Loyal Customers
14040,22,23,8504.72,374,4.883106664787185e-28,1.2143234434689274e-27,1.8960580431161965e-27,2.898730602914714e-28,1.0,1,1.5267022730814824e-23,0,At-Risk
14042,361,1,413.28,361,0.08865944947356304,0.258844114550551,0.4977251785304045,0.8490103824290516,0.15098961757094842,0,486.04848451851126,2,Loyal Customers
14043,127,2,288.85,365,0.06284466737736356,0.18152672195360084,0.34380128667806203,0.3429891295750413,0.6570108704249586,0,233.89201961253713,0,At-Risk
14044,54,6,2290.1,320,5.13710239624739e-05,0.00014119054065307038,0.0002498740830586028,9.153123446149917e-05,0.9999084687655385,1,0.540758659106685,0,At-Risk
14045,9,13,2527.77,336,1.9223712668429692e-20,4.9966267554999207e-20,8.230187167809047e-20,1.7530059283457504e-20,1.0,1,1.9857436999839533e-16,0,At-Risk
14047,8,10,2801.03,312,4.70439810646576e-16,1.2414485870052136e-15,2.084478527885515e-15,5.103933380788425e-16,0.9999999999999994,1,5.517720396512499e-12,0,At-Risk
14048,18,2,302.53,18,2.2594822058048107,4.255706119399348,5.364045474341992,0.85162442782021,0.14837557217979003,0,3741.158160514665,1,Champions
14049,23,9,6696.7,253,1.7115116485457174e-09,4.4439646272895225e-09,7.318245844217851e-09,1.6842192655364414e-09,0.9999999983157807,1,4.4833479378687654e-05,0,At-Risk
14051,2,15,6494.650000000001,372,3.647883313102005e-33,9.477886264052234e-33,1.5599096862185206e-32,3.200706309627362e-33,1.0,1,9.484787809694089e-29,0,At-Risk
14052,26,1,232.05,26,1.032707500007532,2.3557168280528478,3.4717633488883806,0.8490103824290516,0.15098961757094842,0,3063.5807445806386,1,Champions
14053,33,2,125.49,122,0.12133559785513025,0.3274195758991972,0.5680742545023487,0.23037414634022796,0.769625853659772,0,322.0023272309514,0,At-Risk
14055,213,2,601.99,359,0.11857931475531083,0.3423071854525794,0.6477648381210479,0.636752782729969,0.36324721727003095,0,582.9202753898394,2,Loyal Customers
14057,17,5,2001.04,372,2.419948822032798e-07,6.790239763053399e-07,1.2352958967186132e-06,5.895300672766065e-07,0.9999994104699327,1,0.0023602008685785795,0,At-Risk
14058,98,2,456.69,166,0.24956109075893393,0.6911798102929602,1.238311482943329,0.6346474186034999,0.36535258139650006,0,989.3272018777425,2,Loyal Customers
14060,2,13,2271.6800000000003,274,5.493546507580742e-27,1.3869168999332817e-26,2.206913547288661e-26,4.1556974300024405e-27,1.0,1,4.8107958562382796e-23,0,At-Risk
14061,143,3,671.6,374,0.051668629689148114,0.14785045052796691,0.2763498699818596,0.20171632788131552,0.7982836721186845,0,240.2278720255656,0,At-Risk
14062,10,12,9872.81,365,7.224420589554126e-19,1.9110448820715613e-18,3.217025937288468e-18,7.662663111535498e-19,1.0,1,2.9294086474049594e-14,0,At-Risk
14063,322,7,2979.35,367,0.4031041967196762,1.1098847878353002,1.9682785091427404,0.7096488920707431,0.2903511079292569,0,5458.253146148237,1,Champions
14064,66,10,1684.83,323,5.149135712409395e-07,1.3643008428012975e-06,2.3022224735019863e-06,5.770008046510749e-07,0.9999994229991953,1,0.0037778563287055207,0,At-Risk
14065,25,3,844.94,67,0.24802348609428818,0.5946196889355155,0.9037203889761684,0.19372112245020098,0.806278877549799,1,910.9364893381427,0,At-Risk
14068,239,3,1205.72,313,0.2156113123572028,0.6115780377760389,1.1295741746429666,0.7079294044065017,0.29207059559349835,0,1448.1232029461712,2,Loyal Customers
14069,150,2,213.11,197,0.2521107655987766,0.7065181422348074,1.2850410732295603,0.7555972315600883,0.2444027684399117,0,806.6649324259654,2,Loyal Customers
14070,320,1,281.65,320,0.09982707673044794,0.2904699361944129,0.5559342557796789,0.8490103824290516,0.15098961757094842,0,502.7036285041019,2,Loyal Customers
14072,302,1,357.15,302,0.10567066927091165,0.30693430471760225,0.5860248526977717,0.8490103824290516,0.15098961757094842,0,554.2699996261456,2,Loyal Customers
14074,259,1,145.55,259,0.12284989821365307,0.35500556924419874,0.6730593116383553,0.8490103824290516,0.15098961757094842,0,558.3496141862272,2,Loyal Customers
14075,39,2,647.25,106,0.22515633129412513,0.598991187460707,1.0218549022450798,0.37473663402532387,0.6252633659746761,0,954.1327455641303,0,At-Risk
14077,31,1,113.32,31,0.8909744268178874,2.1007233476849643,3.186075398669065,0.8490103824290516,0.15098961757094842,0,2600.121293842212,1,Champions
14078,9,4,611.57,257,2.0725983650867647e-06,5.731221545936802e-06,1.0231362332131945e-05,4.341017758819618e-06,0.9999956589822412,1,0.007929905899100241,0,At-Risk
14080,49,4,708.79,373,0.0003500340440909945,0.000991677095642872,0.001828064816771837,0.001049631705289995,0.99895036829471,1,1.5604379886229431,0,At-Risk
14081,5,9,4173.34,365,5.326897418204807e-17,1.441668206371492e-16,2.4993114354310806e-16,7.384156403090394e-17,0.9999999999999999,1,9.658083028595148e-13,0,At-Risk
14082,28,1,223.01,28,0.9709216968192537,2.246610201014164,3.3515477052348936,0.8490103824290516,0.15098961757094842,0,2939.7370993894224,1,Champions
14083,7,3,368.1,357,4.867369184810092e-06,1.389800385009723e-05,2.590059030974009e-05,1.816045123585803e-05,0.9999818395487642,1,0.01644665828165091,0,At-Risk
14084,148,1,101.49,148,0.21169076655253954,0.5959883313290045,1.091788942348196,0.8490103824290516,0.15098961757094842,0,879.8869796617278,2,Loyal Customers
14085,4,15,5331.59,367,4.245890900084481e-29,1.101186465818014e-28,1.8084364178701214e-28,3.6791439513589847e-29,1.0,1,9.054405320731829e-25,0,At-Risk
14086,98,1,7.5,98,0.3139726671476822,0.8586226035888869,1.5174430167145458,0.8490103824290516,0.15098961757094842,0,1145.3181005094918,1,Champions
14087,40,2,606.65,371,0.006419188148309084,0.018552780891907282,0.03516661471669076,0.035598313489406765,0.9644016865105932,1,31.760089179809555,0,At-Risk
14088,42,3,9342.17,57,1.0078584908643284,2.3420110215980623,3.4532108621627216,0.6848456256875441,0.31515437431245585,0,26267.85474586986,1,Champions
14091,290,2,1102.68,334,0.16114890121211697,0.4639075644149495,0.8745397057391718,0.8063367408517375,0.19366325914826255,0,1094.112870882938,2,Loyal Customers
14092,10,10,3045.26,359,8.690595794367262e-16,2.3294787714276138e-15,3.9884569858551275e-15,1.0752564523188437e-15,0.9999999999999989,1,1.143035818785661e-11,0,At-Risk
14094,75,1,306.57,75,0.40370553174969354,1.0770488802538634,1.849486454620918,0.8490103824290516,0.15098961757094842,0,1701.7042240516105,1,Champions
14095,358,1,2.95,358,0.08939116800436163,0.2609227863710301,0.5015677362884462,0.8490103824290516,0.15098961757094842,0,376.6422725347459,2,Loyal Customers
14097,117,2,397.46,281,0.1040584023938388,0.2973411062682394,0.5549021905289269,0.4398959327881585,0.5601040672118416,0,419.892752791022,2,Loyal Customers
14099,11,9,2653.63,365,5.256531226860684e-14,1.4226243440816748e-13,2.466296527711426e-13,7.286614640675566e-14,0.9999999999999272,1,6.181507641823604e-10,0,At-Risk
14101,24,7,1982.79,257,1.8270207875162134e-07,4.863138063839838e-07,8.260960063646768e-07,2.29613139467161e-07,0.9999997703868605,1,0.0015731068057054961,0,At-Risk
14104,25,3,512.17,196,0.0034342777048441695,0.009443352494551716,0.01674810561971141,0.007187770594638546,0.9928122294053614,1,12.511281140703867,0,At-Risk
14105,44,4,4497.2300000000005,357,0.00027925329085530434,0.0007892135700060847,0.0014500420823609357,0.0008025562360598105,0.9991974437639402,1,5.706228083212412,0,At-Risk
14106,373,1,180.0,373,0.0858485693712795,0.2508504236976269,0.4829263635301265,0.8490103824290516,0.15098961757094842,0,409.6440890258075,2,Loyal Customers
14107,84,4,2044.03,366,0.003773993864301975,0.010680872570884278,0.019661385451229422,0.011110981775599788,0.9888890182244002,1,38.13681003983998,0,At-Risk
14108,367,2,412.55,374,0.15137447486980682,0.4376298784522166,0.829854326097776,0.8461152978324966,0.15388470216750338,0,636.5220479031752,2,Loyal Customers
14110,71,21,6404.63,374,6.083532622346939e-15,1.5281713186685874e-14,2.414476963725573e-14,3.9277823230657214e-15,0.9999999999999961,1,1.4637825146569402e-10,0,At-Risk
14112,87,6,2843.32,290,0.0020388755270731055,0.005556507802017726,0.009726954409798703,0.003308048015239475,0.9966919519847606,1,25.682838694313382,0,At-Risk
14113,11,12,3277.11,367,2.0659629655183005e-18,5.468470357973553e-18,9.212817939452471e-18,2.2024960287967307e-18,1.0,1,2.8483161631356805e-14,0,At-Risk
14114,31,5,928.37,242,7.873615967537073e-05,0.00021368275580313113,0.000372237311016796,0.0001271579866891114,0.9998728420133108,1,0.3760207035661187,0,At-Risk
14115,137,2,492.47,302,0.10763762281490932,0.30856737384373806,0.5783857442935445,0.48813410701592913,0.5118658929840709,0,476.16267910823564,2,Loyal Customers
14118,64,1,412.35,64,0.46762869042445254,1.2263107817086956,2.065867788512742,0.8490103824290516,0.15098961757094842,0,2022.137038322941,1,Champions
14119,11,2,149.8,354,0.0004370364242541145,0.0012609481247252874,0.0023844333076802064,0.002314812618655303,0.9976851873813447,1,1.3897219003085588,0,At-Risk
14122,42,3,303.47,373,0.001206278899156153,0.0034513623881165666,0.006449928186781117,0.004697085348752246,0.9953029146512478,1,3.7735511485443034,0,At-Risk
14123,369,1,430.93,369,0.08676551395554341,0.2534595538151165,0.4877605147990712,0.8490103824290516,0.15098961757094842,0,481.04339422042733,2,Loyal Customers
14126,80,1,455.58,80,0.38008976190222116,1.0205967970533638,1.7654710474525415,0.8490103824290516,0.15098961757094842,0,1769.1045314813393,1,Champions
14127,16,3,1136.37,61,0.10048653740164208,0.2366737503867257,0.35349238515935905,0.07236231794941184,0.9276376820505882,1,436.44515593782893,0,At-Risk
14128,187,1,286.71,187,0.1688005060601413,0.48120871460947523,0.8959047571241548,0.8490103824290516,0.15098961757094842,0,813.0757457712439,2,Loyal Customers
14129,35,4,1432.29,215,0.0015007882009224604,0.00408923675064816,0.007163589763530432,0.002652112293442159,0.9973478877065578,1,10.341727894326493,0,At-Risk
14130,11,3,1247.52,364,1.834473861313738e-05,5.242831601050146e-05,9.782800562668579e-05,6.975196051716365e-05,0.9999302480394828,1,0.1285469997290371,0,At-Risk
14131,284,1,187.87,284,0.1122409452601516,0.325377542955536,0.6195607650698525,0.8490103824290516,0.15098961757094842,0,528.3429953285602,2,Loyal Customers
14133,369,1,205.2,369,0.08676551395554341,0.2534595538151165,0.4877605147990712,0.8490103824290516,0.15098961757094842,0,420.50614268002516,2,Loyal Customers
14134,18,15,7982.78,365,1.2937656095726212e-19,3.3529785508053244e-19,5.501600366298955e-19,1.1154335454556177e-19,1.0,1,4.101369791124948e-15,0,At-Risk
14135,3,11,2416.02,373,6.449806129189087e-23,1.7227626758786733e-22,2.9360165245708936e-22,7.570067623824245e-23,1.0,1,6.761318342825674e-19,0,At-Risk
14136,36,5,1511.37,367,1.2846826392801122e-05,3.6016231479174264e-05,6.544568082453414e-05,3.0890720400405376e-05,0.9999691092795996,1,0.09811449438390601,0,At-Risk
14137,331,1,223.2,331,0.09656375937786255,0.2812504017394941,0.5390209948524082,0.8490103824290516,0.15098961757094842,0,470.0722234224593,2,Loyal Customers
14139,126,3,649.3299999999999,178,0.34272511705432573,0.934781040566393,1.6409912044452877,0.6545459543726386,0.3454540456273614,0,1400.1605076435133,2,Loyal Customers
14142,9,2,660.94,282,0.0005907106172460044,0.0016882010684340168,0.0031512456562082063,0.002505818880202945,0.997494181119797,1,2.9668845783787203,0,At-Risk
14144,122,1,30.6,122,0.2548636985474551,0.7087006219805443,1.2781812067643366,0.8490103824290516,0.15098961757094842,0,980.5592533386074,2,Loyal Customers
14145,95,3,1420.95,246,0.07976643117433088,0.22302590997445762,0.4041405061608705,0.2075246351552855,0.7924753648447145,0,585.5257125810853,0,At-Risk
14146,19,7,4730.57,331,4.3300216454592235e-09,1.181819284893578e-08,2.0721729402388502e-08,6.908960621387793e-09,0.9999999930910394,1,8.919058453949255e-05,0,At-Risk
14147,24,7,990.87,276,1.0178342291065452e-07,2.729991849884497e-07,4.6816813925324963e-07,1.367715084731747e-07,0.9999998632284915,1,0.00048529219072317934,0,At-Risk
14148,50,1,256.59000000000003,50,0.5856671790483223,1.4890884698630558,2.4276739288246696,0.8490103824290516,0.15098961757094842,0,2169.4729042142303,1,Champions
14151,309,2,667.5,352,0.15381571910385833,0.44369809587133957,0.8387796096624349,0.8101964278210807,0.1898035721789193,0,793.3594578945197,2,Loyal Customers
14152,23,5,1316.56,295,4.882502639371327e-06,1.347696638141001e-05,2.3992446663542646e-05,9.519590028149304e-06,0.9999904804099718,1,0.03205513064999819,0,At-Risk
14153,119,1,233.4,119,0.26100576360964267,0.7245120938026921,1.3038728044604624,0.8490103824290516,0.15098961757094842,0,1145.907278766395,2,Loyal Customers
14154,17,6,4678.73,331,3.178849563634809e-08,8.760885822407011e-08,1.5560129003862291e-07,5.849635322887133e-08,0.9999999415036468,1,0.0006562266079274357,0,At-Risk
14156,7,91,73183.57,374,4.492558953109214e-154,9.50158692863158e-154,1.2568130039724249e-153,7.52980471359941e-155,1.0,1,8.90233024643326e-149,3,Hibernating/Lost
14157,25,3,565.45,282,0.0007408720646343118,0.0020892199596931832,0.0038286960871802794,0.0021988631768594213,0.9978011368231405,1,3.0156903689341017,0,At-Risk
14159,15,9,2924.07,372,6.987198043201915e-13,1.894446141772732e-12,3.291911004243445e-12,9.861333035948852e-13,0.9999999999990139,1,9.045826827204599e-09,0,At-Risk
14160,246,7,4419.28,334,0.2527526421150286,0.690403017861801,1.2117806048909867,0.4067632111034324,0.5932367888965676,0,4885.9911203258525,1,Champions
14161,5,5,2109.46,362,6.144704593333767e-10,1.7211432479541796e-09,3.1238064605523405e-09,1.4581113165123393e-09,0.9999999985418887,1,6.253385790173929e-06,0,At-Risk
14163,98,1,148.71,98,0.3139726671476822,0.8586226035888869,1.5174430167145458,0.8490103824290516,0.15098961757094842,0,1263.3458376293947,1,Champions
14166,141,2,249.5,262,0.1479699392036096,0.4213976804221315,0.7828742652033039,0.5843491675924912,0.4156508324075088,0,511.20125780550217,2,Loyal Customers
14167,100,4,704.05,317,0.01630194556854783,0.04574359441409945,0.08324571579720434,0.041767935920732406,0.9582320640792676,1,70.75697082023842,0,At-Risk
14168,56,2,360.65,200,0.07988139939607403,0.22407522729559262,0.4080633299911307,0.24292119434267606,0.7570788056573239,0,298.3983771148082,0,At-Risk
14169,66,2,556.4300000000001,80,0.6138041804142546,1.5789966569601581,2.593043961188693,0.7878894934011307,0.21211050659886932,0,2257.709482233959,1,Champions
14170,11,3,561.48,31,0.42291379023905556,0.8499271899367837,1.109699793249201,0.1759493217020449,0.8240506782979551,1,878.4505997824658,0,At-Risk
14171,366,1,124.83,366,0.08746618074328065,0.2554523028732746,0.4914501394789375,0.8490103824290516,0.15098961757094842,0,401.97239844149914,2,Loyal Customers
14172,241,3,340.07,278,0.2684825413803023,0.7564673757411294,1.3847439194349553,0.7859128876922186,0.21408711230778144,0,849.6492947048694,2,Loyal Customers
14173,277,2,122.41,366,0.13758457160075724,0.3974524966987383,0.7528561671939478,0.7529144202728237,0.24708557972717626,0,424.3138960118671,2,Loyal Customers
14175,54,5,4001.22,263,0.000848947096710354,0.0023212447622112916,0.0040822544827968255,0.0014836356918046236,0.9985163643081953,1,14.672223972893727,0,At-Risk
14176,3,2,334.21000000000004,17,0.3447778074216658,0.6391291780230955,0.7974533642080611,0.12493626314849654,0.8750637368515035,1,574.3051940625119,0,At-Risk
14177,17,9,1429.93,287,3.0507361028111883e-11,8.046803107969676e-11,1.3506893033732143e-10,3.3744411906005786e-11,0.9999999999662555,1,1.9099074180984712e-07,0,At-Risk
14180,8,9,889.58,184,3.348004418300957e-12,8.28925895603391e-12,1.292041075962372e-11,2.465804574924507e-12,0.9999999999975342,1,1.2048618998629274e-08,0,At-Risk
14181,46,2,305.3,198,0.057765761740345735,0.16193566063914025,0.29465769478612497,0.17397491525681477,0.8260250847431853,1,204.0283844278339,0,At-Risk
14182,79,4,644.97,232,0.030082561138697988,0.0825073158172052,0.14574926216027997,0.057145882174206464,0.9428541178257935,1,116.95332246120758,0,At-Risk
14183,47,2,278.69,117,0.23105845191390414,0.6209698042229372,1.0721443975830127,0.42178070615829916,0.5782192938417008,0,723.1921656200861,0,At-Risk
14186,63,5,1505.0,280,0.0012878214816211657,0.0035398813498176474,0.006267816647276257,0.0023888978689358843,0.9976111021310641,1,9.368251962373638,0,At-Risk
14187,109,1,117.35,109,0.28380437064769737,0.7827256441628218,1.397521628663345,0.8490103824290516,0.15098961757094842,0,1139.1094397551522,2,Loyal Customers
14189,4,2,935.32,24,0.22796624382959751,0.4636938526831071,0.6162519206194977,0.10585549974829232,0.8941445002517077,1,704.9434558245666,0,At-Risk
14190,302,1,15.0,302,0.10567066927091165,0.30693430471760225,0.5860248526977717,0.8490103824290516,0.15098961757094842,0,444.0073061609613,2,Loyal Customers
14191,30,2,132.0,364,0.003636642131470452,0.010503380744453474,0.01989005053564966,0.019794539696895874,0.9802054603031041,1,11.343953259559873,0,At-Risk
14192,24,1,293.74,24,1.1029021568127397,2.4760057164967324,3.60091939565437,0.8490103824290516,0.15098961757094842,0,3301.708598972308,1,Champions
14193,32,1,355.90000000000003,32,0.8671752801207654,2.056228284374122,3.1344959520926903,0.8490103824290516,0.15098961757094842,0,2978.0052113543125,1,Champions
14194,28,15,6946.31,338,3.3581239365184297e-16,8.61115622829569e-16,1.3950161665182634e-15,2.6976838503111266e-16,0.9999999999999998,1,9.067359228206511e-12,0,At-Risk
14195,75,4,363.15,270,0.011296106372546839,0.03135192957704676,0.0562386312252637,0.02480404239854924,0.9751959576014507,1,32.21388032756347,0,At-Risk
14197,46,1,363.2,46,0.6311938485938098,1.586254503197243,2.5556533045571,0.8490103824290516,0.15098961757094842,0,2434.9046928135886,1,Champions
14198,36,5,780.08,339,2.106589696882707e-05,5.874614224197027e-05,0.00010599865460698283,4.692780296447306e-05,0.9999530721970356,1,0.0937819651242195,0,At-Risk
14199,59,3,775.8,166,0.09354175914121127,0.2535295076998835,0.4415876912747107,0.1672294204487772,0.8327705795512228,1,420.0326880884321,0,At-Risk
14200,253,1,370.3,253,0.12570139884396522,0.36293724556065293,0.6873035965795703,0.8490103824290516,0.15098961757094842,0,655.1401309281393,2,Loyal Customers
14201,45,3,431.85,224,0.01275900075609019,0.03544358967441614,0.06368735965566907,0.03033859912206946,0.9696614008779305,1,43.60967771101916,0,At-Risk
14202,17,3,612.61,260,0.0003038420555813408,0.000852588462025927,0.0015522463242277538,0.0008337719735572394,0.9991662280264427,1,1.2793571512197515,0,At-Risk
14203,33,1,289.6,33,0.8446154414767705,2.0135846796796857,3.084563520714559,0.8490103824290516,0.15098961757094842,0,2817.147656573958,1,Champions
14204,58,3,842.65,373,0.0034103373272730882,0.009757536163796102,0.01823494622097591,0.013279387963631855,0.9867206120363682,1,18.259785103342722,0,At-Risk
14205,30,7,1747.11,278,4.738366154123028e-07,1.2718534724950868e-06,2.183153609731108e-06,6.410570648018464e-07,0.9999993589429352,1,0.0037064538728261735,0,At-Risk
14206,24,2,805.5699999999999,38,1.0044813828048784,2.275543986083572,3.297790265473134,0.6718980258352113,0.3281019741647887,0,3460.5133406875507,1,Champions
14207,323,1,157.8,323,0.09891540647699539,0.28789609811606465,0.5512171414151054,0.8490103824290516,0.15098961757094842,0,460.8947131824104,2,Loyal Customers
14208,187,1,376.74,187,0.1688005060601413,0.48120871460947523,0.8959047571241548,0.8490103824290516,0.15098961757094842,0,857.4539866591809,2,Loyal Customers
14209,21,9,2669.9700000000003,322,6.406213090137854e-11,1.7118024325574529e-10,2.9200226082447435e-10,7.891036432774336e-11,0.9999999999210897,1,7.364052407458446e-07,0,At-Risk
14210,7,11,3812.22,338,1.284022091374373e-18,3.3918136338005897e-18,5.700872363129171e-18,1.3743043570636169e-18,1.0,1,2.0351760486914727e-14,0,At-Risk
14211,47,9,2080.46,366,2.7428892627734055e-08,7.425292925584674e-08,1.2877011345164074e-07,3.8120500150104377e-08,0.9999999618794998,1,0.00025679769403761076,0,At-Risk
14212,81,1,480.79,81,0.37569438108036607,1.0100098979615217,1.7495780374787264,0.8490103824290516,0.15098961757094842,0,1777.4294915083874,1,Champions
14213,40,1,656.1,40,0.7145156507231424,1.758432759804013,2.775209129859146,0.8490103824290516,0.15098961757094842,0,3094.395140450714,1,Champions
14215,4,4,1446.92,367,1.277301672568278e-08,3.615471657292113e-08,6.65673622800523e-08,3.7704490337681075e-08,0.9999999622955097,1,9.678884749073362e-05,0,At-Risk
14216,50,1,289.09,50,0.5856671790483223,1.4890884698630558,2.4276739288246696,0.8490103824290516,0.15098961757094842,0,2213.0133673204273,1,Champions
14217,2,7,1227.11,163,3.973031080466167e-13,9.952280795090525e-13,1.5736901466756413e-12,3.2841131342680727e-13,0.9999999999996716,1,1.960087053215913e-09,0,At-Risk
14219,45,2,503.34,129,0.17309947056843666,0.46954566429999606,0.8198169912127625,0.3464010696388408,0.6535989303611591,0,682.2135079048452,0,At-Risk
14220,203,2,768.2,205,0.2725496629945216,0.7657061673381523,1.397221051237643,0.848789139352621,0.151210860647379,0,1421.2701090494918,2,Loyal Customers
14221,85,8,3007.65,248,0.0008717895728300335,0.00228373084234507,0.003802593261157806,0.0009379232643568568,0.9990620767356432,1,10.704026061280373,0,At-Risk
14224,26,5,656.58,180,0.00019796237724647718,0.0005207087814725869,0.0008727972045990538,0.00024220376919319191,0.9997577962308068,1,0.682731989658211,0,At-Risk
14225,70,4,1847.2,332,0.002906854071019344,0.008180164638113436,0.014943657053541745,0.007787651385098311,0.9922123486149017,1,26.597776533253985,0,At-Risk
14226,77,1,697.38,77,0.39391554781031374,1.053734005428174,1.8149360557719811,0.8490103824290516,0.15098961757094842,0,2060.71573136697,1,Champions
14227,50,5,2923.09,305,0.0002260288698346399,0.0006255054648079359,0.0011173014967627533,0.00045497355538340117,0.9995450264446166,1,3.001683372422858,0,At-Risk
14228,73,3,706.8000000000001,182,0.11747026000440781,0.32101944107175917,0.5649099851841938,0.22912819114170327,0.7708718088582968,0,507.07764800245104,0,At-Risk
14229,39,4,855.74,107,0.08211921126094363,0.20574245785154988,0.3265586490177399,0.07602231580053358,0.9239776841994665,1,318.8714885367646,0,At-Risk
14230,71,3,860.8000000000001,184,0.10533868920796753,0.2881365679123482,0.5076420150165206,0.20760860290294988,0.7923913970970501,0,516.0983361624374,0,At-Risk
14231,86,1,309.91,86,0.3551592027727262,0.9602106440711874,1.6742302168152294,0.8490103824290516,0.15098961757094842,0,1542.9999457509207,1,Champions
14233,101,3,1233.3000000000002,280,0.05873867021693325,0.16557047821939355,0.3032546400131427,0.1731374957899381,0.8268625042100619,1,395.30408705501935,0,At-Risk
14235,134,4,1482.26,255,0.13345381466710154,0.36881004588962846,0.657887966888465,0.2774361854107074,0.7225638145892925,0,976.1404062225743,0,At-Risk
14236,8,4,1170.38,141,2.9245207627781208e-05,7.617044074194248e-05,0.0001263211914751166,3.4817766627298985e-05,0.9999651822333727,1,0.1556198756479985,0,At-Risk
14237,9,2,414.71,226,0.0012089022013056277,0.0034159336659429487,0.006280449240484786,0.004136657866427341,0.9958633421335726,1,4.829892396890119,0,At-Risk
14238,298,2,244.63,370,0.14070976172143826,0.40664075224054647,0.7706799945585908,0.7782604869948553,0.22173951300514472,0,500.39972862642315,2,Loyal Customers
14239,67,10,1858.27,370,1.3108519036182414e-07,3.5246725254848095e-07,6.058762669911181e-07,1.6686123956631757e-07,0.9999998331387604,1,0.0010884467257983555,0,At-Risk
14240,59,1,345.7,59,0.5038978630062442,1.3087781411818866,2.18196512092429,0.8490103824290516,0.15098961757094842,0,2056.089496359959,1,Champions
14241,332,1,67.5,332,0.09627764246597172,0.2804412025709942,0.5375343323771706,0.8490103824290516,0.15098961757094842,0,422.75354342247766,2,Loyal Customers
14243,1,8,4601.31,112,2.6568474925715523e-15,6.077359938100412e-15,8.73075231416426e-15,1.4061910389248612e-15,0.9999999999999986,1,3.704097308221365e-11,0,At-Risk
14244,296,1,256.8,296,0.1077735911332931,0.3128452350817516,0.5967925194803021,0.8490103824290516,0.15098961757094842,0,531.5301440618787,2,Loyal Customers
14247,40,4,587.88,187,0.0054280271624458495,0.014595698344573119,0.02515057209008402,0.008407721283838253,0.9915922787161617,1,19.02315625396968,0,At-Risk
14248,95,2,674.39,151,0.28728019934460935,0.789858521805798,1.4021814180882788,0.6674573729608714,0.3325426270391286,0,1334.8049435868143,1,Champions
14249,46,12,5145.11,315,4.5648516233749727e-10,1.1856886791212488e-09,1.951781324197371e-09,4.222678125077266e-10,0.9999999995777322,1,9.363823248961038e-06,0,At-Risk
14252,17,1,145.99,17,1.447398694507076,3.015370542041162,4.139504380568189,0.8490103824290516,0.15098961757094842,0,3463.009733828023,1,Champions
14253,129,2,351.45000000000005,259,0.13857796436877629,0.39442443370371366,0.7322009644204148,0.5411701368695156,0.45882986313048435,0,530.483610348632,2,Loyal Customers
14254,68,1,598.33,68,0.44216870259997293,1.1674703104561752,1.9815471503690194,0.8490103824290516,0.15098961757094842,0,2142.439349856546,1,Champions
14256,127,3,1410.18,330,0.059396073028146,0.16894173106217733,0.31319601865720037,0.20529266210418715,0.7947073378958128,0,450.93997547514834,0,At-Risk
14257,16,4,2727.83,284,1.3177288596923932e-05,3.670569065558759e-05,6.615460978636916e-05,3.0372658443879793e-05,0.9999696273415561,1,0.16518755376665747,0,At-Risk
14258,31,16,12490.19,371,3.143718446171427e-17,8.114013531648016e-17,1.3245813640526565e-16,2.591580544789698e-17,1.0,1,1.542875313180592e-12,0,At-Risk
14260,107,3,793.87,184,0.25335819477130395,0.6930194522332267,1.2209689097301273,0.49933544119424456,0.5006645588057554,0,1178.1313833701008,2,Loyal Customers
14263,59,1,322.93,59,0.5038978630062442,1.3087781411818866,2.18196512092429,0.8490103824290516,0.15098961757094842,0,2028.6865912067892,1,Champions
14264,15,4,1089.39,247,2.0898388013180395e-05,5.7610798875870084e-05,0.00010243715455996182,4.2142462017757776e-05,0.9999578575379823,1,0.11924333608919414,0,At-Risk
14265,100,2,787.54,248,0.11277457882595328,0.3202719222640782,0.5927903471665715,0.42223414983417384,0.5777658501658262,0,610.854918051757,0,At-Risk
14266,64,1,40.56,64,0.46762869042445254,1.2263107817086956,2.065867788512742,0.8490103824290516,0.15098961757094842,0,1598.6115699306079,1,Champions
14268,106,1,353.95,106,0.2914415965449339,0.8020602928562117,1.4283025566315426,0.8490103824290516,0.15098961757094842,0,1350.3748216060326,1,Champions
14269,75,1,270.33,75,0.40370553174969354,1.0770488802538634,1.849486454620918,0.8490103824290516,0.15098961757094842,0,1664.7617173901203,1,Champions
14271,45,1,106.81,45,0.6437039131747054,1.6125650053888003,2.5897928023576973,0.8490103824290516,0.15098961757094842,0,2101.0651608850803,1,Champions
14272,198,2,454.33,218,0.24869170688563932,0.7012616787371441,1.2858144147972228,0.821841096495531,0.17815890350446895,0,1024.6396971719814,2,Loyal Customers
14274,322,1,256.6,322,0.09921744070567688,0.28874896046472914,0.552780590043945,0.8490103824290516,0.15098961757094842,0,492.2350089668243,2,Loyal Customers
14275,31,6,919.73,243,1.1929935864870384e-05,3.195998944776725e-05,5.4749752843235195e-05,1.6379518918903263e-05,0.9999836204810811,1,0.05402164831720787,0,At-Risk
14276,43,4,981.14,296,0.0006751503888907974,0.0018860065640120766,0.0034118910022437102,0.0016193198169244328,0.9983806801830756,1,3.6696507262057487,0,At-Risk
14277,47,5,920.48,362,5.627309384886392e-05,0.00015762198824747166,0.0002860776322934308,0.00013353357140261232,0.9998664664285973,1,0.2868294049111335,0,At-Risk
14278,45,1,184.83,45,0.6437039131747054,1.6125650053888003,2.5897928023576973,0.8490103824290516,0.15098961757094842,0,2212.6103845366856,1,Champions
14279,156,2,191.86,317,0.11235399875795077,0.3227532258979078,0.6066776820135534,0.5342071730728801,0.4657928269271199,0,371.52884180918943,2,Loyal Customers
14281,44,1,208.65,44,0.6567201471810661,1.6397651810860014,2.624860182582912,0.8490103824290516,0.15098961757094842,0,2277.2731723861493,1,Champions
14282,3,11,2229.3,298,9.959175380179361e-22,2.590065520780254e-21,4.270987063687893e-21,9.483049802236155e-22,1.0,1,9.119545779485509e-18,0,At-Risk
14283,99,4,603.34,205,0.12527402241415128,0.33986011935531024,0.5921327493382937,0.2116147585504188,0.7883852414495812,0,455.21548015418557,0,At-Risk
14284,289,1,668.15,289,0.11033530274190713,0.3200357142260731,0.6098660842671451,0.8490103824290516,0.15098961757094842,0,681.147509337634,2,Loyal Customers
14285,149,4,1231.91,367,0.03831366986527786,0.1084489204545016,0.19967404701444483,0.11309758894559452,0.8869024110544055,1,255.4060641881891,0,At-Risk
14286,40,4,3502.53,371,0.00015257232917234714,0.00043212321954333205,0.0007962613748548987,0.0004551333345364845,0.9995448666654635,1,2.4890534661481483,0,At-Risk
14290,49,3,2062.11,367,0.0021234358874743357,0.006070981462647334,0.011333965109938244,0.00813873148496549,0.9918612685150345,1,22.02151395974932,0,At-Risk
14291,16,12,3786.43,366,1.835711987912093e-16,4.857474052662982e-16,8.180239735355115e-16,1.9520485310357388e-16,0.9999999999999998,1,2.908999144547726e-12,0,At-Risk
14292,46,7,3140.67,266,1.4706976559603171e-05,3.929338020011508e-05,6.7057834585185e-05,1.908915954657561e-05,0.9999809108404534,1,0.19557805320996174,0,At-Risk
14293,4,6,1929.67,365,2.9303692470260976e-12,8.136749283815002e-12,1.459425681351197e-11,5.921422446578053e-12,0.9999999999940786,1,2.705356047703521e-08,0,At-Risk
14294,43,1,373.34,43,0.6702739205654435,1.6679010256723819,2.6608938258561783,0.8490103824290516,0.15098961757094842,0,2550.6924822311016,1,Champions
14295,74,3,1981.73,366,0.0080219611436386,0.022932186900733304,0.042804910123719224,0.030665047714454025,0.969334952285546,1,80.51215219630892,0,At-Risk
14296,57,2,439.55,210,0.07219900286613141,0.20313560905234096,0.3713828821282306,0.23013337171982015,0.7698666282801798,0,292.1141611244039,0,At-Risk
14298,11,38,30138.99,364,7.931766755628668e-57,1.8475883155622064e-56,2.6834795537136604e-56,2.8983534597131906e-57,1.0,1,7.725103245714039e-52,3,Hibernating/Lost
14299,1,19,6992.900000000001,373,3.2607322155463665e-46,8.275966339584725e-46,1.3237728512005611e-45,2.303774765161609e-46,1.0,1,8.728947481697331e-42,0,At-Risk
14301,52,3,1020.34,302,0.005827869576068511,0.016498555548795667,0.03039313992054862,0.0184827114425361,0.9815172885574639,1,34.61477074175838,0,At-Risk
14302,66,3,668.6500000000001,373,0.005156041724420272,0.014752283648228016,0.027569162383443816,0.020076922557686755,0.9799230774423132,1,23.902853939922124,0,At-Risk
14303,43,2,277.94,70,0.5772169537337968,1.4576085800585088,2.3462345856933333,0.6564143695274555,0.34358563047254453,0,1583.9866742069237,1,Champions
14304,15,2,1315.74,206,0.00494230258841417,0.013889155183470026,0.02535410080432402,0.015463977092813773,0.9845360229071862,1,35.5318236627661,0,At-Risk
14306,14,4,328.68,313,4.550509075051076e-06,1.2758478196980195e-05,2.3193320393129026e-05,1.1517182002543336e-05,0.9999884828179975,1,0.012631039481450588,0,At-Risk
14307,9,5,2002.47,368,1.0156937883844371e-08,2.8480085710847475e-08,5.1763737748254226e-08,2.4486934943532772e-08,0.9999999755130651,1,9.89658203578086e-05,0,At-Risk
14309,49,2,1310.16,186,0.07711369831048845,0.21529299000362978,0.3896856011582056,0.21869257579639814,0.7813074242036019,0,544.6873954764021,0,At-Risk
14310,68,1,492.1,68,0.44216870259997293,1.1674703104561752,1.9815471503690194,0.8490103824290516,0.15098961757094842,0,2026.3867064931524,1,Champions
14311,203,1,206.19,203,0.1558465011483279,0.4459751951003276,0.8344957568896479,0.8490103824290516,0.15098961757094842,0,720.2989132791781,2,Loyal Customers
14312,14,5,1297.68,140,3.8495028984221934e-05,9.795380802185975e-05,0.00015795553121127786,3.737880840240506e-05,0.9999626211915976,1,0.2090060403903579,0,At-Risk
14314,66,1,109.8,66,0.4545423694114992,1.196166328744852,2.0228263693129556,0.8490103824290516,0.15098961757094842,0,1642.3897965510528,1,Champions
14315,200,2,671.99,270,0.18291516306104974,0.5216828933312949,0.9710974228521363,0.7437844102316519,0.25621558976834813,0,921.8635696596465,2,Loyal Customers
14316,58,5,453.12,266,0.0011493824939655048,0.0031457875185141432,0.005539268965802242,0.0020304604647515922,0.9979695395352484,1,3.380389454327406,0,At-Risk
14318,96,1,151.93,96,0.32016056220716327,0.8740331364354017,1.5414981318492902,0.8490103824290516,0.15098961757094842,0,1286.1655730309606,1,Champions
14319,60,1,485.19,60,0.4962006894794898,1.2914076644591357,2.157709845004365,0.8490103824290516,0.15098961757094842,0,2199.125117832702,1,Champions
14320,182,3,785.3100000000001,323,0.13972687043624019,0.39699047632050943,0.7348733027640115,0.47299067280990525,0.5270093271900947,0,703.47866613948,2,Loyal Customers
14321,67,2,643.39,109,0.3840279966117399,1.0246640349481002,1.7541033593365092,0.6560244579546356,0.3439755420453644,0,1632.9643528750962,1,Champions
14322,65,4,438.55,295,0.003931586735140915,0.010980224635020666,0.019857849424573554,0.009399100749465494,0.9906008992505345,1,12.59102405990873,0,At-Risk
14324,45,2,687.78,329,0.01206321744068285,0.034706081243558104,0.06537253141059446,0.059476979605740804,0.9405230203942592,1,62.76687936524156,0,At-Risk
14325,205,1,229.13,205,0.15436572310487623,0.441930576967019,0.8274069684048081,0.8490103824290516,0.15098961757094842,0,724.6135987397346,2,Loyal Customers
14326,99,2,729.69,168,0.2463421293622666,0.6828666611963078,1.22478546325575,0.6336772543269603,0.3663227456730397,0,1213.2173193798956,1,Champions
14327,18,5,1557.31,336,6.123897327595383e-07,1.7067070337598655e-06,3.076982634635696e-06,1.3525953324359844e-06,0.9999986474046676,1,0.00473252513455953,0,At-Risk
14329,11,8,4545.69,359,1.7218607583253135e-12,4.6914911696705126e-12,8.205675990010959e-12,2.6217692234492977e-12,0.9999999999973782,1,3.4238691979861065e-08,0,At-Risk
14330,259,1,200.63,259,0.12284989821365307,0.35500556924419874,0.6730593116383553,0.8490103824290516,0.15098961757094842,0,578.7390607838958,2,Loyal Customers
14332,17,2,1064.15,52,0.36521328455004015,0.879188517772649,1.3479271766087968,0.31909533300301074,0.6809046669969893,0,1657.8556446775242,1,Champions
14334,61,4,1672.18,204,0.020098599955258808,0.05450134759913488,0.09490266095421411,0.03379422864995437,0.9662057713500456,1,155.5646555876687,0,At-Risk
14338,172,1,309.22,172,0.1830660593861391,0.5197024129997161,0.9623011407206947,0.8490103824290516,0.15098961757094842,0,885.352770727946,2,Loyal Customers
14339,64,1,250.59,64,0.46762869042445254,1.2263107817086956,2.065867788512742,0.8490103824290516,0.15098961757094842,0,1837.8677471447388,1,Champions
14341,56,10,2230.85,374,1.8646636346419156e-08,5.0192666859994236e-08,8.639907930327705e-08,2.3977503567269547e-08,0.9999999760224965,1,0.00018420268560617238,0,At-Risk
14342,68,2,207.9,108,0.39453225906957884,1.0516730650234176,1.7982918418892675,0.6681909538608316,0.3318090461391684,0,1123.8081876293732,1,Champions
14343,57,4,1081.21,326,0.0013424596445637624,0.0037735835465845706,0.006883351989386559,0.003533751934559948,0.99646624806544,1,7.96243972745817,0,At-Risk
14344,3,14,2267.86,262,1.4098733032319153e-26,3.5028234436557354e-26,5.471052896177136e-26,9.573845660918682e-27,1.0,1,1.1921904936356496e-22,0,At-Risk
14346,61,3,1188.56,133,0.21748800824425865,0.5762723513321711,0.9765822692335626,0.3158082333783633,0.6841917666216367,0,1241.3937008829505,0,At-Risk
14347,372,1,81.7,372,0.08607598374816994,0.2514976568564044,0.48412589324400473,0.8490103824290516,0.15098961757094842,0,384.4964644484635,2,Loyal Customers
14350,16,2,618.43,66,0.1789019662360074,0.447841388401369,0.714260721275037,0.19297192058922655,0.8070280794107735,1,653.5088686416626,0,At-Risk
14353,46,2,281.0,67,0.6499817392306377,1.63077544851729,2.60710069606528,0.7106157465701418,0.2893842534298582,0,1766.0150666728912,1,Champions
14355,1,3,838.25,263,8.207824331750932e-08,2.304797335906222e-07,4.2001696734988203e-07,2.277359683592952e-07,0.9999997722640317,1,0.0004193838897374522,0,At-Risk
14358,25,2,400.06,64,0.3898553231248528,0.9713321297183682,1.541596586137156,0.40910162372321995,0.5908983762767801,0,1173.6585186026996,0,At-Risk
14361,214,1,196.12,214,0.14803617621783932,0.42460224708564476,0.7969439318051815,0.8490103824290516,0.15098961757094842,0,683.4274827954729,2,Loyal Customers
14363,38,2,222.22000000000003,87,0.3385790668620934,0.8804114660069448,1.4631967848403307,0.4693089201700907,0.5306910798299094,0,929.7373596689141,0,At-Risk
14365,30,2,624.88,317,0.0056588204867847,0.01625578606082042,0.030555922653446345,0.026905873654614658,0.9730941263453854,1,27.991408322973083,0,At-Risk
14366,161,1,120.0,161,0.19516124432091098,0.552090613862664,1.017613422619756,0.8490103824290516,0.15098961757094842,0,830.3670834906771,2,Loyal Customers
14369,278,2,463.33,297,0.186389823768904,0.5339371399658931,0.9998299637124355,0.8316234426549258,0.16837655734507417,0,802.7046654632679,2,Loyal Customers
14370,86,6,875.1800000000001,312,0.0011205637079046283,0.0030733250687470064,0.005424222028703347,0.0019489870482988186,0.9980510129517012,1,5.14074968808322,0,At-Risk
14372,79,2,739.48,235,0.09181344164220306,0.2599962607644048,0.47939512346732943,0.32627272363529997,0.6737272763647,0,477.8796585519095,0,At-Risk
14374,177,1,89.4,177,0.17805029368728803,0.5062044710953901,0.9391008667666626,0.8490103824290516,0.15098961757094842,0,750.3850307689356,2,Loyal Customers
14375,86,2,767.0,177,0.19512643981498148,0.5429218472979401,0.9784266379525091,0.5276532095780391,0.4723467904219609,0,994.7090051313174,1,Champions
14376,319,1,215.46,319,0.1001347128424309,0.29133814076375275,0.5575246261490637,0.8490103824290516,0.15098961757094842,0,483.8506790574027,2,Loyal Customers
14378,257,1,126.0,257,0.12378591406782347,0.35761065268166614,0.6777413131219712,0.8490103824290516,0.15098961757094842,0,554.9506240292081,2,Loyal Customers
14379,29,2,807.21,116,0.11084908905649213,0.297653328041465,0.5133959017993122,0.2007237484929477,0.7992762515070523,0,536.9500374079535,0,At-Risk
14381,87,1,428.66,87,0.3513186791128613,0.9508348977291979,1.6599346554790424,0.8490103824290516,0.15098961757094842,0,1638.3873364382555,1,Champions
14382,26,1,609.8,26,1.032707500007532,2.3557168280528478,3.4717633488883806,0.8490103824290516,0.15098961757094842,0,3789.22034166662,1,Champions
14384,136,1,58.5,136,0.2296449417794496,0.6431992435934523,1.1705635560817018,0.8490103824290516,0.15098961757094842,0,915.803576178909,2,Loyal Customers
14388,8,9,3376.82,324,1.0562256441460098e-14,2.8242088181913045e-14,4.821596834178333e-14,1.3086218899977738e-14,0.9999999999999869,1,1.5205766255595856e-10,0,At-Risk
14389,60,3,744.98,226,0.029945103136417288,0.08323843518316286,0.14969179112851197,0.07181337878282026,0.9281866212171798,1,138.7198408819577,0,At-Risk
14390,8,5,1673.96,61,0.00036415648892340705,0.0007872034756462162,0.0010795915067540066,0.0001723423141482182,0.9998276576858518,1,1.7786379281271283,0,At-Risk
14391,212,1,135.6,212,0.1493974706790193,0.42833449241018473,0.8035179040550781,0.8490103824290516,0.15098961757094842,0,662.3212498356914,2,Loyal Customers
14392,68,1,251.7,68,0.44216870259997293,1.1674703104561752,1.9815471503690194,0.8490103824290516,0.15098961757094842,0,1763.7579249384157,1,Champions
14394,200,1,91.8,200,0.15812171482603543,0.45218290259638527,0.8453598357261295,0.8490103824290516,0.15098961757094842,0,676.489542023462,2,Loyal Customers
14395,8,12,4522.75,236,1.6602299293457467e-17,4.131726741002406e-17,6.469160008033973e-17,1.1802397616519791e-17,1.0,1,2.7396730731984867e-13,0,At-Risk
14396,7,6,1589.69,373,6.392538004769575e-11,1.7778089361630846e-10,3.1953569041520077e-10,1.318901327941361e-10,0.9999999998681098,1,4.989353603733023e-07,0,At-Risk
14398,37,2,687.44,163,0.06686116247484618,0.18492566961157547,0.330741869334712,0.16709384189962867,0.8329061581003714,1,317.8281548633623,0,At-Risk
14399,30,8,2004.06,310,2.188877363303094e-08,5.880236224066074e-08,1.010098189177701e-07,2.901102833459301e-08,0.9999999709889716,1,0.00019440431881015662,0,At-Risk
14400,44,2,837.82,267,0.021903893652590215,0.06243715981684378,0.11614048802359117,0.08810492278999218,0.9118950772100078,1,123.76340016201209,0,At-Risk
14401,60,9,2518.82,361,2.984089383571748e-07,8.06751126487915e-07,1.396696173417945e-06,4.0936816108615465e-07,0.999999590631839,1,0.003332529938796146,0,At-Risk
14402,288,1,139.35,288,0.11071123684405683,0.3210900002047095,0.6117806618143302,0.8490103824290516,0.15098961757094842,0,505.3775332752566,2,Loyal Customers
14403,225,2,236.94,275,0.18949231412978187,0.5409154623153394,1.0080867774244429,0.7844061441531286,0.2155938558468714,0,649.3363075589565,2,Loyal Customers
14404,5,8,1223.33,355,4.06829918921027e-15,1.1073479608283919e-14,1.9342746488760825e-14,6.1290300308415806e-15,0.9999999999999939,1,2.3851653395514834e-11,0,At-Risk
14405,22,1,105.3,22,1.183350105857577,2.60929209087968,3.7400339823139808,0.8490103824290516,0.15098961757094842,0,3040.4432311314586,1,Champions
14408,107,4,947.16,368,0.010078991593906537,0.02853344156836714,0.05254593318303875,0.029830600602272203,0.9701693993977278,1,55.04198117159256,0,At-Risk
14409,4,5,1386.93,203,7.678727379619356e-09,2.0475136350763477e-08,3.489287698895563e-08,1.0509902162622127e-08,0.9999999894900978,1,4.873062097309006e-05,0,At-Risk
14410,12,2,1495.63,73,0.0776254292969404,0.1972050151709955,0.31947648843016657,0.09168551516776936,0.9083144848322307,1,489.37933847434584,0,At-Risk
14412,60,1,620.46,60,0.4962006894794898,1.2914076644591357,2.157709845004365,0.8490103824290516,0.15098961757094842,0,2360.0999065350115,1,Champions
14413,46,2,293.97,325,0.013127161577710293,0.03774838171363565,0.0710549095825218,0.06395360722288547,0.9360463927771145,1,48.600705352635806,0,At-Risk
14414,10,1,733.8,10,2.1061364120249815,3.856155596013083,4.862891129602646,0.8490103824290516,0.15098961757094842,0,5669.571040150253,1,Champions
14415,15,10,5910.88,359,4.8450188659519355e-14,1.298687554047387e-13,2.2235701440666097e-13,5.994569210776041e-14,0.99999999999994,1,1.2112115392951948e-09,0,At-Risk
14417,23,1,539.6700000000001,23,1.1417088417099113,2.5408958453433734,3.669162588845515,0.8490103824290516,0.15098961757094842,0,3864.541741710576,1,Champions
14419,18,1,202.85,18,1.38554773057497,2.9243146507784505,4.052993553670138,0.8490103824290516,0.15098961757094842,0,3517.3668666466915,1,Champions
14420,32,3,1141.96,327,0.0008761085786793189,0.0024907734811772967,0.004614656246966057,0.00300138055347145,0.9969986194465286,1,5.688422627587336,0,At-Risk
14421,148,4,1563.1,327,0.06387163605806663,0.17957379585037517,0.32764126465618976,0.1686269521743738,0.8313730478256263,1,507.448711289124,0,At-Risk
14422,10,13,5787.47,358,2.9758993992290014e-20,7.797895265599077e-20,1.2972013920921783e-19,2.8779025347166955e-20,1.0,1,7.003570233425145e-16,0,At-Risk
14423,73,2,290.69,330,0.03189615924926267,0.09177697948564162,0.17290038204496597,0.1577293035784622,0.8422706964215378,1,117.86204107412385,0,At-Risk
14425,70,3,649.21,373,0.006217984841254859,0.01779067761692473,0.033247332536980534,0.024211984075202635,0.9757880159247974,1,28.32686817733127,0,At-Risk
14426,39,7,6593.52,281,2.856464258794148e-06,7.675655665819764e-06,1.3193608460976596e-05,3.903767340376433e-06,0.9999960962326596,1,0.0783026230666702,0,At-Risk
14427,130,2,593.98,267,0.1313496766393573,0.3744129186480274,0.696452228475456,0.5283331494550294,0.4716668505449706,0,623.0431814633762,2,Loyal Customers
14429,39,1,512.28,39,0.7305907616749147,1.7908403864026374,2.815536723406649,0.8490103824290516,0.15098961757094842,0,2916.0056446761955,1,Champions
14430,147,3,1166.9,243,0.20659619148902,0.577167651008155,1.0447540706062808,0.5311857771060943,0.46881422289390573,0,1308.6199291844425,2,Loyal Customers
14431,15,3,1760.27,323,8.132742912533607e-05,0.000231066613927508,0.0004277298722861882,0.00027530220422023854,0.9997246977957798,1,0.7315076125966675,0,At-Risk
14433,101,1,282.25,101,0.3051267249191769,0.8365002324733097,1.4827386373102818,0.8490103824290516,0.15098961757094842,0,1343.4290232518763,1,Champions
14435,137,1,45.09,137,0.2280332481000082,0.6389810622220772,1.163566823542267,0.8490103824290516,0.15098961757094842,0,901.7292064273831,2,Loyal Customers
14436,189,1,58.620000000000005,189,0.16706469388970258,0.4765029679011229,0.8877384508353448,0.8490103824290516,0.15098961757094842,0,694.247800247853,2,Loyal Customers
14437,1,5,866.9300000000001,219,1.2635955271590628e-11,3.3961843712516334e-11,5.844659234871546e-11,1.8571546463102363e-11,0.9999999999814284,1,5.603542029755752e-08,0,At-Risk
14439,79,4,5891.85,323,0.005574708411220312,0.015661213462843784,0.02854558225800063,0.01454392591241306,0.985456074087587,1,144.73959060541281,0,At-Risk
14440,1,9,3819.45,373,1.8936385364353424e-22,5.135546138953814e-22,8.926766641317925e-22,2.679374681490157e-22,1.0,1,3.1671057422235827e-18,0,At-Risk
14441,10,7,2538.35,326,5.326750673347453e-11,1.4518892988726346e-10,2.5412574229631415e-10,8.377370815150528e-11,0.9999999999162263,1,6.069805852542319e-07,0,At-Risk
14442,50,5,2678.9,326,0.0001493331117306196,0.0004152972553619361,0.0007466210715111666,0.0003204015061617919,0.9996795984938383,1,1.8523014419893147,0,At-Risk
14443,4,2,963.57,15,0.755644530851986,1.35206467099009,1.6509591412564415,0.2518699265141165,0.7481300734858836,0,1927.3529327619028,1,Champions
14444,92,1,122.96,92,0.3332982021066714,0.9065770667361568,1.5919767735814851,0.8490103824290516,0.15098961757094842,0,1303.0038766032703,1,Champions
14445,91,1,221.65,91,0.33675284963786173,0.9150956275348721,1.6051184824409084,0.8490103824290516,0.15098961757094842,0,1401.0620419184156,1,Champions
14446,22,1,197.88,22,1.183350105857577,2.60929209087968,3.7400339823139808,0.8490103824290516,0.15098961757094842,0,3232.180286882572,1,Champions
14447,36,1,541.6,36,0.7834733096968532,1.8956728209940945,2.9438982191432057,0.8490103824290516,0.15098961757094842,0,3097.607998178538,1,Champions
14449,8,5,1551.4,72,0.00013327978112690882,0.0002997759908753194,0.00042593329330032286,7.229009102930952e-05,0.9999277099089707,1,0.6568578663729475,0,At-Risk
14450,15,4,645.19,246,2.1345878706175754e-05,5.882547486306671e-05,0.0001045536193748302,4.2878478243601545e-05,0.9999571215217564,1,0.083904224800339,0,At-Risk
14451,25,10,2558.18,327,2.332724746147575e-11,6.189407996451318e-11,1.0462719447288454e-10,2.644241763226264e-11,0.9999999999735576,1,2.540159419053322e-07,0,At-Risk
14452,31,2,395.45,157,0.05308639990980538,0.14640713028515712,0.26090836483215557,0.1280041336451368,0.8719958663548633,1,197.25442213792613,0,At-Risk
14454,12,5,915.15,369,4.282234289239719e-08,1.200949123567863e-07,2.18328316848983e-07,1.0350909814530538e-07,0.9999998964909018,1,0.00021791638945974345,0,At-Risk
14455,68,4,581.56,131,0.2411722904561203,0.6221675322149651,1.0204360685635805,0.2683408903829418,0.7316591096170582,0,767.4567984049704,0,At-Risk
14458,16,1,214.73,16,1.515042330418168,3.112296521995405,4.229730648334781,0.8490103824290516,0.15098961757094842,0,3700.89383632167,1,Champions
14459,287,1,3050.99,287,0.11108974150783939,0.32215125624540697,0.6137073035031815,0.8490103824290516,0.15098961757094842,0,1489.6564652960787,2,Loyal Customers
14460,32,6,501.24,360,8.51612337030378e-07,2.362266827488439e-06,4.23133509888065e-06,1.6982501875093846e-06,0.9999983017498125,1,0.002648953167684124,0,At-Risk
14461,18,10,4335.28,326,8.845000145297406e-13,2.346023203138958e-12,3.964054768843532e-12,9.997513037484091e-13,0.9999999999990002,1,1.5971579537644962e-08,0,At-Risk
14462,68,1,225.09,68,0.44216870259997293,1.1674703104561752,1.9815471503690194,0.8490103824290516,0.15098961757094842,0,1734.687409642361,1,Champions
14463,135,1,201.75,135,0.23127958141473795,0.6474735140703465,1.177645062943732,0.8490103824290516,0.15098961757094842,0,1014.2188036979816,2,Loyal Customers
14464,204,2,84.75,263,0.19254822175334846,0.5484536858943658,1.0191765991250061,0.7632137791886309,0.23678622081136913,0,547.7173985840996,2,Loyal Customers
14465,64,8,2300.49,337,5.031716111354374e-06,1.3629463224612947e-05,2.3659558029770936e-05,7.215835962140935e-06,0.9999927841640378,1,0.05173082716057005,0,At-Risk
14466,8,7,2167.95,362,4.793806292715232e-12,1.3184265237335191e-11,2.334698447178364e-11,8.329533074295728e-12,0.9999999999916704,1,4.8194401742043094e-08,0,At-Risk
14467,25,8,1613.3,373,9.020166916928152e-10,2.4660569150547805e-09,4.332272612207878e-09,1.4242848450010395e-09,0.9999999985757152,1,6.836092117531227e-06,0,At-Risk
14468,369,1,153.04,369,0.08676551395554341,0.2534595538151165,0.4877605147990712,0.8490103824290516,0.15098961757094842,0,406.51764739651213,2,Loyal Customers
14469,52,4,1919.12,315,0.0010893155607893047,0.003055410999807304,0.005557363330413314,0.002774001891645626,0.9972259981083543,1,10.217484679036168,0,At-Risk
14470,66,1,230.9,66,0.4545423694114992,1.196166328744852,2.0228263693129556,0.8490103824290516,0.15098961757094842,0,1777.4549074266904,1,Champions
14471,227,2,397.8,368,0.11940369756024855,0.34500016892050067,0.653679532925822,0.6569196433373843,0.3430803566626157,0,494.6386041263088,2,Loyal Customers
14472,325,1,269.08,325,0.098316821354806,0.2862054004978811,0.5481166359514865,0.8490103824290516,0.15098961757094842,0,491.83965594424114,2,Loyal Customers
14474,215,1,719.97,215,0.14736479003143102,0.42276041421650756,0.7936971482100509,0.8490103824290516,0.15098961757094842,0,909.3611664856546,2,Loyal Customers
14475,44,1,225.3,44,0.6567201471810661,1.6397651810860014,2.624860182582912,0.8490103824290516,0.15098961757094842,0,2301.4019831244477,1,Champions
14477,72,3,178.2,340,0.009981690222923516,0.028433799095565378,0.052819741503795696,0.035515695646588234,0.9644843043534118,1,25.796698869857227,0,At-Risk
14478,18,4,1079.95,374,5.094773491532736e-06,1.4436053095857735e-05,2.6616796110873365e-05,1.531718719017564e-05,0.9999846828128098,1,0.03075518762179964,0,At-Risk
14479,1,3,963.46,369,1.9522293461366093e-08,5.5828942874796144e-08,1.0426317572346522e-07,7.52225744040719e-08,0.9999999247774256,1,0.00011413238115214741,0,At-Risk
14480,38,3,1010.94,354,0.0010897138365902506,0.0031102563573384818,0.005793166287065663,0.004032524856444383,0.9959674751435557,1,6.554269818002469,0,At-Risk
14481,43,3,1499.9,313,0.002728680330718747,0.007739858099905005,0.01429538551915019,0.00895923790000959,0.9910407620999904,1,21.574660427202268,0,At-Risk
14482,15,6,1450.02,106,5.254417649540561e-05,0.00012452512543475262,0.00018577178487993852,3.395966837869679e-05,0.9999660403316213,1,0.2689745414152972,0,At-Risk
14483,372,1,120.0,372,0.08607598374816994,0.2514976568564044,0.48412589324400473,0.8490103824290516,0.15098961757094842,0,394.6913257188248,2,Loyal Customers
14484,37,3,721.7,358,0.0009534566976245214,0.0027228055636444163,0.005075188737194688,0.003567106625911014,0.996432893374089,1,4.608392398228143,0,At-Risk
14486,147,2,175.5,189,0.2654261335276244,0.741831362993043,1.3445781194775337,0.7644045226596813,0.23559547734031872,0,808.6102516204633,2,Loyal Customers
14487,4,2,231.03,15,0.755644530851986,1.35206467099009,1.6509591412564415,0.2518699265141165,0.7481300734858836,0,1069.0551109736325,0,At-Risk
14489,73,3,1086.05,248,0.037205168535600686,0.10408087183878376,0.18873500401562054,0.09755204937643404,0.902447950623566,1,224.6040856403804,0,At-Risk
14490,42,2,1263.47,64,0.6568937481806989,1.6366635661268054,2.597540932706197,0.6893231490090285,0.31067685099097153,0,3556.4427927954316,1,Champions
14491,8,1,124.5,8,2.4215182764993903,4.189503128122878,5.115473883143818,0.8490103824290516,0.15098961757094842,0,4236.0672287631505,1,Champions
14492,66,7,1838.26,255,0.00028146654005398067,0.0007485571013725386,0.0012702077260884324,0.00035115948592988913,0.9996488405140701,1,2.258320166429877,0,At-Risk
14493,26,5,2519.11,277,1.363618728007448e-05,3.7449028490028763e-05,6.623242040183312e-05,2.5036626027864858e-05,0.9999749633739722,1,0.15547626584231944,0,At-Risk
14494,37,2,250.47,367,0.005607672059669221,0.016200978055545004,0.030692167868819717,0.030769421496850104,0.9692305785031499,1,20.05415981407266,0,At-Risk
14495,295,1,45.0,295,0.10813224274338264,0.3138525981936265,0.5986257349051636,0.8490103824290516,0.15098961757094842,0,463.43984325714035,2,Loyal Customers
14496,9,6,1845.01,269,3.0161225866798264e-09,8.16269286651766e-09,1.4162963467137407e-08,4.557354466445439e-09,0.9999999954426455,1,2.524197554172475e-05,0,At-Risk
14497,309,1,218.79,309,0.10331867563716779,0.30031446777359777,0.5739437225031125,0.8490103824290516,0.15098961757094842,0,499.164398177285,2,Loyal Customers
14498,37,5,1662.04,186,0.0010114814587547547,0.002670817887589488,0.004497570747910209,0.001275847252491129,0.9987241527475089,1,7.324521738749495,0,At-Risk
14499,10,4,1315.5,105,0.0003333270753297041,0.0008326556295381079,0.0013173512208505607,0.0003033892867445832,0.9996966107132554,1,1.7807936131780289,0,At-Risk
14505,40,11,5919.2,366,9.484849249528963e-11,2.528213522643225e-10,4.2975380573956325e-10,1.0936148779078307e-10,0.9999999998906385,1,2.354828599842312e-06,0,At-Risk
14506,5,3,1247.85,235,1.02698495894312e-05,2.862556601311125e-05,5.1662501084446154e-05,2.5569212226902215e-05,0.9999744307877731,1,0.06794607676102404,0,At-Risk
14507,14,5,1839.15,365,1.0063511050665464e-07,2.820321303842168e-07,5.122436471253987e-07,2.4070981843801764e-07,0.9999997592901816,1,0.0009090542357578291,0,At-Risk
14508,12,3,573.32,176,0.0005223756865763225,0.0014233575483480216,0.0024955686213959565,0.0009870191628313632,0.9990129808371686,1,1.982717890868571,0,At-Risk
14509,170,1,108.5,170,0.18515239699032085,0.5253053857533035,0.9719057515594292,0.8490103824290516,0.15098961757094842,0,786.8565618269884,2,Loyal Customers
14510,11,3,934.56,72,0.01644265824960353,0.03993227594731415,0.061484987596824775,0.013677942720616874,0.9863220572793832,1,66.22851591947604,0,At-Risk
14512,19,5,878.49,368,4.5900481150166734e-07,1.2870509323535384e-06,2.339268484210337e-06,1.1065954214298774e-06,0.9999988934045786,1,0.002262797925171384,0,At-Risk
14513,72,3,296.93,204,0.07527759626238367,0.20765285704808983,0.36977350503059814,0.16367905945910224,0.8363209405408978,1,214.6903604329465,0,At-Risk
14514,72,6,3443.73,362,0.0001265642744788556,0.0003512175090436675,0.0006294472947864112,0.0002537333586703479,0.9997462666413297,1,1.9859457226443176,0,At-Risk
14515,23,6,1505.56,186,1.2926926326733074e-05,3.356534809790073e-05,5.5359101735425656e-05,1.3837807612402643e-05,0.9999861621923876,1,0.08259780194768129,0,At-Risk
14516,152,1,162.92,152,0.20631409456968794,0.581755296332589,1.067837880611175,0.8490103824290516,0.15098961757094842,0,896.6506437330441,2,Loyal Customers
14519,319,2,206.09,364,0.14874094568775273,0.429594864814714,0.8135155507461186,0.8096090974944417,0.19039090250555835,0,506.23745600375867,2,Loyal Customers
14521,127,1,191.68,127,0.2452451118898639,0.6838287467888592,1.2375435693156622,0.8490103824290516,0.15098961757094842,0,1059.0589010865478,2,Loyal Customers
14522,231,4,660.24,320,0.23118468597692013,0.6490951954544966,1.1821805339181002,0.5977345451115414,0.40226545488845855,0,962.6742728605468,2,Loyal Customers
14524,45,4,1012.29,52,1.5337087382907506,3.327380162618412,4.592653225961146,0.7639832906904216,0.2360167093095784,0,5090.771986386108,1,Champions
14525,64,8,2923.97,362,2.6024658427669816e-06,7.096155752687171e-06,1.242357276439438e-05,3.994043054642136e-06,0.9999960059569454,1,0.03401163952875078,0,At-Risk
14526,25,1,261.5,25,1.0666498486559604,2.4143585455321217,3.5351634737843702,0.8490103824290516,0.15098961757094842,0,3177.71480299097,1,Champions
14527,1,68,16778.89,373,9.84137807570974e-164,2.1479951661239543e-163,2.924005947892808e-163,2.1532920021368343e-164,1.0,1,4.735818418785166e-159,3,Hibernating/Lost
14530,32,10,3040.93,323,3.254127821383658e-10,8.62204761586966e-10,1.4549482904446442e-09,3.6465039498778966e-10,0.9999999996353496,1,4.165390392633883e-06,0,At-Risk
14531,115,1,370.89,115,0.26967102218518485,0.7467258999158516,1.3397820271478995,0.8490103824290516,0.15098961757094842,0,1278.9737531838937,2,Loyal Customers
14532,47,7,2829.0,334,2.6497989969230933e-06,7.238022158321483e-06,1.2704021625497666e-05,4.264409423172571e-06,0.9999957355905769,1,0.03356850527047008,0,At-Risk
14533,43,4,791.59,246,0.0017725000143175072,0.004884697251036717,0.008681830080165166,0.003560504786280258,0.9964394952137198,1,8.001761749595646,0,At-Risk
14534,33,8,1732.46,270,1.698478863206612e-07,4.4947306567003246e-07,7.577563524754947e-07,1.97769199623719e-07,0.9999998022308004,1,0.0012767691818262495,0,At-Risk
14535,31,6,3035.6,289,3.418394163600156e-06,9.313191616689055e-06,1.6296745395437378e-05,5.528149590296376e-06,0.9999944718504097,1,0.04572460635194538,0,At-Risk
14537,259,1,274.14,259,0.12284989821365307,0.35500556924419874,0.6730593116383553,0.8490103824290516,0.15098961757094842,0,605.9509020946188,2,Loyal Customers
14538,166,3,660.64,319,0.12229751346492604,0.347244221296056,0.6422235218302039,0.4090129039604063,0.5909870960395938,0,552.9647402473021,2,Loyal Customers
14540,15,8,2617.46,368,1.6388108163354827e-11,4.475096792727745e-11,7.849604121872457e-11,2.554693911427302e-11,0.9999999999744531,1,1.9360139261894456e-07,0,At-Risk
14541,52,6,1028.43,337,2.794922349980314e-05,7.713764127233964e-05,0.00013725851217500018,5.2321841008418244e-05,0.9999476781589915,1,0.14814409786373603,0,At-Risk
14543,16,23,7766.07,374,3.497468167496443e-31,8.697449963981761e-31,1.3580294482085626e-30,2.0761819689400153e-31,1.0,1,9.991688489206643e-27,0,At-Risk
14544,106,1,853.55,106,0.2914415965449339,0.8020602928562117,1.4283025566315426,0.8490103824290516,0.15098961757094842,0,1743.3600438018357,1,Champions
14545,310,1,349.25,310,0.10299119653240012,0.2993920177836489,0.5722584052448215,0.8490103824290516,0.15098961757094842,0,538.7513252503912,2,Loyal Customers
14546,12,6,2561.56,369,1.739697212892586e-09,4.834453116308819e-09,8.680292716095257e-09,3.5523724515505308e-09,0.9999999964476276,1,2.0804503801584505e-05,0,At-Risk
14548,120,7,1292.99,369,0.0010247745070981601,0.002822795854256643,0.0050088429003122496,0.0018134612056468111,0.9981865387943532,1,6.510209563064259,0,At-Risk
14549,56,3,618.16,373,0.0030470539490270233,0.008718122651064097,0.01629248357591306,0.011864812085202346,0.9881351879147977,1,13.49066625866227,0,At-Risk
14550,24,2,550.48,119,0.07242317456332002,0.19496173083107893,0.33728458059579564,0.13432457080884608,0.8656754291911539,1,291.90068664920886,0,At-Risk
14551,47,5,612.96,317,0.00012864831445639891,0.0003570462258307377,0.000640184156263312,0.0002687076006994895,0.9997312923993005,1,0.47654196143533994,0,At-Risk
14552,16,2,345.76,228,0.0041102032756543646,0.011619758488335867,0.021377781878783062,0.014184817266598447,0.9858151827334015,1,15.405897574038606,0,At-Risk
14553,47,4,907.62,145,0.03871492210610018,0.10118757661579462,0.16849795747898447,0.04729825463453309,0.9527017453654669,1,171.46663461777484,0,At-Risk
14555,17,4,1896.58,357,5.12213901034985e-06,1.4475967685266239e-05,2.6597062093561354e-05,1.472070245665079e-05,0.9999852792975433,1,0.04840188506242155,0,At-Risk
14556,232,3,808.14,324,0.19517039484017915,0.5546049530337723,1.026857295231974,0.6626588973847444,0.33734110261525563,0,1001.0886271106476,2,Loyal Customers
14558,290,3,465.15,367,0.1905925784961632,0.5449112063113083,1.0172992025005454,0.7305056058238198,0.26949439417618015,0,722.1844870069606,2,Loyal Customers
14559,26,1,56.7,26,1.032707500007532,2.3557168280528478,3.4717633488883806,0.8490103824290516,0.15098961757094842,0,2726.7418210888404,1,Champions
14560,15,22,2637.98,373,1.9815136759147552e-30,4.949936289658499e-30,7.769886447777101e-30,1.222582203941151e-30,1.0,1,1.9692759630944122e-26,0,At-Risk
14562,26,8,1622.03,306,7.688016092693839e-09,2.062556746451423e-08,3.537051764474848e-08,1.006578985694202e-08,0.9999999899342101,1,5.6116282359411354e-05,0,At-Risk
14563,145,2,541.48,228,0.19488724756447237,0.5509563876242022,1.013637718131203,0.6725798723062573,0.32742012769374274,0,869.6685041912563,2,Loyal Customers
14564,70,2,2353.32,371,0.020816950366913955,0.06016529038750765,0.11404271945550841,0.11544268651013571,0.8845573134898643,1,242.66498685527876,0,At-Risk
14565,109,1,724.4,109,0.28380437064769737,0.7827256441628218,1.397521628663345,0.8490103824290516,0.15098961757094842,0,1606.2975054575838,1,Champions
14566,53,3,545.4,169,0.06484167981911187,0.17603377705428944,0.30723757683431546,0.11789969033210591,0.8821003096678941,1,237.49060259857467,0,At-Risk
14568,71,1,897.22,71,0.4248220561590045,1.1269214196452029,1.9227023024184036,0.8490103824290516,0.15098961757094842,0,2395.358903170446,1,Champions
14569,88,3,340.89,239,0.07238528762459172,0.2019960751659402,0.36510613158420185,0.18316612604825996,0.81683387395174,1,224.31322845785104,0,At-Risk
14570,79,1,244.74,79,0.38458922506009746,1.0314082435707084,1.781656236511831,0.8490103824290516,0.15098961757094842,0,1578.3635637831824,1,Champions
14571,61,1,150.85,61,0.48873519626480666,1.2744929727439,2.1339896465010155,0.8490103824290516,0.15098961757094842,0,1781.3607159371593,1,Champions
14572,53,4,2554.31,257,0.003407982995461675,0.00942387386808468,0.016823475997894598,0.007137955406249238,0.9928620445937507,1,39.64078419808821,0,At-Risk
14573,8,5,850.73,336,9.918159610111194e-09,2.7641535876592674e-08,4.983428567676611e-08,2.1906403189583176e-08,0.9999999780935969,1,4.7050799565325236e-05,0,At-Risk
14574,368,1,140.70000000000002,368,0.08699781890140383,0.2541203397362457,0.4889842168697388,0.8490103824290516,0.15098961757094842,0,404.2206255180364,2,Loyal Customers
14575,124,1,451.01,124,0.25092711684004204,0.6985377558020033,1.2616095371112315,0.8490103824290516,0.15098961757094842,0,1259.8277337952059,2,Loyal Customers
14576,8,1,35.400000000000006,8,2.4215182764993903,4.189503128122878,5.115473883143818,0.8490103824290516,0.15098961757094842,0,3982.2918473514965,1,Champions
14577,30,3,501.13,364,0.0004518596480869258,0.0012913915494729275,0.0024096570208890005,0.0017181000502284245,0.9982818999497716,1,1.7775870192437528,0,At-Risk
14579,68,1,104.66,68,0.44216870259997293,1.1674703104561752,1.9815471503690194,0.8490103824290516,0.15098961757094842,0,1603.1217517278978,1,Champions
14580,154,1,14.85,154,0.20372689985444106,0.5748907962958333,1.0562525988447806,0.8490103824290516,0.15098961757094842,0,800.829698499291,2,Loyal Customers
14581,180,1,265.1,180,0.17517063382735315,0.49843719068036874,0.9257105012037915,0.8490103824290516,0.15098961757094842,0,829.1616913667958,2,Loyal Customers
14583,19,3,713.73,257,0.0004552600306837666,0.0012765300957588946,0.0023218321105141705,0.001235381339405074,0.998764618660595,1,2.0950705468993354,0,At-Risk
14584,57,4,699.5,296,0.0022209182172369087,0.006204049356654236,0.011223471106280268,0.005326778951943851,0.9946732210480561,1,9.499355956533762,0,At-Risk
14585,18,4,703.92,52,0.12863553799312838,0.27907472040818565,0.3851959656927981,0.0640769653077979,0.9359230346922021,1,329.6589420791914,0,At-Risk
14588,214,1,130.14,214,0.14803617621783932,0.42460224708564476,0.7969439318051815,0.8490103824290516,0.15098961757094842,0,654.5015018881984,2,Loyal Customers
14589,7,1,37.5,7,2.6176613686920605,4.378387745769531,5.2507565053184635,0.8490103824290516,0.15098961757094842,0,4096.7587817168505,1,Champions
14590,60,20,2843.1,368,1.4251503164204003e-15,3.589820237832476e-15,5.690641731964974e-15,9.485546565512987e-16,0.999999999999999,1,1.5496322465234405e-11,0,At-Risk
14593,33,9,2977.98,366,1.0701470551676752e-09,2.8970018826196615e-09,5.0240073332214915e-09,1.4872835564606368e-09,0.9999999985127165,1,1.4048067305611278e-05,0,At-Risk
14594,9,1,251.65,9,2.25280513154797,4.015998776348188,4.986262030350628,0.8490103824290516,0.15098961757094842,0,4479.132458894208,1,Champions
14595,89,2,423.85,324,0.04820861111496007,0.13861096955745164,0.260866806257439,0.23415918385467716,0.7658408161453228,0,202.19045066193334,0,At-Risk
14596,262,1,197.02,262,0.12147211881643924,0.35116835005302677,0.6661564179127905,0.8490103824290516,0.15098961757094842,0,571.4743510526255,2,Loyal Customers
14597,15,4,899.1899999999999,73,0.011395263620797118,0.026667970327772576,0.039449263472836206,0.0075346334757139055,0.9924653665242861,1,39.992976877140215,0,At-Risk
14598,205,1,162.07,205,0.15436572310487623,0.441930576967019,0.8274069684048081,0.8490103824290516,0.15098961757094842,0,694.0887804735344,2,Loyal Customers
14599,26,2,473.09,145,0.04740871019884591,0.1299167132398879,0.2296854563081191,0.10598185938441981,0.8940181406155802,1,186.2015968318247,0,At-Risk
14600,29,1,469.05,29,0.9427232635514526,2.195773242217596,3.294510429580775,0.8490103824290516,0.15098961757094842,0,3337.5313263217836,1,Champions
14602,292,1,200.11,292,0.10922266457785257,0.3169139966151784,0.604193613425421,0.8490103824290516,0.15098961757094842,0,519.2922879882835,2,Loyal Customers
14604,269,1,133.91,269,0.11837441968636292,0.3425295396985246,0.6505876936952829,0.8490103824290516,0.15098961757094842,0,535.522940921069,2,Loyal Customers
14605,10,4,835.61,367,4.940907541585495e-07,1.3985506761284153e-06,2.574984354726763e-06,1.4584996219922187e-06,0.999998541500378,1,0.0024636802164783016,0,At-Risk
14606,2,97,17203.81,372,4.188183431642902e-211,8.785929926771922e-211,1.1538774239136096e-210,6.588256357924311e-212,1.0,1,1.923930930037096e-206,3,Hibernating/Lost
14607,103,8,4718.77,360,0.0001375293107711767,0.00037481513126934546,0.0006557846088834908,0.0002099609204771314,0.9997900390795229,1,2.8367046560657156,0,At-Risk
14608,15,6,1260.91,369,6.749661601862329e-09,1.8756667725470475e-08,3.367772161992357e-08,1.3782462691813621e-08,0.9999999862175373,1,4.307050164238154e-05,0,At-Risk
14609,26,6,78.57,304,8.001626158330716e-07,2.1897252286066937e-06,3.853699030709166e-06,1.3577289260211627e-06,0.9999986422710739,1,0.0010129426773248774,0,At-Risk
14610,31,2,24.35,150,0.060643219373473674,0.1666455618583931,0.29563731753269124,0.1400083020452741,0.859991697954726,1,146.49873144572965,0,At-Risk
14611,79,2,566.0,234,0.09279609220277457,0.26271760815021394,0.48426328474969826,0.3284055762629824,0.6715944237370176,0,423.79623132761435,0,At-Risk
14612,51,1,742.9,51,0.5752938924454016,1.466632543165519,2.397663878110847,0.8490103824290516,0.15098961757094842,0,2785.9265533951043,1,Champions
14613,316,1,28.62,316,0.1010691039553404,0.2939741799742076,0.5623508254318035,0.8490103824290516,0.15098961757094842,0,430.2657620189433,2,Loyal Customers
14614,22,1,295.13,22,1.183350105857577,2.60929209087968,3.7400339823139808,0.8490103824290516,0.15098961757094842,0,3433.589108137657,1,Champions
14615,30,5,895.91,184,0.0003632128455330256,0.0009578566653052018,0.0016105504073060724,0.0004535575760150214,0.9995464424239849,1,1.5842238640595805,0,At-Risk
14616,21,2,102.15,184,0.014638882297618118,0.04084037073928361,0.07385284205075907,0.04108670744616858,0.9589132925538314,1,40.61420073670743,0,At-Risk
14617,38,2,182.02,51,0.869914206674661,2.08695552928889,3.1888901692374048,0.7473335090055842,0.25266649099441585,0,1940.192226040084,1,Champions
14618,12,4,618.73,182,4.078212390084734e-05,0.00010935977389914433,0.00018780588391720444,6.158037256520158e-05,0.9999384196274348,1,0.14678150491130537,0,At-Risk
14619,177,1,858.1,177,0.17805029368728803,0.5062044710953901,0.9391008667666626,0.8490103824290516,0.15098961757094842,0,1147.5969859543816,2,Loyal Customers
14621,147,4,1177.21,319,0.06970392935352664,0.1956685131377063,0.3562725768801289,0.17967816051921667,0.8203218394807833,1,439.9661993324082,0,At-Risk
14623,16,5,1100.68,238,2.855505330064754e-06,7.737486653476432e-06,1.345221625549106e-05,4.53947272578285e-06,0.9999954605272742,1,0.015539385593948116,0,At-Risk
14624,51,4,567.85,240,0.004135050545350224,0.01137289828605423,0.020162190461415607,0.008112904915265664,0.9918870950847344,1,14.911689311426606,0,At-Risk
14625,10,9,3395.77,359,2.665199395577242e-14,7.201487758721382e-14,1.2459023201751048e-13,3.6370728909447006e-14,0.9999999999999636,1,3.9490901679461734e-10,0,At-Risk
14626,31,7,2322.63,365,6.404991868058561e-08,1.7627333218524496e-07,3.124234182016186e-07,1.1217066573777211e-07,0.9999998878293342,1,0.0006871348315018096,0,At-Risk
14627,15,1,462.75,15,1.5893341066863198,3.215676772513155,4.32390075650617,0.8490103824290516,0.15098961757094842,0,4379.624746777051,1,Champions
14628,78,3,1298.39,319,0.01662444711954076,0.04720245760481441,0.08730031114372103,0.05559895046475865,0.9444010495352414,1,118.16437890355122,0,At-Risk
14630,120,1,311.8,120,0.2589257746435574,0.719163744690735,1.2951947562854045,0.8490103824290516,0.15098961757094842,0,1194.171122484958,2,Loyal Customers
14631,22,3,950.26,123,0.015932538168961254,0.04183787655037755,0.07015359082150648,0.021514717405735073,0.9784852825942649,1,76.25975076582293,0,At-Risk
14634,73,4,1877.1,177,0.08213657550560925,0.2196178313738395,0.375819579742416,0.12082485879445486,0.8791751412055452,1,679.027463635507,0,At-Risk
14635,89,1,206.89,89,0.34388156966442257,0.9326226726933176,1.6320653236453146,0.8490103824290516,0.15098961757094842,0,1411.3853889489592,1,Champions
14637,313,1,106.68,313,0.10202109779997778,0.29665836192564415,0.5672613418261605,0.8490103824290516,0.15098961757094842,0,458.37611439505383,2,Loyal Customers
14639,44,3,1918.57,297,0.003663289836592703,0.01036105458213735,0.019063101545231175,0.011431519505155262,0.9885684804948447,1,34.93682509692487,0,At-Risk
14640,45,4,1526.78,322,0.0005269237441527169,0.0014800176042959043,0.0026969215195685606,0.0013705906720715593,0.9986294093279284,1,4.0973991002746,0,At-Risk
14643,253,3,761.72,364,0.1684587385147686,0.48144637892293424,0.8983492633405645,0.6405284657061536,0.3594715342938464,0,843.4644483398581,2,Loyal Customers
14644,50,5,1061.09,372,6.561642510488733e-05,0.000184115984106784,0.0003349479953932388,0.00015984989085033783,0.9998401501091496,1,0.37538979781176024,0,At-Risk
14645,270,1,261.90000000000003,270,0.11794474186147731,0.34133000389698925,0.6484228262495004,0.8490103824290516,0.15098961757094842,0,579.3821207612531,2,Loyal Customers
14646,10,73,71332.03,373,1.0037907813216122e-112,2.173170786497973e-112,2.935977960495444e-112,2.0574628490870765e-113,1.0,1,2.0216861613283454e-107,3,Hibernating/Lost
14647,159,1,214.5,159,0.19753417897650766,0.5584182265171135,1.0283613502598874,0.8490103824290516,0.15098961757094842,0,892.6338765856283,2,Loyal Customers
14648,52,15,4200.95,365,1.1102049894728659e-12,2.8772549595975486e-12,4.7210283930553026e-12,9.57174837874473e-13,0.9999999999990429,1,1.870885503352633e-08,0,At-Risk
14649,18,5,2052.11,324,7.680856134337425e-07,2.1351109608167444e-06,3.836265243481841e-06,1.6382617712843688e-06,0.9999983617382288,1,0.007496347649955538,0,At-Risk
14650,224,1,54.0,224,0.14158561737598832,0.4068760916677896,0.7656252198491413,0.8490103824290516,0.15098961757094842,0,596.6807568846928,2,Loyal Customers
14651,30,7,1218.82,267,6.598841414893136e-07,1.7637530046217503e-06,3.011514078175024e-06,8.595285107683811e-07,0.9999991404714892,1,0.003722247904178627,0,At-Risk
14653,149,4,1324.01,373,0.03546079109520486,0.10046352609447823,0.18519519935377576,0.1063347158841391,0.8936652841158609,1,250.75287269655496,0,At-Risk
14654,374,1,233.63,374,0.08562235350531877,0.25020651357496504,0.4817327649632324,0.8490103824290516,0.15098961757094842,0,422.83567584781844,2,Loyal Customers
14655,24,3,1319.98,232,0.0014821826800949364,0.00412766156746806,0.007440829145075968,0.003645002886755517,0.9963549971132445,1,10.201074237911108,0,At-Risk
14656,51,3,494.85,239,0.014467222029508462,0.04037176841336645,0.07297161679259644,0.03660833714674426,0.9633916628532557,1,53.5127640809687,0,At-Risk
14657,65,2,594.5,71,0.7158858387763288,1.8114949206330229,2.922244770675455,0.8245902452321359,0.17540975476786413,0,2623.7283013821043,1,Champions
14662,63,3,594.06,372,0.0044946452641398595,0.012858345809397197,0.024025739669429613,0.017455801208364756,0.9825441987916352,1,19.447032003230287,0,At-Risk
14663,66,2,450.28,66,0.7895308507395158,1.9764153509327569,3.152178183297118,0.85162442782021,0.14837557217979003,0,2510.972300670328,1,Champions
14665,63,2,799.3000000000001,228,0.06872383782489966,0.1942858648006312,0.357442957528583,0.23717442083210577,0.7628255791678942,0,371.33146808545797,0,At-Risk
14667,1,31,11374.94,373,6.570552921033856e-75,1.577221085085205e-74,2.3660012629632182e-74,2.956153256856438e-75,1.0,1,2.5639360599006445e-70,0,At-Risk
14668,81,1,107.13,81,0.37569438108036607,1.0100098979615217,1.7495780374787264,0.8490103824290516,0.15098961757094842,0,1417.1739138896046,1,Champions
14669,269,4,1940.72,373,0.19897834168683254,0.5637230644015224,1.039171223136069,0.5966676088404468,0.4033323911595532,0,1928.2814093142827,2,Loyal Customers
14670,368,1,189.02,368,0.08699781890140383,0.2541203397362457,0.4889842168697388,0.8490103824290516,0.15098961757094842,0,417.2118294736316,2,Loyal Customers
14671,185,2,1057.11,204,0.2649800805884775,0.7442151776662621,1.3574712341580821,0.8213345377678992,0.17866546223210078,0,1656.057560395061,2,Loyal Customers
14672,151,2,315.03000000000003,316,0.10919077740148779,0.31362509994496546,0.5894136859855151,0.5175677736090674,0.48243222639093264,0,411.8701877409219,2,Loyal Customers
14673,3,3,1646.81,45,0.0022343445114627464,0.004932537035512405,0.006943009283585201,0.0012462173461400936,0.99875378265386,1,11.342159929173345,0,At-Risk
14674,145,1,161.16,145,0.21591085433715304,0.6071288899324897,1.1104703139168772,0.8490103824290516,0.15098961757094842,0,931.4429323695011,2,Loyal Customers
14675,24,1,445.8,24,1.1029021568127397,2.4760057164967324,3.60091939565437,0.8490103824290516,0.15098961757094842,0,3604.789486763944,1,Champions
14676,30,6,2854.85,275,3.992871470783578e-06,1.0828754035302407e-05,1.883873308373324e-05,6.160405297953091e-06,0.999993839594702,1,0.0499350930819291,0,At-Risk
14677,228,1,184.91,228,0.13916010479892874,0.4001933158571182,0.7537767367004776,0.8490103824290516,0.15098961757094842,0,641.7141489872299,2,Loyal Customers
14678,215,1,388.69,215,0.14736479003143102,0.42276041421650756,0.7936971482100509,0.8490103824290516,0.15098961757094842,0,764.7187471300666,2,Loyal Customers
14679,17,3,1197.23,367,7.048877865688893e-05,0.00020153001608144662,0.000376238040739525,0.00027017026771358993,0.9997298297322864,1,0.4797657953801723,0,At-Risk
14680,7,43,23192.72,371,1.0164415933186259e-72,2.341403507369038e-72,3.3612425458616133e-72,3.3713302377120937e-73,1.0,1,7.466809087669195e-68,0,At-Risk
14681,23,3,365.7000000000001,289,0.0005109932979305629,0.0014430282036123072,0.002649509642293836,0.001552991661000382,0.9984470083389996,1,1.6780300157192607,0,At-Risk
14682,64,4,1402.83,308,0.0029436485446035316,0.008244659289629185,0.014967081150238353,0.007335550143384924,0.9926644498566151,1,21.2317285063001,0,At-Risk
14683,224,1,132.74,224,0.14158561737598832,0.4068760916677896,0.7656252198491413,0.8490103824290516,0.15098961757094842,0,629.8424569888504,2,Loyal Customers
14684,26,1,222.82,26,1.032707500007532,2.3557168280528478,3.4717633488883806,0.8490103824290516,0.15098961757094842,0,3045.850358131655,1,Champions
14685,212,8,3750.51,362,0.04682560665238632,0.12767960007732926,0.22353466544034048,0.07186395531344306,0.928136044686557,1,775.4291952935199,0,At-Risk
14686,50,5,870.58,295,0.0002781261737898959,0.0007676999626648963,0.0013667022597346676,0.0005422725487596508,0.9994577274512404,1,1.3135273037482766,0,At-Risk
14687,36,2,686.24,187,0.042566903534508586,0.11888480329616967,0.21528384908261763,0.12134214772783453,0.8786578522721655,1,206.64134907953573,0,At-Risk
14688,9,8,1815.75,92,9.043131772142845e-08,1.974373974829454e-07,2.7157203641702695e-07,4.06195423024843e-08,0.9999999593804577,1,0.000480171576767097,0,At-Risk
14690,28,2,391.78,46,0.8306426937842776,1.9551879981133036,2.933807950557509,0.6528224569266531,0.3471775430733469,0,2219.7250950977045,1,Champions
14692,16,8,1042.68,253,8.665975957376867e-10,2.2756977912748745e-09,3.800511206825363e-09,9.497727783908122e-10,0.9999999990502272,1,4.083155651338281e-06,0,At-Risk
14693,61,6,797.86,161,0.015186022691631069,0.03865431729623791,0.06229240186451703,0.0142419914055239,0.9857580085944762,1,55.011754990997716,0,At-Risk
14694,253,1,229.61,253,0.12570139884396522,0.36293724556065293,0.6873035965795703,0.8490103824290516,0.15098961757094842,0,601.9562208821764,2,Loyal Customers
14695,155,3,1495.26,368,0.06698027475461776,0.19152312859317477,0.3576174210676406,0.2574043656423071,0.7425956343576929,0,538.3138117914558,0,At-Risk
14696,9,2,664.61,57,0.09094573774232642,0.22241508108308902,0.34635620237123416,0.08611672783970684,0.9138832721602932,1,328.3539483617653,0,At-Risk
14699,71,3,582.77,161,0.16605178940345872,0.4487599833763716,0.7788581718256422,0.288413329573693,0.711586670426307,0,624.63172981613,0,At-Risk
14700,51,2,875.56,121,0.23795990384361265,0.6416189663265335,1.1121553905725345,0.4483182931432674,0.5516817068567326,0,1216.4524005830976,1,Champions
14701,78,6,1898.85,320,0.0005079395965843617,0.0013960450995338658,0.002470671813713284,0.0009050303988724216,0.9990949696011275,1,4.515788309484931,0,At-Risk
14702,1,13,3245.53,364,8.947422762629598e-32,2.3493572874831687e-31,3.9181102423783715e-31,8.787426330676724e-32,1.0,1,1.2027338991950845e-27,0,At-Risk
14704,60,2,260.41,260,0.04368714182918563,0.12436749226813214,0.23093260927689835,0.1712454689911255,0.8287545310088745,1,152.56331608920706,0,At-Risk
14706,254,1,367.29,254,0.12521699135466371,0.36159077404911616,0.6848878046213027,0.8490103824290516,0.15098961757094842,0,651.7009329483733,2,Loyal Customers
14707,71,2,78.3,212,0.10090855985952313,0.2840732084953909,0.5197440807905283,0.32460060173953326,0.6753993982604667,0,277.0555973121784,0,At-Risk
14708,4,3,629.8199999999999,91,0.0002840829710506811,0.0007165771155603417,0.0011482860263391024,0.00029117580980389816,0.9997088241901961,1,0.9644993964441919,0,At-Risk
14709,15,12,3764.84,370,7.361364495242281e-17,1.9503371242228022e-16,3.28961388511649e-16,7.907764861952253e-17,0.9999999999999999,1,1.1633110777648175e-12,0,At-Risk
14710,15,9,1296.21,372,6.987198043201915e-13,1.894446141772732e-12,3.291911004243445e-12,9.861333035948852e-13,0.9999999999990139,1,4.257860448559656e-09,0,At-Risk
14712,54,1,411.0,54,0.5462682904126415,1.4031598348552563,2.3119407458723025,0.8490103824290516,0.15098961757094842,0,2262.47050174846,1,Champions
14713,1,11,2657.11,372,3.635377043699435e-27,9.707384783921187e-27,1.6537751928127967e-26,4.2560642720648515e-27,1.0,1,4.169996357940188e-23,0,At-Risk
14714,43,3,708.95,323,0.0023900117660366023,0.006790475636133653,0.012569921838717642,0.008090450102488255,0.9919095498975118,1,11.29166706789627,0,At-Risk
14715,78,4,706.77,325,0.005118623140857618,0.014385442099755596,0.02623366665626295,0.013433835895456965,0.986566164104543,1,22.355083777173203,0,At-Risk
14716,80,1,232.87,80,0.38008976190222116,1.0205967970533638,1.7654710474525415,0.8490103824290516,0.15098961757094842,0,1552.426582074839,1,Champions
14717,369,1,78.85,369,0.08676551395554341,0.2534595538151165,0.4877605147990712,0.8490103824290516,0.15098961757094842,0,386.6210510567149,2,Loyal Customers
14718,46,1,197.14,46,0.6311938485938098,1.586254503197243,2.5556533045571,0.8490103824290516,0.15098961757094842,0,2200.636844805279,1,Champions
14721,15,1,114.77,15,1.5893341066863198,3.215676772513155,4.32390075650617,0.8490103824290516,0.15098961757094842,0,3544.7841143942155,1,Champions
14722,113,2,320.75,122,0.4362586990150592,1.1772277941415914,2.0424948621346886,0.8283037059667261,0.1716962940332739,0,1437.9196674141508,1,Champions
14723,7,7,925.38,371,1.5650744367321939e-12,4.312953690356016e-12,7.657370452940803e-12,2.7839220723330684e-12,0.9999999999972161,1,7.49318906157819e-09,0,At-Risk
14724,226,1,317.0,226,0.1403623831755942,0.4035070306398039,0.7596547503465181,0.8490103824290516,0.15098961757094842,0,701.9205802158937,2,Loyal Customers
14725,30,3,535.0,170,0.011116551915649793,0.030195780458065785,0.052736994183091454,0.02032598251604029,0.9796740174839597,1,40.340298322082205,0,At-Risk
14726,290,1,122.3,290,0.10996191310318405,0.3189883298594828,0.6079634578550221,0.8490103824290516,0.15098961757094842,0,496.5205813378316,2,Loyal Customers
14727,182,2,178.56,182,0.30662748223248537,0.8548102930843225,1.5443033776675337,0.85162442782021,0.14837557217979003,0,932.1040721020953,2,Loyal Customers
14728,49,1,183.23,49,0.5964215799032441,1.51224424088893,2.4584475512021395,0.8490103824290516,0.15098961757094842,0,2097.592117356604,1,Champions
14729,9,3,578.84,261,4.006020711003324e-05,0.00011243716505554854,0.0002047715629952886,0.00011033667627812108,0.9998896633237219,1,0.16342883532673505,0,At-Risk
14732,28,11,2703.53,366,1.7914603233525005e-12,4.77518840376248e-12,8.11701769356429e-12,2.0655759635791406e-12,0.9999999999979344,1,2.0809766611677538e-08,0,At-Risk
14733,3,4,5082.74,38,0.000505417490844757,0.001009482284415167,0.001304399862713933,0.00019699716345852858,0.9998030028365414,1,5.807981537666089,0,At-Risk
14734,61,4,1002.72,187,0.031150846768206234,0.08376309642523724,0.14433634797028294,0.04825098135003012,0.9517490186499699,1,157.94425481799468,0,At-Risk
14735,24,24,5532.99,371,3.0030893150391916e-28,7.421887067956696e-28,1.1505979026223925e-27,1.7017405183319203e-28,1.0,1,6.056221575850828e-24,0,At-Risk
14736,121,2,351.23,121,0.4520281015840858,1.2188179546396778,2.1126478946528806,0.85162442782021,0.14837557217979003,0,1532.5767368727106,1,Champions
14737,36,1,1907.13,36,0.7834733096968532,1.8956728209940945,2.9438982191432057,0.8490103824290516,0.15098961757094842,0,5318.745282266043,1,Champions
14738,196,2,456.9,368,0.10512837723658003,0.30375364118567194,0.5755288147134847,0.5783815534191937,0.42161844658080627,0,459.35162920183404,2,Loyal Customers
14739,3,19,5588.94,373,6.32758451292234e-39,1.6059851891593719e-38,2.5688354756479735e-38,4.470569357335415e-39,1.0,1,1.3572599689971434e-34,0,At-Risk
14740,45,8,2549.3,288,1.1866858227054258e-06,3.163187734244412e-06,5.380832528547751e-06,1.4677325065754961e-06,0.9999985322674935,1,0.012955681717897679,0,At-Risk
14741,8,2,497.25,53,0.0892128253967972,0.21548429985796916,0.3314530409166851,0.07925294475235774,0.9207470552476422,1,275.24285711374677,0,At-Risk
14742,71,1,560.2,71,0.4248220561590045,1.1269214196452029,1.9227023024184036,0.8490103824290516,0.15098961757094842,0,2038.1527476632489,1,Champions
14743,228,1,50.48,228,0.13916010479892874,0.4001933158571182,0.7537767367004776,0.8490103824290516,0.15098961757094842,0,585.975626712552,2,Loyal Customers
14744,2,8,1670.32,206,7.970578798612984e-16,2.0368575642513033e-15,3.2930672003459705e-15,7.228475917021236e-16,0.9999999999999992,1,5.37273279018983e-12,0,At-Risk
14745,137,7,1280.0,273,0.030578937412881448,0.08192419954581744,0.14029211087901192,0.04067044195340965,0.9593295580465904,1,180.89499669477968,0,At-Risk
14746,42,4,310.2,59,1.060492781593417,2.3706090188801343,3.359225464872838,0.5858585422936365,0.41414145770636346,0,1789.9406963870247,1,Champions
14748,4,7,1653.76,281,3.587366201119193e-13,9.63967521113493e-13,1.6569542194687942e-12,4.902649480309362e-13,0.9999999999995097,1,2.6777763719765328e-09,0,At-Risk
14749,115,1,256.0,115,0.26967102218518485,0.7467258999158516,1.3397820271478995,0.8490103824290516,0.15098961757094842,0,1194.2161108117662,2,Loyal Customers
14750,372,1,107.68,372,0.08607598374816994,0.2514976568564044,0.48412589324400473,0.8490103824290516,0.15098961757094842,0,391.4119343127974,2,Loyal Customers
14751,320,2,126.45,362,0.15010147409728736,0.4334366419128986,0.8205615603742794,0.812617520855858,0.18738247914414197,0,464.8027663648219,2,Loyal Customers
14753,96,1,304.47,96,0.32016056220716327,0.8740331364354017,1.5414981318492902,0.8490103824290516,0.15098961757094842,0,1415.6903277791052,1,Champions
14754,61,4,891.33,326,0.0017881239356783841,0.0050263224598625965,0.00916845917846652,0.004706872525013405,0.9952931274749865,1,9.189489941522593,0,At-Risk
14755,17,14,4707.570000000001,372,8.000373980847331e-19,2.0921592772468726e-18,3.471223894832163e-18,7.484145166448436e-19,1.0,1,1.5343864480578534e-14,0,At-Risk
14756,18,2,1661.18,60,0.28062641173389763,0.6920942160634732,1.0869714859703938,0.27804864668209767,0.7219513533179023,0,1793.0436289969882,1,Champions
14758,32,3,1222.16,246,0.002913180256092381,0.008145214320980016,0.014759769565996322,0.007579086351072713,0.9924209136489273,1,19.11727721882393,0,At-Risk
14761,80,1,184.67,80,0.38008976190222116,1.0205967970533638,1.7654710474525415,0.8490103824290516,0.15098961757094842,0,1505.5320683062907,1,Champions
14762,262,1,113.97,262,0.12147211881643924,0.35116835005302677,0.6661564179127905,0.8490103824290516,0.15098961757094842,0,541.0466553152643,2,Loyal Customers
14766,2,6,3850.22,187,8.492569673908846e-12,2.2066699212437357e-11,3.642447068874684e-11,9.136050562352981e-12,0.999999999990864,1,1.2788554639050467e-07,0,At-Risk
14767,110,1,355.61,110,0.2813468152607817,0.7764863975540227,1.3875545805783471,0.8490103824290516,0.15098961757094842,0,1313.0192179197352,1,Champions
14769,26,9,4944.66,359,1.4754262842024702e-10,3.9866676925606133e-10,6.897183879696388e-10,2.0134452040492923e-10,0.9999999997986555,1,3.140773870821105e-06,0,At-Risk
14770,103,6,2607.82,288,0.006112315258569875,0.016647401610631114,0.029118912954194318,0.009852246610187966,0.990147753389812,1,70.98921307471466,0,At-Risk
14771,257,2,594.62,372,0.12812063262904336,0.3703309451393615,0.7020525522893845,0.7123836236505625,0.2876163763494375,0,628.1224334174985,2,Loyal Customers
14773,228,1,135.3,228,0.13916010479892874,0.4001933158571182,0.7537767367004776,0.8490103824290516,0.15098961757094842,0,621.1444242974526,2,Loyal Customers
14774,164,1,222.85,164,0.19170685087558462,0.5428636681716713,1.0019067165001982,0.8490103824290516,0.15098961757094842,0,874.2345269263658,2,Loyal Customers
14775,8,1,377.31,8,2.4215182764993903,4.189503128122878,5.115473883143818,0.8490103824290516,0.15098961757094842,0,4956.122831172583,1,Champions
14776,23,4,1070.04,82,0.03673152384097436,0.08792792339122285,0.13302489276478574,0.026857902580201452,0.9731420974197985,1,153.34841840804162,0,At-Risk
14777,39,1,267.87,39,0.7305907616749147,1.7908403864026374,2.815536723406649,0.8490103824290516,0.15098961757094842,0,2535.9094743507803,1,Champions
14783,295,1,290.81,295,0.10813224274338264,0.3138525981936265,0.5986257349051636,0.8490103824290516,0.15098961757094842,0,544.3605930598632,2,Loyal Customers
14784,25,1,159.04,25,1.0666498486559604,2.4143585455321217,3.5351634737843702,0.8490103824290516,0.15098961757094842,0,2977.2630266394945,1,Champions
14786,186,1,90.96,186,0.16968200966933736,0.4835966246652375,0.9000445620594594,0.8490103824290516,0.15098961757094842,0,719.9015388781318,2,Loyal Customers
14787,107,1,110.65,107,0.28885058504382943,0.79551006935384,1.4178923992272572,0.8490103824290516,0.15098961757094842,0,1150.5255023094683,2,Loyal Customers
14788,232,1,456.18,232,0.13681629772038098,0.39372655691857816,0.7422896126492885,0.8490103824290516,0.15098961757094842,0,742.6827458324711,2,Loyal Customers
14790,10,6,1621.73,364,6.391648763003241e-10,1.7744104681527044e-09,3.1817771611372285e-09,1.2881720237593506e-09,0.999999998711828,1,5.056020463375347e-06,0,At-Risk
14791,242,1,301.83000000000004,242,0.13128824258520141,0.3784386564922735,0.7150481889224309,0.8490103824290516,0.15098961757094842,0,654.6885536371392,2,Loyal Customers
14793,171,1,396.91,171,0.18410331730883703,0.5224888739348308,0.9670795755760271,0.8490103824290516,0.15098961757094842,0,936.4209394328218,2,Loyal Customers
14794,38,3,346.74,123,0.08415271236076471,0.22097990626427896,0.3705382586798418,0.11363674802895535,0.8863632519710447,1,229.71146638389268,0,At-Risk
14796,2,11,2786.38,361,2.000684380912159e-24,5.3247910873644025e-24,9.034018953390153e-24,2.2772663166302977e-24,1.0,1,2.3840407402567092e-20,0,At-Risk
14797,143,1,289.81,143,0.2188189865499206,0.6147903357274415,1.1232843008590683,0.8490103824290516,0.15098961757094842,0,1021.7537021760943,2,Loyal Customers
14798,17,5,550.5699999999999,284,1.2998597688580423e-06,3.577104106750765e-06,6.343198090618981e-06,2.4440695505425135e-06,0.9999975559304495,1,0.004390146549166802,0,At-Risk
14799,373,1,154.35,373,0.0858485693712795,0.2508504236976269,0.4829263635301265,0.8490103824290516,0.15098961757094842,0,402.83339012878315,2,Loyal Customers
14800,5,6,2838.11,71,1.2904583613491364e-06,2.7951134961923146e-06,3.830407317800619e-06,5.952254583795295e-07,0.9999994047745416,1,0.010160640601554487,0,At-Risk
14805,40,3,517.73,257,0.004954058625900246,0.013890973302921925,0.025265763782752935,0.013443199860009454,0.9865568001399906,1,18.97242298127804,0,At-Risk
14806,75,1,107.94,75,0.40370553174969354,1.0770488802538634,1.849486454620918,0.8490103824290516,0.15098961757094842,0,1499.2238129541552,1,Champions
14807,26,2,502.89,285,0.005813888584158921,0.016623711875399804,0.031050758195920306,0.024918219487089197,0.9750817805129108,1,25.79168021602221,0,At-Risk
14809,257,2,666.72,257,0.21972448700194244,0.625142481632696,1.1598968036341044,0.85162442782021,0.14837557217979003,0,1096.8779713631732,2,Loyal Customers
14810,5,3,438.99,65,0.002224257891625166,0.005302643737912798,0.008014332758660609,0.001692090758587051,0.998307909241413,1,5.554977635642647,0,At-Risk
14811,23,1,165.25,23,1.1417088417099113,2.5408958453433734,3.669162588845515,0.8490103824290516,0.15098961757094842,0,3103.961388906332,1,Champions
14812,234,1,182.55,234,0.13567375433738268,0.3905709363282238,0.736676430383935,0.8490103824290516,0.15098961757094842,0,626.1818807105254,2,Loyal Customers
14813,5,4,867.34,246,2.4680023151233376e-07,6.801378858593189e-07,1.2088449401567614e-06,4.957593221194378e-07,0.9999995042406779,1,0.001188690328853921,0,At-Risk
14814,217,1,156.31,217,0.14604012348521084,0.4191242830482266,0.7872823592435918,0.8490103824290516,0.15098961757094842,0,657.8900689137505,2,Loyal Customers
14817,31,5,2450.4,263,4.694413514292481e-05,0.00012835761879545187,0.00022573598151264814,8.204044125815039e-05,0.9999179595587419,1,0.516922533421703,0,At-Risk
14818,94,3,471.91,283,0.046312857280616,0.13062691873432075,0.23945248647227557,0.13792496204649113,0.8620750379535089,1,171.30364969398795,0,At-Risk
14819,130,2,167.99,354,0.07006382367257478,0.2021498487724382,0.38226222245306923,0.3711009292310477,0.6288990707689524,0,227.6700250682783,0,At-Risk
14820,16,5,632.64,313,5.197431194381189e-07,1.441124339740306e-06,2.580757392264337e-06,1.0724548637679528e-06,0.9999989275451362,1,0.0019638179258465336,0,At-Risk
14821,2,7,1152.68,312,1.9516210439660477e-15,5.2981112570627216e-15,9.225662427950885e-15,2.944193649735955e-15,0.999999999999997,1,1.0864585518327493e-11,0,At-Risk
14822,121,1,155.70000000000002,121,0.2568786776725771,0.7138938252638714,1.2866316476384687,0.8490103824290516,0.15098961757094842,0,1075.6772125891912,2,Loyal Customers
14824,15,6,2842.0,273,5.944668529262947e-08,1.611098279570517e-07,2.800372889499522e-07,9.108617910427828e-08,0.9999999089138208,1,0.0007392034667878042,0,At-Risk
14825,4,13,2502.93,248,6.364492674647412e-23,1.58122841409809e-22,2.470316120737411e-22,4.399931083404005e-23,1.0,1,5.911687849647311e-19,0,At-Risk
14826,217,2,373.2,331,0.138601523104306,0.39885589106088437,0.7515368328814529,0.6874267577607592,0.31257324223924077,0,555.7871924780487,2,Loyal Customers
14828,24,10,3167.26,368,4.114168472392252e-12,1.1056210493064155e-11,1.8991769610681003e-11,5.210342542489166e-12,0.9999999999947896,1,5.6510671527798816e-08,0,At-Risk
14829,8,4,982.78,72,0.0009307868264157409,0.0021722088192809284,0.0032045721091866026,0.000608207484869135,0.9993917925151309,1,3.468019697119074,0,At-Risk
14831,316,3,1544.82,373,0.19850187485460824,0.5679465215905513,1.0613821054561092,0.7729392006539072,0.2270607993460928,0,1638.26252626527,2,Loyal Customers
14833,134,1,94.8,134,0.23293766058025214,0.6518050003909027,1.1848128962426638,0.8490103824290516,0.15098961757094842,0,950.65069821642,2,Loyal Customers
14834,43,1,430.86,43,0.6702739205654435,1.6679010256723819,2.6608938258561783,0.8490103824290516,0.15098961757094842,0,2635.200648424371,1,Champions
14835,164,2,89.1,253,0.17865946725403548,0.5079030332379908,0.9413675570212077,0.6819945405027423,0.31800545949725767,0,508.8020250198083,2,Loyal Customers
14837,78,5,1768.89,320,0.0017165167200521325,0.0047672485622756375,0.008555424880977165,0.003617814546851483,0.9963821854531485,1,14.68152262710483,0,At-Risk
14838,59,2,769.62,372,0.014567669731270733,0.0421076511203287,0.07982531389272142,0.08099998523543622,0.9190000147645638,1,81.21416107890965,0,At-Risk
14839,54,3,819.76,340,0.004002146765091589,0.011400497764220497,0.021178012227519884,0.014239975722302038,0.9857600242776979,1,20.83516298579987,0,At-Risk
14840,175,1,294.96,175,0.18002325106963407,0.5115186004063326,0.9482452963366494,0.8490103824290516,0.15098961757094842,0,864.9592352131067,2,Loyal Customers
14841,10,8,3606.5,373,5.677287936831741e-13,1.5521348223729906e-12,2.7267299227241373e-12,8.964440728875528e-13,0.9999999999991036,1,9.11076333702611e-09,0,At-Risk
14843,72,1,211.8,72,0.4193384543962077,1.114024686789838,1.90385862712098,0.8490103824290516,0.15098961757094842,0,1652.4656837071627,1,Champions
14844,66,6,2730.73,242,0.001342789526663206,0.003595747168224558,0.006156466186136731,0.0018364903735945276,0.9981635096264054,1,15.667146570734126,0,At-Risk
14845,235,1,6.75,235,0.1351096090304919,0.38901202241449306,0.7339015737211474,0.8490103824290516,0.15098961757094842,0,552.8529546650227,2,Loyal Customers
14846,63,1,342.45,63,0.4744586222190518,1.241960927972411,2.088085047693815,0.8490103824290516,0.15098961757094842,0,1963.4921867020869,1,Champions
14847,43,2,968.3,200,0.049413260576896316,0.1386090839531357,0.2524209616903478,0.15026687522321336,0.8497331247767866,1,292.22185783382247,0,At-Risk
14848,40,1,268.11,40,0.7145156507231424,1.758432759804013,2.775209129859146,0.8490103824290516,0.15098961757094842,0,2499.7100725302366,1,Champions
14849,9,21,7179.71,334,1.486089805769818e-32,3.663182406702597e-32,5.663972611650959e-32,8.665765232846958e-33,1.0,1,3.847279765632004e-28,0,At-Risk
14850,53,6,1326.01,204,0.0011713827204170887,0.0030769848032103637,0.00514555985663982,0.0013658086469326548,0.9986341913530673,1,6.879551373883239,0,At-Risk
14851,266,1,280.92,266,0.1196824450879713,0.3461792799183616,0.6571699502617174,0.8490103824290516,0.15098961757094842,0,594.0807731425865,2,Loyal Customers
14852,60,12,3079.48,280,5.472272097869064e-08,1.398446772943687e-07,2.2576939662707654e-07,4.5427478155464606e-08,0.9999999545725219,1,0.0006579891253335479,0,At-Risk
14853,59,3,676.5,241,0.021971710403891974,0.061348213041428935,0.1109681581127242,0.05604503866889065,0.9439549613311093,1,96.95025229498785,0,At-Risk
14854,26,4,1485.66,322,5.208878589486803e-05,0.0001463064076468367,0.00026660284180959995,0.00013548906242939643,0.9998645109375706,1,0.3961276223927238,0,At-Risk
14855,110,5,4478.59,246,0.04942301876963409,0.13433287940602925,0.23445824279499758,0.08106613752175587,0.9189338624782442,1,936.9603422668821,0,At-Risk
14857,78,5,2386.39,270,0.004915592256750683,0.013470785787865204,0.02375882676826916,0.00880790752120174,0.9911920924787982,1,53.12401480615766,0,At-Risk
14858,141,1,180.75,141,0.22180653325925534,0.6226477024145489,1.1363978674666304,0.8490103824290516,0.15098961757094842,0,965.4880264535853,2,Loyal Customers
14859,190,1,225.15,190,0.16621010708694378,0.4741844489714396,0.8837109196765645,0.8490103824290516,0.15098961757094842,0,772.0615813751431,2,Loyal Customers
14861,16,9,1217.32,367,1.4358476392988497e-12,3.888010434548267e-12,6.744886626446496e-12,2.0006887938371294e-12,0.9999999999979993,1,8.24892711844024e-09,0,At-Risk
14865,8,3,55.89,374,6.038179380664233e-06,1.727832820748079e-05,3.229522626809998e-05,2.3573285745801e-05,0.9999764267142542,1,0.012720818916333365,0,At-Risk
14866,2,7,2792.89,80,1.275043207917111e-10,2.759805181817057e-10,3.7726063587499344e-10,5.708352068559618e-11,0.9999999999429164,1,9.91327707721197e-07,0,At-Risk
14867,31,13,1905.93,370,4.230689049341773e-14,1.1130829546936105e-13,1.8609007409144692e-13,4.218703557376823e-14,0.9999999999999578,1,3.4281497899584237e-10,0,At-Risk
14868,16,4,1224.5700000000002,56,0.05611894433953881,0.12393641918129858,0.1737331443243927,0.02969566619936651,0.9703043338006335,1,222.68811536224882,0,At-Risk
14869,24,4,2030.13,359,2.105395655043064e-05,5.9520680509853085e-05,0.00010940563369107626,6.083596340584817e-05,0.9999391640365941,1,0.21098157026473177,0,At-Risk
14870,49,5,1396.85,319,0.00015380986962874494,0.0004270755899473129,0.0007662106031868092,0.0003232056366742423,0.9996767943633258,1,1.0752377765488843,0,At-Risk
14871,129,5,708.94,374,0.008958708627976358,0.025146193946305195,0.04576737789758153,0.021937730057613104,0.9780622699423869,1,37.74893720466213,0,At-Risk
14872,119,3,802.11,269,0.10212264701050658,0.2871660942702336,0.5242862638415331,0.289585932054099,0.710414067945901,0,508.83850716328203,0,At-Risk
14873,269,1,321.75,269,0.11837441968636292,0.3425295396985246,0.6505876936952829,0.8490103824290516,0.15098961757094842,0,602.7332621467447,2,Loyal Customers
14874,171,1,91.5,171,0.18410331730883703,0.5224888739348308,0.9670795755760271,0.8490103824290516,0.15098961757094842,0,773.896146080852,2,Loyal Customers
14875,77,1,1076.54,77,0.39391554781031374,1.053734005428174,1.8149360557719811,0.8490103824290516,0.15098961757094842,0,2439.9790688900066,1,Champions
14876,157,2,251.8,197,0.25831838822799896,0.7239144561021522,1.3166821260291663,0.7742020002302006,0.22579799976979942,0,862.2771900868872,2,Loyal Customers
14877,54,2,426.65,278,0.029336523178771435,0.08378546921632309,0.15625596585790452,0.12272800865500319,0.8772719913449968,1,121.43924281983914,0,At-Risk
14878,12,16,2306.99,292,5.357726962157613e-22,1.333581783647024e-21,2.0863944672568413e-21,3.5514973141676136e-22,1.0,1,4.627782474694122e-18,0,At-Risk
14879,320,1,182.06,320,0.09982707673044794,0.2904699361944129,0.5559342557796789,0.8490103824290516,0.15098961757094842,0,472.25877562645405,2,Loyal Customers
14882,26,12,2072.96,255,7.332381009771013e-12,1.847633469419017e-11,2.934335456656214e-11,5.590018022522199e-12,0.99999999999441,1,5.8585166395794235e-08,0,At-Risk
14884,305,1,120.6,305,0.1046496862161627,0.3040618263591696,0.5807854805198482,0.8490103824290516,0.15098961757094842,0,473.7604344178845,2,Loyal Customers
14885,63,2,612.54,101,0.41704390902594946,1.1036482868084396,1.8712682453585259,0.6635667848793237,0.33643321512067625,0,1701.8466428328254,1,Champions
14890,254,2,680.47,295,0.18124417335565973,0.5190412919526481,0.9715419857600891,0.8033555889913416,0.19664441100865837,0,927.9578091132308,2,Loyal Customers
14891,52,2,552.35,72,0.6287580383352642,1.5942166989462707,2.577251363626455,0.7334378093650851,0.26656219063491493,0,2237.415302717342,1,Champions
14892,326,1,197.45,326,0.09802023737826772,0.2853674772211464,0.5465794309811167,0.8490103824290516,0.15098961757094842,0,468.9304284876019,2,Loyal Customers
14893,253,1,566.86,253,0.12570139884396522,0.36293724556065293,0.6873035965795703,0.8490103824290516,0.15098961757094842,0,729.4441280753033,2,Loyal Customers
14894,79,2,798.21,373,0.025997631613505837,0.07515303358324898,0.14248984603881443,0.14493429409358097,0.8550657059064191,1,147.82496952334492,0,At-Risk
14895,19,18,11769.21,365,5.41586093654021e-23,1.3779424453087527e-22,2.21069110719743e-22,3.94390948380422e-23,1.0,1,2.438725347350236e-18,0,At-Risk
14896,1,7,1582.45,369,1.0611751068534886e-17,2.923063241247715e-17,5.1867599780583294e-17,1.8778764258355718e-17,1.0,1,8.053157735490028e-14,0,At-Risk
14897,45,4,1651.83,360,0.0002939400243510493,0.0008311153494715502,0.0015280067357933934,0.0008516387075655224,0.9991483612924345,1,2.4764661159782504,0,At-Risk
14898,7,9,2019.02,372,8.005209328795295e-16,2.170460581373431e-15,3.771531380361074e-15,1.1298096136052836e-15,0.9999999999999989,1,7.313939052199623e-12,0,At-Risk
14899,31,1,1248.94,31,0.8909744268178874,2.1007233476849643,3.186075398669065,0.8490103824290516,0.15098961757094842,0,4600.501515846025,1,Champions
14900,158,1,7.829999999999999,158,0.19874241884145308,0.5616367579966214,1.0338210018719527,0.8490103824290516,0.15098961757094842,0,779.7977398309081,2,Loyal Customers
14901,2,5,838.46,134,4.259882313171723e-09,1.076972341196556e-08,1.7240306755682587e-08,3.975083429825491e-09,0.9999999960249165,1,1.614366315581036e-05,0,At-Risk
14902,31,2,678.41,189,0.030514814425719607,0.08528491929584395,0.15457992493595135,0.08788005101507201,0.912119948984928,1,147.5220017021257,0,At-Risk
14904,44,2,564.7,63,0.6944452933250957,1.7259942649863367,2.7323881448198715,0.7185626821684761,0.2814373178315239,0,2397.0890514599255,1,Champions
14905,10,6,1279.39,372,5.462255950506449e-10,1.51879772721443e-09,2.7291236394771766e-09,1.1240660812165911e-09,0.9999999988759339,1,3.5335681510036064e-06,0,At-Risk
14907,3,10,2621.94,238,9.601733172703399e-19,2.444662572952004e-18,3.932006189569698e-18,8.11517848688098e-19,1.0,1,9.783641972424118e-15,0,At-Risk
14908,99,1,104.1,99,0.3109675689217405,0.8511195006320442,1.5056954026306186,0.8490103824290516,0.15098961757094842,0,1216.5405985706393,1,Champions
14909,73,3,1345.43,299,0.017635422704000092,0.049897807487942536,0.09185208751425515,0.055391288392869706,0.9446087116071303,1,127.6748274070666,0,At-Risk
14911,1,183,121820.49,374,0.0,0.0,0.0,0.0,1.0,1,0.0,3,Hibernating/Lost
14912,37,3,718.9,226,0.006613579025782507,0.018383772684250184,0.03306044683263658,0.015860471527681577,0.9841395284723184,1,29.970945350658496,0,At-Risk
14913,24,4,2697.96,121,0.006048147850488014,0.01543291522597735,0.02499840769878667,0.0062584356949669665,0.993741564305033,1,61.96437177241924,0,At-Risk
14915,11,9,1467.27,372,4.329711467653525e-14,1.173919092341425e-13,2.0398770347485614e-13,6.110707964495092e-14,0.9999999999999389,1,2.950213565387197e-10,0,At-Risk
14916,67,4,1226.32,253,0.009870283978000643,0.027260715103039165,0.0485897587627761,0.020365405189587217,0.9796345948104128,1,61.97402266624889,0,At-Risk
14917,232,2,822.8,232,0.24264814932666806,0.6866435031692375,1.264888651071313,0.85162442782021,0.14837557217979003,0,1334.8552269257098,2,Loyal Customers
14918,40,7,3630.37,246,1.020303703205096e-05,2.7025338971448414e-05,4.5630515836243954e-05,1.230899908613654e-05,0.9999876910009139,1,0.15266111499090282,0,At-Risk
14919,175,1,359.35,175,0.18002325106963407,0.5115186004063326,0.9482452963366494,0.8490103824290516,0.15098961757094842,0,898.5561311884543,2,Loyal Customers
14920,201,1,620.35,201,0.15735596445047392,0.45009454913367103,0.8417071570782914,0.8490103824290516,0.15098961757094842,0,918.3153313563255,2,Loyal Customers
14922,29,2,806.44,143,0.06124897562829508,0.16764949508663227,0.2959698463482598,0.13512763372629025,0.8648723662737098,1,309.22760517733536,0,At-Risk
14924,246,2,521.85,275,0.1972962563026227,0.563192212734954,1.0496032418380745,0.8167106743769746,0.18328932562302536,0,885.830731695166,2,Loyal Customers
14926,17,2,159.3,234,0.004317136636376418,0.012222366095849029,0.02252929750184457,0.015278356137855107,0.9847216438621449,1,13.28789953760693,0,At-Risk
14927,32,1,308.2,32,0.8671752801207654,2.056228284374122,3.1344959520926903,0.8490103824290516,0.15098961757094842,0,2895.353802238619,1,Champions
14928,263,1,223.91000000000005,263,0.12101970112013867,0.34990764737736874,0.6638868268795659,0.8490103824290516,0.15098961757094842,0,579.3435080267683,2,Loyal Customers
14929,57,1,593.49,57,0.5200317855065604,1.3449622991646004,2.2321551593052966,0.8490103824290516,0.15098961757094842,0,2408.7096356291213,1,Champions
14930,106,3,2507.52,242,0.11055726467946762,0.3087781891482875,0.5587293228618843,0.2831323075457176,0.7168676924542824,0,1278.5904164978779,0,At-Risk
14932,1,2,516.78,21,0.028903810860744627,0.05677239628500928,0.07359402683919526,0.01215691047771517,0.9878430895222848,1,62.44340658770769,0,At-Risk
14933,79,4,318.6,80,1.1876009672285248,2.8296551038698543,4.260861915180272,0.8498933665281223,0.1501066334718777,0,2295.7890535899974,1,Champions
14934,14,3,1460.6,77,0.02644199676249809,0.06495919173616801,0.10121068659829431,0.02333942438047972,0.9766605756195202,1,150.26608874881978,0,At-Risk
14935,255,1,480.06,255,0.12473630306727639,0.36025425780828074,0.6824889446324767,0.8490103824290516,0.15098961757094842,0,691.7463035857019,2,Loyal Customers
14936,26,4,3626.98,219,0.000390310063723114,0.0010652249728582786,0.0018699327678635053,0.0007019021968326443,0.9992980978031674,1,6.040873252377443,0,At-Risk
14938,198,2,1771.6,198,0.28276912057753406,0.7926910849872855,1.4423785771335578,0.85162442782021,0.14837557217979003,0,2482.9494315150337,2,Loyal Customers
14940,53,2,525.64,369,0.011933638457086075,0.03448395660130941,0.06534639295748634,0.06582972189948275,0.9341702781005172,1,55.30492533136914,0,At-Risk
14941,214,1,169.35,214,0.14803617621783932,0.42460224708564476,0.7969439318051815,0.8490103824290516,0.15098961757094842,0,671.6913732336703,2,Loyal Customers
14942,37,4,595.97,365,0.00011953490181389546,0.0003382470294921456,0.0006225180230567985,0.00035098987017417475,0.9996490101298259,1,0.47427435583878486,0,At-Risk
14943,299,1,107.62,299,0.10671177071896486,0.3098615798645901,0.5913596549318426,0.8490103824290516,0.15098961757094842,0,478.17326748782375,2,Loyal Customers
14944,25,7,3476.22,296,7.674322242927947e-08,2.072920199276831e-07,3.5865718604831526e-07,1.1015142764879283e-07,0.9999998898485724,1,0.001150922163326846,0,At-Risk
14945,49,1,179.4,49,0.5964215799032441,1.51224424088893,2.4584475512021395,0.8490103824290516,0.15098961757094842,0,2092.395638880586,1,Champions
14947,24,4,634.9200000000001,260,0.00011387830731230375,0.0003151783963503497,0.0005633000949108772,0.00024117866696088768,0.9997588213330391,1,0.44728490533881166,0,At-Risk
14949,105,4,509.13,357,0.010887370392810021,0.03076941521215715,0.05653342593554316,0.031289611579081084,0.9687103884209189,1,39.079013418246035,0,At-Risk
14952,32,21,7620.13,372,3.477186245556986e-22,8.727132330527187e-22,1.3774951678744527e-21,2.234144695639968e-22,1.0,1,9.920355796386959e-18,0,At-Risk
14953,54,3,688.73,71,0.8595216660152528,2.0822845469478217,3.1981448213867636,0.70626615361975,0.29373384638025,0,2835.2978537946706,1,Champions
14954,339,1,156.47,339,0.09432133451031562,0.27490462474840505,0.5273530381790711,0.8490103824290516,0.15098961757094842,0,440.53824054251106,2,Loyal Customers
14955,368,1,161.32,368,0.08699781890140383,0.2541203397362457,0.4889842168697388,0.8490103824290516,0.15098961757094842,0,409.76447124577584,2,Loyal Customers
14956,57,1,57.24,57,0.5200317855065604,1.3449622991646004,2.2321551593052966,0.8490103824290516,0.15098961757094842,0,1748.4355739627317,1,Champions
14957,280,1,245.1,280,0.11381351891913508,0.3297811546859499,0.6275413899218287,0.8490103824290516,0.15098961757094842,0,554.9067693662987,2,Loyal Customers
14958,231,3,415.01,372,0.1421530032412628,0.4066733559829251,0.759866652069539,0.5520779549721327,0.44792204502786725,0,510.0051996141842,2,Loyal Customers
14961,15,13,8282.17,371,3.234995518511147e-18,8.5139642363026e-18,1.4239761981905318e-17,3.2339448082680154e-18,1.0,1,1.0941624961178429e-13,0,At-Risk
14962,175,3,234.96000000000004,220,0.3144423899614212,0.8723562266529403,1.5648595347986125,0.734890511089297,0.26510948891070296,0,833.4716756508113,2,Loyal Customers
14963,15,7,1654.64,161,2.9644021389471535e-07,7.411104096038426e-07,1.1692872994554125e-06,2.4232658533406013e-07,0.9999997576734146,1,0.0018944266345825957,0,At-Risk
14966,23,5,821.75,360,1.412592743470143e-06,3.955264761944926e-06,7.1751803743729584e-06,3.3341736611475293e-06,0.9999966658263388,1,0.006598759078945923,0,At-Risk
14967,77,5,1016.66,372,0.0006290717919817697,0.001765139930579894,0.003211182799823579,0.0015324982597660975,0.9984675017402339,1,3.4790063260930673,0,At-Risk
14968,94,1,320.8,94,0.3265973002937136,0.8900074440166447,1.5663299477681887,0.8490103824290516,0.15098961757094842,0,1452.6536606900659,1,Champions
14969,339,1,674.3199999999999,339,0.09432133451031562,0.27490462474840505,0.5273530381790711,0.8490103824290516,0.15098961757094842,0,590.7002226266694,2,Loyal Customers
14970,45,8,3115.19,299,8.405140659835808e-07,2.2494891984079775e-06,3.845885470159904e-06,1.0767888482744258e-06,0.9999989232111517,1,0.011185385499336445,0,At-Risk
14972,17,1,30.300000000000004,17,1.447398694507076,3.015370542041162,4.139504380568189,0.8490103824290516,0.15098961757094842,0,3197.4708359650353,1,Champions
14975,57,1,187.2,57,0.5200317855065604,1.3449622991646004,2.2321551593052966,0.8490103824290516,0.15098961757094842,0,1908.452761942525,1,Champions
14977,361,1,31.93,361,0.08865944947356304,0.258844114550551,0.4977251785304045,0.8490103824290516,0.15098961757094842,0,381.68534946184064,2,Loyal Customers
14978,66,5,1095.72,226,0.0061795373526547775,0.016661147233919597,0.0287856666868074,0.00935546946841698,0.990644530531583,1,33.136452710538315,0,At-Risk
14979,371,1,430.46,371,0.08630460618609923,0.2521482388436866,0.4853313984359617,0.8490103824290516,0.15098961757094842,0,478.520438697366,2,Loyal Customers
14980,373,1,143.8,373,0.0858485693712795,0.2508504236976269,0.4829263635301265,0.8490103824290516,0.15098961757094842,0,400.03210851616694,2,Loyal Customers
14981,59,1,270.8,59,0.5038978630062442,1.3087781411818866,2.18196512092429,0.8490103824290516,0.15098961757094842,0,1965.9499444946794,1,Champions
14982,208,1,227.08,208,0.15219657729727018,0.4359993892699787,0.816996923631379,0.8490103824290516,0.15098961757094842,0,714.5628750276144,2,Loyal Customers
14983,325,1,177.95000000000002,325,0.098316821354806,0.2862054004978811,0.5481166359514865,0.8490103824290516,0.15098961757094842,0,464.37314179724626,2,Loyal Customers
14984,24,4,670.14,333,3.1212742980760044e-05,8.785169478786024e-05,0.00016052810912350527,8.38642679151598e-05,0.9999161357320848,1,0.13200510935643964,0,At-Risk
14986,12,2,551.3,320,0.0007334388382670524,0.002107732592517589,0.003964006226432344,0.003519493732806292,0.9964805062671938,1,3.4267290800210386,0,At-Risk
14987,1,7,708.25,373,9.711498918587254e-18,2.6773971250387277e-17,4.7562234363431387e-17,1.7363567319106157e-17,1.0,1,3.7519489132659796e-14,0,At-Risk
14988,16,6,1679.8,238,2.369202481184339e-07,6.333147756808968e-07,1.0819641977946014e-06,3.1899784787540597e-07,0.9999996810021521,1,0.0017752110709396468,0,At-Risk
14989,297,1,322.1,297,0.10741731083493343,0.3118443186546561,0.5949705023598397,0.8490103824290516,0.15098961757094842,0,551.2711921583405,2,Loyal Customers
14990,248,2,252.82,366,0.12851459147439712,0.37125125767689193,0.7032256716012342,0.7032800844656039,0.29671991553439614,0,460.6453438591407,2,Loyal Customers
14991,66,1,289.37,66,0.4545423694114992,1.196166328744852,2.0228263693129556,0.8490103824290516,0.15098961757094842,0,1842.667599688446,1,Champions
14992,78,1,208.5,78,0.38919651251499493,1.042451465674529,1.798141754039982,0.8490103824290516,0.15098961757094842,0,1557.1068867146655,1,Champions
14993,199,1,36.13,199,0.15889495471564857,0.4542907303242104,0.8490443802638372,0.8490103824290516,0.15098961757094842,0,653.4384421764091,2,Loyal Customers
14994,18,5,923.03,259,3.0939995105415353e-06,8.448513162638414e-06,1.4832601950842246e-05,5.328965590700111e-06,0.9999946710344093,1,0.01491414656839838,0,At-Risk
14996,117,2,423.3,117,0.46653395717524887,1.253810443421539,2.1647845570005604,0.85162442782021,0.14837557217979003,0,1680.1508789624156,1,Champions
14997,291,1,215.82,291,0.10959104218180206,0.31794777954838876,0.6060726709789009,0.8490103824290516,0.15098961757094842,0,526.1450428092138,2,Loyal Customers
14998,64,2,288.51,241,0.060747943409110654,0.1722597115310625,0.31819564871367806,0.22121534629383027,0.7787846537061698,0,216.50847230193673,0,At-Risk
14999,228,1,124.23,228,0.13916010479892874,0.4001933158571182,0.7537767367004776,0.8490103824290516,0.15098961757094842,0,616.5544857303122,2,Loyal Customers
15001,30,2,200.01,30,1.5429197154911884,3.315587604300006,4.5964211858629245,0.85162442782021,0.14837557217979003,0,2862.7123640110203,1,Champions
15002,3,6,3055.34,332,1.1718429342430146e-12,3.2303680553354545e-12,5.739229403896477e-12,2.1626166612067322e-12,0.9999999999978374,1,1.6194845789269258e-08,0,At-Risk
15003,109,6,1017.77,318,0.0042685418733699855,0.011725790327107254,0.020737956252637656,0.007560222182278846,0.9924397778177212,1,22.195556130133653,0,At-Risk
15005,2,29,7516.49,374,1.8825725577332237e-63,4.55753768091794e-63,6.901514633680391e-63,9.026705143176145e-64,1.0,1,4.944382723316894e-59,0,At-Risk
15006,89,1,287.25,89,0.34388156966442257,0.9326226726933176,1.6320653236453146,0.8490103824290516,0.15098961757094842,0,1483.6421979122333,1,Champions
15008,116,2,97.2,273,0.1097994610437182,0.3133193653649628,0.5836505103979147,0.45130003723598316,0.5486999627640168,0,318.74153886278896,2,Loyal Customers
15011,31,2,398.75,52,0.7345526785447944,1.7683099383183596,2.711082975202264,0.6417957437043591,0.3582042562956409,0,2063.34996901865,1,Champions
15012,9,2,406.44,212,0.0014860181793882256,0.0041833710905096605,0.007653950802185172,0.004780193037110133,0.9952198069628899,1,5.8423579326378,0,At-Risk
15013,123,10,1540.53,313,0.00042546322708241554,0.0011231831411551473,0.001886781522610604,0.0004629758270804319,0.9995370241729196,1,2.8511033459569814,0,At-Risk
15015,137,13,2184.88,361,1.918320221860758e-05,5.031872670978847e-05,8.381315678416915e-05,1.8695832345075916e-05,0.999981304167655,1,0.17583559848065172,0,At-Risk
15016,29,4,444.96,179,0.0017640131920482645,0.004722187628502957,0.008092439590029083,0.0026223960210102087,0.9973776039789898,1,5.179443923220406,0,At-Risk
15018,3,1,82.80000000000001,3,3.8744753382827906,5.329139293536701,5.852334758934876,0.8490103824290516,0.15098961757094842,0,4733.56665031015,1,Champions
15020,15,1,202.97,15,1.5893341066863198,3.215676772513155,4.32390075650617,0.8490103824290516,0.15098961757094842,0,3756.385194272847,1,Champions
15021,2,4,848.36,134,1.890553493603117e-07,4.891840242202484e-07,8.051052501484219e-07,2.1477054222943665e-07,0.9999997852294578,1,0.0007806133093875638,0,At-Risk
15022,313,1,255.55,313,0.10202109779997778,0.29665836192564415,0.5672613418261605,0.8490103824290516,0.15098961757094842,0,504.81407062632775,2,Loyal Customers
15023,5,10,4900.89,310,5.5451263573467535e-18,1.4621955378017893e-17,2.4528229459828736e-17,5.980121955613657e-18,1.0,1,1.1134608122035156e-13,0,At-Risk
15024,3,8,2307.34,60,1.0017350882109239e-09,1.940070171519571e-09,2.423107173417639e-09,3.221813445340033e-10,0.9999999996778186,1,5.361555483127332e-06,0,At-Risk
15025,204,1,590.93,204,0.15510257782010167,0.44394367177074123,0.8309362326002476,0.8490103824290516,0.15098961757094842,0,893.0987412636973,2,Loyal Customers
15026,11,2,584.16,84,0.04264692204858773,0.11040604378362537,0.18258525827621655,0.05724008402528893,0.9427599159747111,1,162.50729829860967,0,At-Risk
15027,31,6,1234.97,260,7.328518334464091e-06,1.9768089779343852e-05,3.4156404219223024e-05,1.0723230128181797e-05,0.9999892767698718,1,0.04295760213159344,0,At-Risk
15028,4,3,514.73,30,0.02606026194498696,0.05190575948372393,0.06732698487148578,0.010578979592860388,0.9894210204071396,1,50.85495261352714,0,At-Risk
15029,255,1,294.54,255,0.12473630306727639,0.36025425780828074,0.6824889446324767,0.8490103824290516,0.15098961757094842,0,622.1074989920317,2,Loyal Customers
15030,16,6,981.16,281,7.156380113490345e-08,1.9447289392257543e-07,3.391896868129731e-07,1.126918522741186e-07,0.9999998873081477,1,0.0003524626955150343,0,At-Risk
15031,30,10,2376.44,367,4.0478795709496297e-11,1.0875029256575728e-10,1.8673919685947415e-10,5.113269891659865e-11,0.9999999999488673,1,4.226378956381776e-07,0,At-Risk
15032,2,7,2117.9,365,5.376448256765487e-16,1.4796653439450377e-15,2.6225300152831502e-15,9.415777454357218e-16,0.9999999999999991,1,5.298817319037532e-12,0,At-Risk
15034,22,6,3384.98,213,3.7110919728144743e-06,9.798345583732637e-06,1.648746346331756e-05,4.504313595790392e-06,0.9999954956864042,1,0.05125887400861115,0,At-Risk
15037,12,2,395.9,12,2.937833841669372,4.929775148063056,5.806814949132457,0.85162442782021,0.14837557217979003,0,4446.0145543766985,1,Champions
15038,5,4,582.87,61,0.00033131635424218844,0.0007462396909930119,0.0010647226081098495,0.00018817710605590124,0.9998118228939441,1,0.8048348049355816,0,At-Risk
15039,4,47,16952.07,365,1.0256290901670171e-89,2.3278963915599752e-89,3.292044886815375e-89,3.0923645750187566e-90,1.0,1,5.357304847130666e-85,0,At-Risk
15040,177,1,7.49,177,0.17805029368728803,0.5062044710953901,0.9391008667666626,0.8490103824290516,0.15098961757094842,0,708.0595055325107,2,Loyal Customers
15041,80,1,113.25,80,0.38008976190222116,1.0205967970533638,1.7654710474525415,0.8490103824290516,0.15098961757094842,0,1436.046463050073,1,Champions
15042,231,1,79.92,231,0.1373948163359163,0.39532357029409865,0.7451284242977648,0.8490103824290516,0.15098961757094842,0,591.3106052980198,2,Loyal Customers
15043,99,5,1408.9,169,0.2321803516892951,0.6060249830051745,1.0065105139718826,0.2679454708244161,0.7320545291755839,0,1425.132764524504,0,At-Risk
15044,15,15,7903.56,359,1.1230369679990601e-20,2.904018138482261e-20,4.752088298457986e-20,9.535550187374127e-21,1.0,1,3.508084000780666e-16,0,At-Risk
15046,61,10,2338.78,330,1.8127009271871722e-07,4.814599453572584e-07,8.149187001696635e-07,2.0723982825003783e-07,0.9999997927601717,1,0.0018173214360580048,0,At-Risk
15048,4,1,95.9,4,3.459163950590388,5.057804924838033,5.693613931946437,0.8490103824290516,0.15098961757094842,0,4640.925829398422,1,Champions
15050,57,2,1972.4,116,0.295322174162858,0.7930027096498504,1.367780242636051,0.5347646454798199,0.46523535452018006,0,2550.273231273005,1,Champions
15051,15,6,2166.44,374,6.123951149217155e-09,1.703440358983438e-08,3.0624690561206045e-08,1.26673864358053e-08,0.9999999873326135,1,6.299825505157851e-05,0,At-Risk
15055,110,3,524.42,359,0.02913084629378188,0.08320050568134936,0.1551098823118992,0.10928178431559454,0.8907182156844055,1,117.21498150167885,0,At-Risk
15056,156,1,131.0,156,0.2012037920142508,0.5681864645471544,1.0449162887959311,0.8490103824290516,0.15098961757094842,0,859.0124199224176,2,Loyal Customers
15057,79,3,1604.62,370,0.009421971573153514,0.026947863595710865,0.05033494775441355,0.03640026028629151,0.9635997397137085,1,80.01783068811146,0,At-Risk
15058,12,5,1222.09,289,1.9619099318468647e-07,5.40658870362079e-07,9.604823402019895e-07,3.750853359616603e-07,0.999999624914664,1,0.001207021877553072,0,At-Risk
15059,12,10,2096.36,369,3.86814840363957e-15,1.0397959397114015e-14,1.7867369635989375e-14,4.911312419396661e-15,0.9999999999999951,1,3.593032539309381e-11,0,At-Risk
15061,3,86,28750.15,374,1.669770706814072e-174,3.552755781450024e-174,4.724534470721716e-174,2.9487706515507094e-175,1.0,1,1.3142799537885998e-169,3,Hibernating/Lost
15062,59,4,1547.34,246,0.006707299137727085,0.018484132804112683,0.03285282422579088,0.013473269669950407,0.9865267303300496,1,50.48955607840236,0,At-Risk
15064,46,4,1116.04,353,0.00035750638007106355,0.0010097171297440155,0.0018535683758606123,0.0010163037172576854,0.9989836962827423,1,2.1963736196054007,0,At-Risk
15065,46,1,159.13,46,0.6311938485938098,1.586254503197243,2.5556533045571,0.8490103824290516,0.15098961757094842,0,2147.0145341778198,1,Champions
15067,49,2,1794.49,243,0.03605322458637776,0.10227917010298304,0.1890389793376786,0.13234494560856888,0.8676550543914311,1,328.3447779504431,0,At-Risk
15068,54,2,591.09,257,0.0369645752772205,0.10516864386214697,0.19513115400452052,0.14327003648802097,0.856729963511979,1,174.17714027052043,0,At-Risk
15070,8,3,690.8000000000001,360,7.100009372351938e-06,2.0280968467874532e-05,3.7816360586234345e-05,2.6707298559162104e-05,0.9999732927014409,1,0.03343562363855447,0,At-Risk
15071,22,2,450.74,206,0.011337724143342562,0.03186195244771269,0.05816272793490813,0.035474620038096,0.964525379961904,1,46.206549502886745,0,At-Risk
15072,115,1,186.89,115,0.26967102218518485,0.7467258999158516,1.3397820271478995,0.8490103824290516,0.15098961757094842,0,1143.2316851495,2,Loyal Customers
15073,36,5,1620.51,317,3.19946309609986e-05,8.87968278460691e-05,0.00015921278030941305,6.682715243587022e-05,0.9999331728475641,1,0.2533633517934149,0,At-Risk
15074,65,2,712.49,103,0.41310073972508615,1.0955785334731623,1.8622526887658066,0.6693915565880085,0.33060844341199147,0,1824.368202337687,1,Champions
15076,128,2,540.04,158,0.3218159924619665,0.8879735403922074,1.5834116254706152,0.7806893480520456,0.2193106519479544,0,1357.8264461055753,2,Loyal Customers
15077,130,2,1677.48,366,0.06461472905027427,0.18665817748130892,0.35356869372115834,0.3535960514900137,0.6464039485099863,0,584.7982653869652,0,At-Risk
15078,4,22,7764.3,371,1.972164526725807e-42,4.9222268099116704e-42,7.718526786980105e-42,1.2109254685852772e-42,1.0,1,5.670733559685475e-38,0,At-Risk
15079,1,8,2199.31,367,5.0168995377674e-20,1.3696337613837898e-19,2.4016759259104326e-19,7.800499034563583e-20,1.0,1,5.035016583833654e-16,0,At-Risk
15080,63,2,546.25,137,0.23462372478937685,0.6398591823553769,1.1245258923039172,0.49701040795826945,0.5029895920417305,0,969.5298089127831,0,At-Risk
15081,3,8,1319.02,171,7.527346908705438e-14,1.8689803524035097e-13,2.9241565185713235e-13,5.767192835133977e-14,0.9999999999999424,1,3.8634448647895324e-10,0,At-Risk
15082,304,1,93.35,304,0.10498781463814588,0.30501332589915553,0.5825214931680577,0.8490103824290516,0.15098961757094842,0,466.44873719902984,2,Loyal Customers
15084,15,2,680.28,281,0.0018212214595667486,0.005204039184625208,0.009711851749625888,0.007699021841001867,0.9923009781589981,1,9.275450835242534,0,At-Risk
15085,365,1,347.54,365,0.08770225789322296,0.2561235347066736,0.492692453694038,0.8490103824290516,0.15098961757094842,0,463.3210741187114,2,Loyal Customers
15086,200,2,218.53,261,0.19270372872265656,0.5486891404338939,1.0190978317195618,0.758185235147486,0.24181476485251396,0,643.3148410509712,2,Loyal Customers
15091,310,2,551.15,310,0.18306035584018165,0.5253739147343102,0.9862797139493318,0.85162442782021,0.14837557217979003,0,852.5285376702312,2,Loyal Customers
15092,98,1,307.95,98,0.3139726671476822,0.8586226035888869,1.5174430167145458,0.8490103824290516,0.15098961757094842,0,1396.4436129921403,1,Champions
15093,8,18,6738.5,367,1.164719334932822e-29,2.965774447904297e-29,4.762695509096923e-29,8.524067261633983e-30,1.0,1,3.0224616854507067e-25,0,At-Risk
15094,99,2,83.0,280,0.08345596036093615,0.238431194653609,0.4448640721888203,0.3515789226744562,0.6484210773255439,0,238.50898663742063,0,At-Risk
15095,56,6,1495.99,323,6.022554071171832e-05,0.0001656534092101742,0.0002934592100626353,0.000108267244831638,0.9998917327551684,1,0.43472346853947785,0,At-Risk
15097,219,2,389.97,219,0.2565671151916093,0.7236617479460281,1.327351253796843,0.85162442782021,0.14837557217979003,0,997.7910898259961,2,Loyal Customers
15100,2,6,1274.7,337,1.219085038393971e-13,3.3645780668208147e-13,5.986921196073231e-13,2.2821662131343386e-13,0.9999999999997717,1,7.729154110424642e-10,0,At-Risk
15101,151,4,950.12,226,0.2789096971660667,0.7632719881303955,1.3445191061799258,0.5167843831774522,0.48321561682254777,0,1412.9768172372924,2,Loyal Customers
15102,166,2,534.3,182,0.2964108779575198,0.8263286370011007,1.4928483144251614,0.8232489224461151,0.17675107755388486,0,1273.78911806334,2,Loyal Customers
15105,66,2,775.01,262,0.05094698446074661,0.14508988238968798,0.26954855316354814,0.20119510842009336,0.7988048915799066,0,275.37194428216077,0,At-Risk
15107,8,4,545.5,87,0.0003533403239658179,0.0008550706176776012,0.0013080735918174873,0.00027210456117527856,0.9997278954388247,1,0.9469677832513947,0,At-Risk
15109,215,2,478.35,371,0.11257329837560136,0.32536010641657087,0.6167168993799721,0.6242876004758949,0.37571239952410507,0,501.49681372142186,2,Loyal Customers
15110,39,2,382.55,121,0.1631992162998946,0.44003931240640987,0.7627456777946278,0.30746858152191825,0.6925314184780818,0,570.1006070763083,0,At-Risk
15111,8,3,1117.54,228,4.9185614351777754e-05,0.00013680711710615766,0.0002462270801907204,0.00011895619849255303,0.9998810438015074,1,0.29906124143115337,0,At-Risk
15112,247,1,188.55,247,0.12868842172736128,0.3712315076270535,0.7021641813271967,0.8490103824290516,0.15098961757094842,0,599.1290576862546,2,Loyal Customers
15114,19,2,585.87,57,0.34618806378204897,0.846630619394571,1.3184167400733198,0.3278062722910754,0.6721937277089246,0,1176.7727195705029,0,At-Risk
15115,368,1,191.74,368,0.08699781890140383,0.2541203397362457,0.4889842168697388,0.8490103824290516,0.15098961757094842,0,417.9431224115293,2,Loyal Customers
15117,84,3,761.0,270,0.040238074095213336,0.11317405332241837,0.20668675417691904,0.1145112311250248,0.8854887688749752,1,194.03183311887938,0,At-Risk
15122,58,8,2777.59,255,2.9149595611502107e-05,7.662041658217752e-05,0.00012810831559007012,3.218193930397792e-05,0.999967818060696,1,0.3344777206137397,0,At-Risk
15123,57,3,1997.61,269,0.01259912532829299,0.03542839632206989,0.06468250225987943,0.0357269377367859,0.9642730622632141,1,122.51196564090164,0,At-Risk
15124,112,2,240.82,287,0.0936333122275104,0.26781235080119875,0.5004521213026192,0.4040535002230641,0.5959464997769359,0,323.69888139304453,0,At-Risk
15125,115,9,4576.67,254,0.004330213081511123,0.01124927473678645,0.01853661578262665,0.00427670448823283,0.9957232955117672,1,78.40321046856731,0,At-Risk
15126,172,2,430.59,323,0.11943219869729525,0.3433519825696729,0.6460792940191783,0.5783575591667821,0.4216424408332179,0,503.81323692253477,2,Loyal Customers
15127,155,1,272.52,155,0.2024574848364554,0.5715189619311516,1.0505538272092065,0.8490103824290516,0.15098961757094842,0,945.4781173347105,2,Loyal Customers
15128,66,1,291.93,66,0.4545423694114992,1.196166328744852,2.0228263693129556,0.8490103824290516,0.15098961757094842,0,1845.5228159051396,1,Champions
15129,21,12,3103.91,246,8.975916744350406e-13,2.2489548468015935e-12,3.5484524670043447e-12,6.624088335863506e-13,0.9999999999993376,1,1.042673202423087e-08,0,At-Risk
15131,30,1,76.77,30,0.9161179766487617,2.1471934053186486,3.2393842631163787,0.8490103824290516,0.15098961757094842,0,2578.535123068355,1,Champions
15133,18,2,758.18,156,0.017672177568480683,0.04871391638859903,0.08675767145496717,0.04235306609694191,0.9576469339030581,1,87.68684659069582,0,At-Risk
15134,17,2,202.45,58,0.27878695952880056,0.6837654217722089,1.067888658529518,0.2680646108929851,0.7319353891070148,0,664.7234639525012,0,At-Risk
15135,192,1,155.38,192,0.16452689757788055,0.4696144636229735,0.8757645964336512,0.8490103824290516,0.15098961757094842,0,731.4915851040354,2,Loyal Customers
15137,156,2,745.81,316,0.11307801863270094,0.3247902958402811,0.6103970807092256,0.5359934212452472,0.4640065787547528,0,610.9355102959108,2,Loyal Customers
15138,29,1,456.29,29,0.9427232635514526,2.195773242217596,3.294510429580775,0.8490103824290516,0.15098961757094842,0,3314.282971725786,1,Champions
15140,78,1,843.19,78,0.38919651251499493,1.042451465674529,1.798141754039982,0.8490103824290516,0.15098961757094842,0,2186.0742168075444,1,Champions
15141,93,7,1312.56,257,0.0031448074446712255,0.00837080392961419,0.014219394155665838,0.0039522763798014665,0.9960477236201986,1,18.74300372992462,0,At-Risk
15142,46,5,2013.08,136,0.02141089646204487,0.05425035512544447,0.0870611120938065,0.02024964076613503,0.979750359233865,1,167.70333211123517,0,At-Risk
15143,68,1,278.63,68,0.44216870259997293,1.1674703104561752,1.9815471503690194,0.8490103824290516,0.15098961757094842,0,1793.1780292947765,1,Champions
15144,15,12,5112.25,362,9.822400923709877e-17,2.5957750668288947e-16,4.3644586691325263e-16,1.0338302356690893e-16,0.9999999999999999,1,2.079763688529463e-12,0,At-Risk
15149,213,3,727.86,285,0.2312007290052195,0.6523772743395215,1.1965286794889987,0.6932469174863684,0.30675308251363165,0,1092.537621378049,2,Loyal Customers
15150,92,3,3571.39,179,0.20836497324553913,0.5685933588209803,0.9987682890182767,0.4000609603559942,0.5999390396440059,0,3108.5596627634372,1,Champions
15151,59,2,1397.56,145,0.19157625959102104,0.5249870303677422,0.9281476002491522,0.4282674664678594,0.5717325335321406,0,1354.955594189596,1,Champions
15152,337,1,518.14,337,0.09487211970800528,0.27646406827573294,0.5302223968096419,0.8490103824290516,0.15098961757094842,0,548.3825717970315,2,Loyal Customers
15154,114,2,1029.94,114,0.478039269473114,1.2813998840934462,2.2055933618505468,0.85162442782021,0.14837557217979003,0,2652.0592879406886,1,Champions
15155,19,1,364.57,19,1.328774869330653,2.8386123780580657,3.969984316419223,0.8490103824290516,0.15098961757094842,0,3800.15024484451,1,Champions
15157,205,2,491.9,365,0.11130436522764484,0.3215024822643646,0.608907415300168,0.6074690015955647,0.3925309984044353,0,500.93985507593715,2,Loyal Customers
15158,37,1,44.22,37,0.7650146626461872,1.8593872357234449,2.899825922316683,0.8490103824290516,0.15098961757094842,0,2254.0718751954732,1,Champions
15159,31,4,2952.58,67,0.30275631012884424,0.696047364217485,1.0122245950574202,0.18606627084934352,0.8139337291506565,1,2726.926646980003,1,Champions
15160,10,3,429.31,57,0.03164604028502767,0.07353748151083248,0.10842836672733579,0.021503665897527703,0.9784963341024723,1,74.39036486749117,0,At-Risk
15161,24,1,119.92,24,1.1029021568127397,2.4760057164967324,3.60091939565437,0.8490103824290516,0.15098961757094842,0,2955.256409600072,1,Champions
15162,367,1,290.4,367,0.08723137113978932,0.25478458036697815,0.490214076228868,0.8490103824290516,0.15098961757094842,0,445.58740283968336,2,Loyal Customers
15164,25,6,1212.27,326,3.793320401089754e-07,1.0441568296505652e-06,1.8515604756914945e-06,6.879662132955938e-07,0.9999993120337867,1,0.002291183423260628,0,At-Risk
15165,9,1,460.2,9,2.25280513154797,4.015998776348188,4.986262030350628,0.8490103824290516,0.15098961757094842,0,5057.743114825987,1,Champions
15166,103,1,161.91,103,0.29950127429217266,0.8223750690549642,1.4604727661877337,0.8490103824290516,0.15098961757094842,0,1226.4025628468714,1,Champions
15167,43,4,1293.41,309,0.0005393232450836953,0.001510871164008653,0.0027435516850070995,0.0013481933014079293,0.9986518066985921,1,3.647628061477364,0,At-Risk
15169,18,2,539.97,362,0.0011993755158130619,0.003463345707248847,0.006556640770179207,0.00649316446821517,0.9935068355317849,1,5.615103790361444,0,At-Risk
15170,42,1,81.15,42,0.6843992514661552,1.697021765679058,2.6979342514864806,0.8490103824290516,0.15098961757094842,0,2151.127270544717,1,Champions
15173,16,7,1459.02,253,1.1608015240479632e-08,3.0844357627278454e-08,5.228237996428553e-08,1.437595242818192e-08,0.9999999856240476,1,7.561521570977144e-05,0,At-Risk
15174,46,1,339.93,46,0.6311938485938098,1.586254503197243,2.5556533045571,0.8490103824290516,0.15098961757094842,0,2402.076722061129,1,Champions
15176,303,1,921.14,303,0.10532813519389936,0.30597079986749165,0.5842679192224918,0.8490103824290516,0.15098961757094842,0,733.8150370520237,2,Loyal Customers
15177,61,1,732.17,61,0.48873519626480666,1.2744929727439,2.1339896465010155,0.8490103824290516,0.15098961757094842,0,2465.5071355788536,1,Champions
15179,28,8,4563.16,372,2.3259542372370287e-09,6.357520160922082e-09,1.1165243675554074e-08,3.6633186657056672e-09,0.9999999963366814,1,4.675600645334144e-05,0,At-Risk
15180,3,3,797.19,225,2.751213335200672e-06,7.645121828591981e-06,1.3742948382495178e-05,6.56987962115447e-06,0.9999934301203789,1,0.013290208578275956,0,At-Risk
15181,56,2,360.78,367,0.013622777006477451,0.03935720723129141,0.0745608078135308,0.07474848086865973,0.9252515191313403,1,54.484823759543346,0,At-Risk
15182,21,9,2168.59,292,1.7367959701501933e-10,4.590377017411609e-10,7.72441543570798e-10,1.9522607174111037e-10,0.9999999998047739,1,1.6023566147043819e-06,0,At-Risk
15183,183,3,624.63,220,0.3261946819436855,0.9049605618681431,1.6233461980199422,0.7623570618376758,0.23764293816232418,0,1353.4629313457538,2,Loyal Customers
15184,23,2,273.47,359,0.0021168614406431915,0.006110820282904441,0.011563807829826507,0.011367222148017633,0.9886327778519823,1,7.742420527453881,0,At-Risk
15186,110,3,867.5600000000001,332,0.03934186892996691,0.11193541589381553,0.20759987595300244,0.1367792450951424,0.8632207549048576,1,211.90907165560142,0,At-Risk
15188,361,1,291.83,361,0.08865944947356304,0.258844114550551,0.4977251785304045,0.8490103824290516,0.15098961757094842,0,452.81155583716173,2,Loyal Customers
15189,17,5,708.32,145,8.39126967827443e-05,0.00021459939163183812,0.0003480425389350013,8.4127196344661e-05,0.9999158728036553,1,0.2876369625671813,0,At-Risk
15190,70,1,749.97,70,0.43045100637090405,1.1401206592473256,1.941923864039726,0.8490103824290516,0.15098961757094842,0,2261.7642697916963,1,Champions
15191,99,3,579.75,324,0.03195503479459857,0.09080486098295498,0.16812621927160207,0.10849641483904271,0.8915035851609573,1,134.25346055403728,0,At-Risk
15192,1,3,916.88,315,3.8207764944456815e-08,1.0841251617653221e-07,2.0032753693568284e-07,1.2622734330868423e-07,0.9999998737726566,1,0.0002121319506797553,0,At-Risk
15194,4,14,4202.15,372,2.640107681009365e-27,6.904084472772941e-27,1.1454970591611046e-26,2.4697531874175074e-27,1.0,1,4.530830366573685e-23,0,At-Risk
15196,68,2,316.25,362,0.02114099853951078,0.0610472579883654,0.11557175473311915,0.11445287879358035,0.8855471212064197,1,80.84590695461387,0,At-Risk
15197,30,3,628.67,364,0.0004518596480869258,0.0012913915494729275,0.0024096570208890005,0.0017181000502284245,0.9982818999497716,1,2.0148868687828623,0,At-Risk
15198,44,3,324.46,325,0.002507314562203263,0.0071260335597601475,0.013196770228941787,0.008538556650022407,0.9914614433499775,1,7.936190191605302,0,At-Risk
15199,10,6,1639.3,211,3.2620501480421015e-08,8.603244842645685e-08,1.4457091970026827e-07,3.924667246243115e-08,0.9999999607533275,1,0.00023225246264186824,0,At-Risk
15200,130,1,536.35,130,0.23981475415391004,0.6697267247199298,1.2143798970303006,0.8490103824290516,0.15098961757094842,0,1269.6133972369748,2,Loyal Customers
15201,75,2,588.35,247,0.07446764921050986,0.21143837432949328,0.3912408935957311,0.2777202256601185,0.7222797743398814,0,348.4956120872343,0,At-Risk
15203,26,9,2558.4,367,1.1781275874452188e-10,3.1901520940292544e-10,5.534248057605381e-10,1.6415854979314052e-10,0.9999999998358414,1,1.3399883376905574e-06,0,At-Risk
15207,52,3,595.72,183,0.045041816307361274,0.1231470066215708,0.21683460350960432,0.08831322704874904,0.911686772951251,1,176.0128654556567,0,At-Risk
15208,59,1,99.5,59,0.5038978630062442,1.3087781411818866,2.18196512092429,0.8490103824290516,0.15098961757094842,0,1759.796336557131,1,Champions
15209,366,1,176.08,366,0.08746618074328065,0.2554523028732746,0.4914501394789375,0.8490103824290516,0.15098961757094842,0,415.8208970719282,2,Loyal Customers
15210,14,2,678.57,211,0.003938306659038571,0.011083799124472962,0.02027154591215199,0.012610982671371035,0.9873890173286289,1,19.34452696012765,0,At-Risk
15211,1,1,352.97,1,5.088747360963606,5.942684714978904,6.174588147746671,0.8490103824290516,0.15098961757094842,0,5947.77189621976,1,Champions
15212,12,1,96.68,12,1.8636235669201655,3.571647596249409,4.632576817824151,0.8490103824290516,0.15098961757094842,0,3755.928017449459,1,Champions
15215,29,4,1535.19,248,0.0003229239809635035,0.0008904920712522601,0.0015840262919672031,0.0006537063725244363,0.9993462936274755,1,2.4186863534923897,0,At-Risk
15216,254,1,364.99,254,0.12521699135466371,0.36159077404911616,0.6848878046213027,0.8490103824290516,0.15098961757094842,0,650.8345419194304,2,Loyal Customers
15217,199,1,425.34,199,0.15889495471564857,0.4542907303242104,0.8490443802638372,0.8490103824290516,0.15098961757094842,0,835.241289698922,2,Loyal Customers
15218,25,11,4522.29,318,2.8304107848836515e-12,7.421952784061632e-12,1.2362199076891312e-11,2.8622478265351852e-12,0.9999999999971377,1,5.21047106994263e-08,0,At-Risk
15219,284,1,369.9,284,0.1122409452601516,0.325377542955536,0.6195607650698525,0.8490103824290516,0.15098961757094842,0,590.3651357604941,2,Loyal Customers
15221,2,4,1545.7,273,4.64971949706133e-09,1.2915518921593955e-08,2.3192018154474146e-08,1.0318598452517014e-08,0.9999999896814016,1,3.560353592536376e-05,0,At-Risk
15222,108,10,2283.15,359,2.4209670437615213e-05,6.489303458830274e-05,0.00011110772088231375,2.995376262169583e-05,0.9999700462373783,1,0.2421445670221728,0,At-Risk
15223,245,3,630.7,370,0.15615190674414878,0.4466114390688073,0.8342094864852256,0.6032675863598818,0.39673241364011824,0,698.8349305990056,2,Loyal Customers
15224,148,3,505.18,329,0.08725798423706085,0.24815163491111827,0.45994462470622854,0.3007048794923857,0.6992951205076143,0,340.7837991343343,0,At-Risk
15227,32,4,1211.04,269,0.00031975951935769024,0.0008872393984613026,0.0015909525673333143,0.0006996371535228038,0.9993003628464772,1,2.0091385091015845,0,At-Risk
15228,64,2,2105.94,135,0.24616317924701578,0.6704657494454848,1.1764576021599173,0.5142444920331545,0.4857555079668455,0,2303.0381571890402,1,Champions
15229,222,1,160.5,222,0.14283036012407385,0.41030189749879126,0.7716903452614915,0.8490103824290516,0.15098961757094842,0,646.6223837768364,2,Loyal Customers
15231,257,1,241.44,257,0.12378591406782347,0.35761065268166614,0.6777413131219712,0.8490103824290516,0.15098961757094842,0,597.9816611616945,2,Loyal Customers
15233,37,1,59.400000000000006,37,0.7650146626461872,1.8593872357234449,2.899825922316683,0.8490103824290516,0.15098961757094842,0,2278.3909589892,1,Champions
15235,5,6,670.5,24,0.00230796446422308,0.0035742462861228794,0.003945692637527389,0.0004987909648423283,0.9995012090351577,1,3.089993801144414,0,At-Risk
15240,10,7,2478.91,370,1.8817483272716052e-11,5.184504510615779e-11,9.202142440575668e-11,3.3385970157637296e-11,0.999999999966614,1,2.149471743697225e-07,0,At-Risk
15241,66,3,1193.65,290,0.014624540241722826,0.04130740385856196,0.07586358855160229,0.04459515576093603,0.955404844239064,1,96.56205740641653,0,At-Risk
15242,58,1,173.49,58,0.5118376748878953,1.3266231055824886,2.206773825523037,0.8490103824290516,0.15098961757094842,0,1869.9611608011683,1,Champions
15243,71,1,589.4300000000001,71,0.4248220561590045,1.1269214196452029,1.9227023024184036,0.8490103824290516,0.15098961757094842,0,2069.1335082278306,1,Champions
15244,302,1,198.26,302,0.10567066927091165,0.30693430471760225,0.5860248526977717,0.8490103824290516,0.15098961757094842,0,503.0654420792125,2,Loyal Customers
15245,38,5,1583.76,231,0.00030344509137226095,0.0008198940128536035,0.0014203406364883806,0.0004689802315810823,0.999531019768419,1,2.2180653058241733,0,At-Risk
15246,191,1,266.25,191,0.16536421903212362,0.4718883891608814,0.8797197988451225,0.8490103824290516,0.15098961757094842,0,788.4622341988636,2,Loyal Customers
15247,113,2,451.19,173,0.2592787754989203,0.7202541826859851,1.2953314900145287,0.6859417722755857,0.3140582277244143,0,1029.7959531632705,2,Loyal Customers
15248,47,3,1831.31,170,0.0445846689083546,0.12110489694713346,0.21150995764836653,0.08152052971019562,0.9184794702898044,1,373.7998355642837,0,At-Risk
15249,66,5,2471.79,259,0.0026626741649997837,0.0072707308628114685,0.01276483266389413,0.004586070216296347,0.9954139297837037,1,29.46147394738075,0,At-Risk
15250,276,1,60.0,276,0.11543078519895683,0.3343056138990179,0.6357303933474605,0.8490103824290516,0.15098961757094842,0,497.43963774163893,2,Loyal Customers
15251,50,10,6021.25,315,4.019226042058923e-08,1.0618321065142535e-07,1.7853706730672883e-07,4.3996478721661496e-08,0.9999999560035213,1,0.0009906804273777173,0,At-Risk
15252,57,3,1273.79,247,0.017875699300555065,0.04999365465374894,0.09062431272138627,0.04668825520421443,0.9533117447957856,1,120.99332165380966,0,At-Risk
15253,39,3,1112.81,222,0.0084234782146661,0.023384643925890587,0.04198383975011103,0.019858106502739236,0.9801418934972608,1,50.84179007427428,0,At-Risk
15254,182,2,748.49,196,0.2779882323623898,0.7787838448004442,1.4158831384086603,0.8290826869538197,0.1709173130461803,0,1420.781393422054,2,Loyal Customers
15255,32,8,2562.81,372,6.911323993435189e-09,1.889069050607082e-08,3.3176326202820143e-08,1.0885159211028176e-08,0.9999999891148408,1,8.021933136191763e-05,0,At-Risk
15256,197,1,71.95,197,0.1604643469050757,0.4585659087056444,0.8565107509486746,0.8490103824290516,0.15098961757094842,0,676.072183809639,2,Loyal Customers
15257,50,1,93.75,50,0.5856671790483223,1.4890884698630558,2.4276739288246696,0.8490103824290516,0.15098961757094842,0,1951.3150884538268,1,Champions
15259,148,4,832.87,318,0.0723748049789441,0.20312572614084823,0.36975306374796424,0.18599882770902323,0.8140011722909768,1,353.0315973360099,0,At-Risk
15260,8,20,6588.92,369,6.224064728273443e-33,1.5684526884341807e-32,2.487574055029721e-32,4.152837551541001e-33,1.0,1,1.548968660364257e-28,0,At-Risk
15261,17,3,1208.63,70,0.07028286133706849,0.16983948385370998,0.26018893009510397,0.057037126222571496,0.9429628737774285,1,335.61365845642774,0,At-Risk
15262,16,2,234.62,124,0.028124974754414053,0.07601153789370985,0.1321259507735076,0.05422333257316277,0.9457766674268372,1,85.01886496815607,0,At-Risk
15264,166,1,446.31,166,0.18947106979442438,0.5368818820589268,0.9917024821521263,0.8490103824290516,0.15098961757094842,0,987.2630441860399,2,Loyal Customers
15265,240,2,1817.57,374,0.12109192871938708,0.3500817828936359,0.6638415161455359,0.6768494716274778,0.3231505283725222,0,1163.1679900721988,2,Loyal Customers
15266,15,4,647.0600000000001,337,4.115483114179718e-06,1.159183307030566e-05,2.1201754254739e-05,1.1186044049234464e-05,0.9999888139559507,1,0.017036152354787795,0,At-Risk
15268,114,3,614.1,241,0.13199766205587973,0.36855668238464667,0.6666544007849383,0.33669723194670015,0.6633027680532999,0,550.2986605050058,0,At-Risk
15269,16,2,782.61,26,1.338553720766548,2.778333508592621,3.7486079575069122,0.6606254107696143,0.33937458923038566,0,3881.174805530883,1,Champions
15270,36,14,4746.52,358,5.3047697221205367e-14,1.3804288189127614e-13,2.2766189421550694e-13,4.789279090673722e-14,0.9999999999999521,1,1.0146365692032066e-09,0,At-Risk
15271,1,10,2105.41,127,1.3586638475424013e-19,3.07431419026454e-19,4.362540824838705e-19,6.605596825112345e-20,1.0,1,8.85135839432643e-16,0,At-Risk
15272,86,4,1111.54,299,0.01181076749066401,0.03301527860255062,0.05977989266656633,0.028603806501617774,0.9713961934983822,1,70.63762394386897,0,At-Risk
15273,235,1,28.62,235,0.1351096090304919,0.38901202241449306,0.7339015737211474,0.8490103824290516,0.15098961757094842,0,561.6814906457791,2,Loyal Customers
15276,30,3,496.52,70,0.336067902445808,0.8121126261131772,1.2441318738763765,0.27273145979682323,0.7272685402031768,0,917.5576688260637,0,At-Risk
15277,61,1,220.44,61,0.48873519626480666,1.2744929727439,2.1339896465010155,0.8490103824290516,0.15098961757094842,0,1863.2600989669286,1,Champions
15278,197,4,472.01,301,0.20288077638723895,0.5673757535149836,1.027935650713544,0.4945077982832789,0.5054922017167212,0,679.7310516874422,2,Loyal Customers
15279,16,4,1205.15,311,8.193874606248201e-06,2.2964077585106402e-05,4.172297420990077e-05,2.0610678411211767e-05,0.9999793893215888,1,0.0524751257257059,0,At-Risk
15280,124,2,256.98,207,0.2042567834115516,0.5741849564651574,1.0485572862107257,0.6420909395559,0.3579090604441,0,690.4384197412694,2,Loyal Customers
15281,14,7,5761.59,63,0.0003592122389506087,0.0007288482630330071,0.0009443674159397939,0.0001330910039754788,0.9998669089960245,1,4.955754131382185,0,At-Risk
15282,206,1,346.64,206,0.1536358367292144,0.43993566100956355,0.8239075797962926,0.8490103824290516,0.15098961757094842,0,774.8071319589408,2,Loyal Customers
15283,26,3,129.43,154,0.010651898773322236,0.02866286965597059,0.04948385992489769,0.01774265779135232,0.9822573422086477,1,22.339394061447457,0,At-Risk
15284,136,1,24.75,136,0.2296449417794496,0.6431992435934523,1.1705635560817018,0.8490103824290516,0.15098961757094842,0,894.0566327625563,2,Loyal Customers
15285,43,1,91.14,43,0.6702739205654435,1.6679010256723819,2.6608938258561783,0.8490103824290516,0.15098961757094842,0,2136.0853108169745,1,Champions
15287,15,3,242.04,373,4.4154846647808276e-05,0.00012633428063767602,0.0002360943146530407,0.0001719329447036731,0.9998280670552964,1,0.12692954022105118,0,At-Risk
15288,1,6,1312.36,301,1.0079823924713029e-14,2.7560796579837854e-14,4.845068529965584e-14,1.694305716153799e-14,0.999999999999983,1,6.413574367098202e-11,0,At-Risk
15289,94,2,601.38,257,0.09530896129019632,0.271165409899267,0.5031235301380316,0.36940552567627316,0.6305944743237268,0,452.7276391513661,0,At-Risk
15290,29,8,2181.89,289,3.16613261169359e-08,8.442721505907296e-08,1.4368506821078334e-07,3.928721290940562e-08,0.9999999607127871,1,0.0002992170082710195,0,At-Risk
15291,9,26,7081.67,372,1.8686105725381262e-41,4.577763029166376e-41,7.025728147711023e-41,9.859799350683887e-42,1.0,1,4.73205329635845e-37,0,At-Risk
15293,301,1,247.5,301,0.10601543853581132,0.3079038976164909,0.5877923887440891,0.8490103824290516,0.15098961757094842,0,520.5004138170689,2,Loyal Customers
15294,46,1,229.55,46,0.6311938485938098,1.586254503197243,2.5556533045571,0.8490103824290516,0.15098961757094842,0,2246.3589991708654,1,Champions
15295,290,1,217.24,290,0.10996191310318405,0.3189883298594828,0.6079634578550221,0.8490103824290516,0.15098961757094842,0,528.2628756972196,2,Loyal Customers
15296,56,6,6031.64,323,6.022554071171832e-05,0.0001656534092101742,0.0002934592100626353,0.000108267244831638,0.9998917327551684,1,1.5790167253506282,0,At-Risk
15298,2,12,4575.96,367,1.1986982342417454e-26,3.172876702783353e-26,5.345395237344843e-26,1.2779164702890696e-26,1.0,1,2.285694778144003e-22,0,At-Risk
15299,8,6,589.95,332,3.2716572320553216e-10,9.018834095941238e-10,1.6023300424482114e-09,6.037789052652218e-10,0.9999999993962211,1,1.1254822240126512e-06,0,At-Risk
15301,4,6,2437.26,86,9.3087122822415e-08,2.1106722554179741e-07,3.015195635463993e-07,5.031171770903078e-08,0.9999999496882823,1,0.0006943753490609413,0,At-Risk
15302,366,1,294.20000000000005,366,0.08746618074328065,0.2554523028732746,0.4914501394789375,0.8490103824290516,0.15098961757094842,0,447.7386465007336,2,Loyal Customers
15303,201,2,597.21,319,0.13958415016427758,0.40108049097843584,0.7541776673080528,0.6677667256268844,0.33223327437311556,0,676.2410864285301,2,Loyal Customers
15304,4,2,155.25,57,0.017585701293284527,0.04300724009882345,0.06697308600908956,0.016651940923662942,0.983348059076337,1,39.465043384602225,0,At-Risk
15305,191,1,92.7,191,0.16536421903212362,0.4718883891608814,0.8797197988451225,0.8490103824290516,0.15098961757094842,0,704.4624897280041,2,Loyal Customers
15306,136,6,1558.16,295,0.028138004137046986,0.07680080266842647,0.13470651871387004,0.046400483543481544,0.9535995164565184,1,206.79621272356624,0,At-Risk
15309,246,4,782.91,371,0.17038211451293836,0.4825650121180421,0.8892090557227087,0.5082611004519262,0.4917388995480738,0,812.6432123174419,2,Loyal Customers
15310,114,1,1294.46,114,0.27192799820698454,0.752493971080513,1.3490710795626588,0.8490103824290516,0.15098961757094842,0,1973.9428518574746,1,Champions
15311,1,120,37725.55,374,5.389077164579953e-289,1.1089468008532873e-288,1.4326117750447062e-288,6.986083960690147e-290,1.0,1,5.245921246815847e-284,3,Hibernating/Lost
15312,19,8,1966.54,359,1.3854088462944315e-10,3.774772923622058e-10,6.602285377270435e-10,2.109475030165532e-10,0.9999999997890525,1,1.2482495607459588e-06,0,At-Risk
15314,49,2,431.38,64,0.7228012857523248,1.8008734794885342,2.8581577022984033,0.7584843968792194,0.24151560312078058,0,2239.0108566814274,1,Champions
15317,313,1,129.75,313,0.10202109779997778,0.29665836192564415,0.5672613418261605,0.8490103824290516,0.15098961757094842,0,465.5724847198707,2,Loyal Customers
15321,73,9,3809.73,310,8.601634796826278e-06,2.288938700269932e-05,3.884325478665225e-05,1.0224665792056079e-05,0.999989775334208,1,0.1375485594064229,0,At-Risk
15322,112,1,600.47,112,0.2765572273288377,0.7643018188841247,1.3680417534513263,0.8490103824290516,0.15098961757094842,0,1478.9679320005198,1,Champions
15323,198,3,426.25,297,0.19505302469101524,0.5516776245895745,1.0150208643735885,0.6086748676072024,0.39132513239279765,0,690.2905332941889,2,Loyal Customers
15324,337,1,140.22000000000003,337,0.09487211970800528,0.27646406827573294,0.5302223968096419,0.8490103824290516,0.15098961757094842,0,438.19958949332295,2,Loyal Customers
15325,31,7,1416.92,297,3.484324133064266e-07,9.414645095303838e-07,1.6296040981429598e-06,5.017090173329739e-07,0.9999994982909827,1,0.002295775732326719,0,At-Risk
15326,245,4,1332.3,374,0.16475135249708683,0.46682335852909573,0.8607160192093912,0.49531687919521283,0.5046831208047872,0,1171.2015297909834,2,Loyal Customers
15328,43,1,103.97,43,0.6702739205654435,1.6679010256723819,2.6608938258561783,0.8490103824290516,0.15098961757094842,0,2154.935098234562,1,Champions
15329,10,8,1756.73,361,7.674047517508631e-13,2.091966568334851e-12,3.661329476590836e-12,1.1746579908665595e-12,0.9999999999988254,1,6.242480749490431e-09,0,At-Risk
15331,135,3,697.22,245,0.17562375719253354,0.49090882306375866,0.889250303306105,0.4551253380613355,0.5448746619386645,0,791.1286631361679,2,Loyal Customers
15332,2,6,4698.88,149,4.331663212828164e-11,1.0898218131765419e-10,1.7332459744019033e-10,3.786706599892634e-11,0.999999999962133,1,7.358642665344168e-07,0,At-Risk
15336,37,1,230.0,37,0.7650146626461872,1.8593872357234449,2.899825922316683,0.8490103824290516,0.15098961757094842,0,2551.700293324493,1,Champions
15337,47,1,352.72,47,0.6191609788056118,1.5607906492381476,2.522405309124176,0.8490103824290516,0.15098961757094842,0,2388.4529639385532,1,Champions
15338,313,1,277.73,313,0.10202109779997778,0.29665836192564415,0.5672613418261605,0.8490103824290516,0.15098961757094842,0,511.7328176486268,2,Loyal Customers
15339,57,5,1100.8,305,0.00044846242771663463,0.0012410613719522243,0.0022168307176699564,0.0009027101066486819,0.9990972898933513,1,2.5594773310291132,0,At-Risk
15340,197,1,105.5,197,0.1604643469050757,0.4585659087056444,0.8565107509486746,0.8490103824290516,0.15098961757094842,0,691.8816480779376,2,Loyal Customers
15341,85,1,347.1,85,0.35908463500013854,0.9697733205794845,1.6887747728990403,0.8490103824290516,0.15098961757094842,0,1591.054159293245,1,Champions
15346,61,2,340.8,67,0.752582870850209,1.8881971518305838,3.018637613977914,0.8227880974904681,0.1772119025095319,0,2171.841764360159,1,Champions
15347,2,4,949.0,73,4.309471024941796e-06,1.0085316956757187e-05,1.4918957871339726e-05,2.849454451223501e-06,0.9999971505455488,1,0.015732181565731373,0,At-Risk
15350,9,2,547.6,19,1.3433058428783125,2.5680504029442717,3.2685204395079994,0.5258577896382913,0.47414221036170867,0,2846.4418625887,1,Champions
15351,5,4,1698.34,68,0.00019063871034510758,0.0004396622551125887,0.0006412819852889932,0.00011864302620708328,0.9998813569737929,1,1.069562392517148,0,At-Risk
15352,184,1,102.0,184,0.17147292956720764,0.48844427520844214,0.9084401222473069,0.8490103824290516,0.15098961757094842,0,732.1453630866656,2,Loyal Customers
15353,3,6,2266.98,373,5.052055099797843e-13,1.4050113891708712e-12,2.5253067140548495e-12,1.0423343865902435e-12,0.9999999999989576,1,5.4130595870215885e-09,0,At-Risk
15356,4,4,695.0,58,0.0001795902603123647,0.00039987807496954825,0.0005646414968283412,9.781875874282922e-05,0.9999021812412572,1,0.4787824472278797,0,At-Risk
15358,1,22,8250.01,368,3.0625372123612595e-53,7.633378249721068e-53,1.1951414209785341e-52,1.8667079263946252e-53,1.0,1,9.325899388255536e-49,0,At-Risk
15359,298,8,181.35,329,0.5276849662464735,1.4260380792798735,2.4681690814983988,0.7397436207968812,0.26025637920311884,0,768.1939255607838,2,Loyal Customers
15361,162,3,197.7,179,0.42118940860258347,1.1493558480913844,2.018912384505721,0.8086840924974428,0.19131590750255723,0,1017.6438254933731,2,Loyal Customers
15362,84,2,582.15,374,0.029015387712901703,0.08388468801601015,0.15906608454077248,0.1621829799082197,0.8378170200917803,1,140.92395578769805,0,At-Risk
15363,8,2,672.31,128,0.005821730971399762,0.015780629876650014,0.027528794636689443,0.011565000053115145,0.9884349999468849,1,26.175933747361608,0,At-Risk
15365,39,6,2134.56,309,8.748921261044485e-06,2.3975722499501612e-05,4.227094016641923e-05,1.5077569352948774e-05,0.9999849224306471,1,0.08583419938059116,0,At-Risk
15366,45,5,1585.65,287,0.00019030041239603926,0.0005241344577762252,0.0009304561199947381,0.0003614195148510926,0.9996385804851489,1,1.4537310942575978,0,At-Risk
15367,54,7,3113.64,365,3.477670204541344e-06,9.570980382550586e-06,1.6963419080968533e-05,6.090446172230021e-06,0.9999939095538277,1,0.04903232658989705,0,At-Risk
15368,30,1,93.75,30,0.9161179766487617,2.1471934053186486,3.2393842631163787,0.8490103824290516,0.15098961757094842,0,2608.9499758154425,1,Champions
15369,128,11,2925.23,367,4.1848526119737935e-05,0.00011158179653078873,0.00018974160072869,4.837548108076618e-05,0.9999516245189193,1,0.5245824316931771,0,At-Risk
15370,46,1,1284.96,46,0.6311938485938098,1.586254503197243,2.5556533045571,0.8490103824290516,0.15098961757094842,0,3735.270413517788,1,Champions
15371,298,1,59.400000000000006,298,0.10706337840771217,0.31084978721858486,0.5931595812078014,0.8490103824290516,0.15098961757094842,0,463.90114535491836,2,Loyal Customers
15372,86,7,1587.63,299,0.0005170950209272823,0.0013981018000631296,0.002422011777310443,0.0007493023568977053,0.9992506976431023,1,3.7734748369010105,0,At-Risk
15373,7,6,830.03,222,2.7003063783448535e-09,7.163470171021469e-09,1.2123795294845706e-08,3.4064640685232295e-09,0.9999999965935359,1,1.1029989323535379e-05,0,At-Risk
15374,260,1,117.81,260,0.12238717870512605,0.3537172109540277,0.6707424981388375,0.8490103824290516,0.15098961757094842,0,546.1921505230326,2,Loyal Customers
15375,326,1,54.87,326,0.09802023737826772,0.2853674772211464,0.5465794309811167,0.8490103824290516,0.15098961757094842,0,426.0775498135987,2,Loyal Customers
15377,18,4,1117.5,51,0.14110579444733465,0.304669965202918,0.41881404442098663,0.06919470931879726,0.9308052906812028,1,500.4002053154528,0,At-Risk
15378,98,2,246.5,137,0.34398393825253537,0.9381032615999767,1.6486774534369766,0.7286713977261244,0.27132860227387556,0,1074.3667045253876,1,Champions
15379,36,1,1130.9,36,0.7834733096968532,1.8956728209940945,2.9438982191432057,0.8490103824290516,0.15098961757094842,0,4056.148785647701,1,Champions
15380,1,7,961.19,374,9.500034345224672e-18,2.6196565661734225e-17,4.6549524382538767e-17,1.702899006764543e-17,1.0,1,4.700693731944684e-14,0,At-Risk
15381,59,3,729.66,219,0.03227145577971193,0.08950065908524811,0.16047987605723782,0.07509402605719841,0.9249059739428016,1,146.82672466343223,0,At-Risk
15382,10,6,7485.96,371,5.569574044992538e-10,1.5483372832405852e-09,2.7814886767377407e-09,1.143193373729449e-09,0.9999999988568066,1,1.8438419276370982e-05,0,At-Risk
15384,17,2,1334.35,228,0.004691773368623358,0.01326388739659841,0.024402614900632908,0.016191887219889383,0.9838081127801106,1,34.5113517773267,0,At-Risk
15385,28,2,312.75,313,0.005068267351927884,0.014551596953472638,0.02733274510643167,0.023801047199302358,0.9761989528006977,1,19.056072055129306,0,At-Risk
15387,128,1,465.75,128,0.2434078698343568,0.6790625120109121,1.2297246311968242,0.8490103824290516,0.15098961757094842,0,1237.8959530333216,2,Loyal Customers
15389,36,4,123.93,317,0.00022274356645177597,0.0006250230268084307,0.0011374377095378803,0.0005707011455284806,0.9994292988544715,1,0.4299584504699977,0,At-Risk
15390,32,2,1216.66,45,0.9428363839905591,2.209965234481464,3.303101896599315,0.7272036301902489,0.2727963698097511,0,4420.540811552037,1,Champions
15391,220,1,228.02,220,0.14409718375468955,0.41378589422077494,0.7778523970396838,0.8490103824290516,0.15098961757094842,0,680.6835717297587,2,Loyal Customers
15392,10,3,1169.88,67,0.01641858465591847,0.03936245657458526,0.0598242123975472,0.012823893005757652,0.9871761069942423,1,75.38389736694754,0,At-Risk
15393,203,3,633.4300000000001,360,0.1258807839908369,0.35957476630538454,0.6704713851241659,0.47351144267447687,0.5264885573255231,0,563.1016483078884,2,Loyal Customers
15394,31,7,2915.69,360,7.174076820010255e-08,1.9721678129024893e-07,3.4902850266369083e-07,1.239968897706535e-07,0.9999998760031102,1,0.0009485246065409371,0,At-Risk
15396,219,1,180.9,219,0.14473906033293427,0.4155501795640359,0.7809704997805555,0.8490103824290516,0.15098961757094842,0,663.1726809854915,2,Loyal Customers
15400,56,3,500.0,196,0.04283483180740306,0.11778442239297511,0.20889466402237622,0.08965114966016116,0.9103488503398388,1,154.0847807078608,0,At-Risk
15401,88,2,198.75,204,0.14846850151053648,0.4169842200369242,0.7605919642394167,0.460194244753927,0.539805755246073,0,469.756597861837,0,At-Risk
15402,23,4,1046.58,227,0.00019347791591053327,0.0005296765196832451,0.0009334834169070509,0.00035999797345632887,0.9996400020265437,1,1.0543108058664692,0,At-Risk
15403,127,2,87.09,366,0.06242062351798647,0.180319874343957,0.3415626536380409,0.3415890824262616,0.6584109175737384,0,184.04758260164223,0,At-Risk
15404,11,1,232.18,11,1.977449732652053,3.7084734174816703,4.745091359348486,0.8490103824290516,0.15098961757094842,0,4206.366144171132,1,Champions
15405,212,1,294.04,212,0.1493974706790193,0.42833449241018473,0.8035179040550781,0.8490103824290516,0.15098961757094842,0,732.3559416471537,2,Loyal Customers
15406,89,2,464.16,89,0.6016851308387378,1.5689614113886927,2.6157588354316017,0.85162442782021,0.14837557217979003,0,2106.9595974042986,1,Champions
15409,357,1,130.95,357,0.08963776560096937,0.2616231166183881,0.5028618115011542,0.8490103824290516,0.15098961757094842,0,413.00607781458837,2,Loyal Customers
15410,204,2,1047.59,235,0.22689179445493288,0.6425096053614505,1.1846938516946823,0.8062937454822906,0.1937062545177094,0,1437.033355356027,2,Loyal Customers
15413,327,5,2131.59,374,0.3063055996355339,0.859769006352237,1.5648242076862184,0.7500689930862872,0.24993100691371284,0,3161.4539378313902,2,Loyal Customers
15416,114,3,570.16,312,0.05471511267184915,0.15517195560908706,0.28653393808440075,0.17909265061547255,0.8209073493845275,1,226.69597466716672,0,At-Risk
15418,61,2,447.07,222,0.06985852129228402,0.1971948506273926,0.3620718287846236,0.23495125861483643,0.7650487413851635,0,286.6749859650753,0,At-Risk
15420,70,6,720.96,370,9.066142646496553e-05,0.0002519888954456337,0.00045256508342571673,0.00018560739655803778,0.999814392603442,1,0.36876580072832643,0,At-Risk
15421,21,6,2789.32,368,5.401954757006901e-08,1.5008559780116122e-07,2.694094779658052e-07,1.100182994101443e-07,0.9999998899817006,1,0.0006984482144439757,0,At-Risk
15422,15,5,1388.05,306,4.2969788520340696e-07,1.189428604071633e-06,2.1252926358728648e-06,8.676531444602234e-07,0.9999991323468556,1,0.002967002849059306,0,At-Risk
15423,217,2,195.99,257,0.20544122257053007,0.5845048836375749,1.0844973204653967,0.7962642944787731,0.20373570552122688,0,667.4663096063719,2,Loyal Customers
15424,99,1,214.44,99,0.3109675689217405,0.8511195006320442,1.5056954026306186,0.8490103824290516,0.15098961757094842,0,1308.0502079575078,1,Champions
15425,36,4,1813.66,299,0.0003024062577493314,0.0008453326050691395,0.0015306214134045812,0.0007323800158099562,0.99926761998419,1,2.6830529646746766,0,At-Risk
15426,5,5,1141.65,222,1.286970002552376e-08,3.463750946795038e-08,5.971118309263303e-08,1.9158905019772058e-08,0.999999980841095,1,7.104705972854454e-05,0,At-Risk
15428,23,3,621.77,358,0.00020621234979652673,0.0005888847754880267,0.001097655087813888,0.0007714890892649087,0.9992285109107351,1,0.9120001573304697,0,At-Risk
15430,103,2,885.75,164,0.26514673731737226,0.7336835009363921,1.312962356586158,0.6665159283459993,0.33348407165400074,0,1444.4695493050838,1,Champions
15431,138,1,109.08,138,0.22644402056412252,0.6348178726223725,1.1566533502380336,0.8490103824290516,0.15098961757094842,0,937.1016433385698,2,Loyal Customers
15432,177,1,118.07,177,0.17805029368728803,0.5062044710953901,0.9391008667666626,0.8490103824290516,0.15098961757094842,0,765.1997396998149,2,Loyal Customers
15434,10,6,1521.5800000000002,320,1.6210894323511227e-09,4.455478511929813e-09,7.88515011420887e-09,2.888404891909094e-09,0.9999999971115952,1,1.18546041520033e-05,0,At-Risk
15437,276,1,192.39,276,0.11543078519895683,0.3343056138990179,0.6357303933474605,0.8490103824290516,0.15098961757094842,0,543.7266953236822,2,Loyal Customers
15439,40,4,1222.2,289,0.0005636581893446058,0.0015719895905985171,0.002837710340631707,0.0013211565884378219,0.9986788434115622,1,3.608862412662679,0,At-Risk
15441,32,3,1198.24,366,0.0005435887671728568,0.0015539441020394884,0.0029005710581818463,0.002077942685575773,0.9979220573144242,1,3.700983601789509,0,At-Risk
15443,110,7,1885.22,278,0.005551560135987804,0.014901277797152815,0.025578243969126602,0.007510746806155065,0.992489253193845,1,46.51416136933302,0,At-Risk
15445,226,1,150.35,226,0.1403623831755942,0.4035070306398039,0.7596547503465181,0.8490103824290516,0.15098961757094842,0,632.2832079999353,2,Loyal Customers
15446,12,3,402.5,362,2.4710038439275308e-05,7.060185155797975e-05,0.00013169249663305866,9.345180040100167e-05,0.999906548199599,1,0.08712007181192931,0,At-Risk
15447,163,4,322.96000000000004,261,0.20929807774749415,0.5794375500063241,1.0359850927883236,0.4448959673438398,0.5551040326561603,0,559.5745726487969,2,Loyal Customers
15448,310,1,284.28,310,0.10299119653240012,0.2993920177836489,0.5722584052448215,0.8490103824290516,0.15098961757094842,0,518.3061279352956,2,Loyal Customers
15451,70,2,219.71,235,0.07575076378605716,0.21451015213190266,0.39552538395716774,0.2691916082859311,0.7308083917140689,0,250.04457221224098,0,At-Risk
15452,26,3,1245.27,147,0.012915952986082406,0.03459225010249305,0.05938048706462043,0.020594162935479002,0.979405837064521,1,78.06481248107286,0,At-Risk
15454,254,1,119.14,254,0.12521699135466371,0.36159077404911616,0.6848878046213027,0.8490103824290516,0.15098961757094842,0,558.2248747604682,2,Loyal Customers
15455,233,1,22.5,233,0.13624263064592543,0.3921423971246608,0.7394723629683143,0.8490103824290516,0.15098961757094842,0,563.4609707828395,2,Loyal Customers
15456,39,7,1431.14,367,3.1865740724487674e-07,8.773736709024531e-07,1.5559414453216535e-06,5.609836807497176e-07,0.9999994390163193,1,0.00221015164045941,0,At-Risk
15458,38,1,208.8,38,0.7474063005016703,1.8244684065273973,2.857057746874633,0.8490103824290516,0.15098961757094842,0,2480.3413674934263,1,Champions
15459,53,2,167.13,133,0.2024507557148945,0.5506791272599163,0.964708147297572,0.41699763600760803,0.583002363992392,0,574.9222201835356,0,At-Risk
15461,96,2,102.33,267,0.08958960874395361,0.2553756335651885,0.4750288257601606,0.360359928986335,0.6396400710136649,0,261.138495747544,0,At-Risk
15462,81,1,492.3,81,0.37569438108036607,1.0100098979615217,1.7495780374787264,0.8490103824290516,0.15098961757094842,0,1788.526589668191,1,Champions
15465,5,15,4275.48,365,1.032196881888719e-27,2.6750857957372096e-27,4.389307229589687e-27,8.899193324157773e-28,1.0,1,1.7696348218196024e-23,0,At-Risk
15466,25,3,1221.43,372,0.00022909061576503146,0.0006553857281456092,0.0012245841822031507,0.0008897165432390457,0.999110283456761,1,1.5844017416913072,0,At-Risk
15468,28,1,791.77,28,0.9709216968192537,2.246610201014164,3.3515477052348936,0.8490103824290516,0.15098961757094842,0,3994.1080660222133,1,Champions
15469,74,1,318.90000000000003,74,0.4087853399913022,1.0890980299855537,1.8672611300597888,0.8490103824290516,0.15098961757094842,0,1730.810229588111,1,Champions
15470,211,1,31.08,211,0.1500875500734796,0.43022533395064605,0.8068457596472755,0.8490103824290516,0.15098961757094842,0,618.675835210368,2,Loyal Customers
15471,16,2,719.63,186,0.007876101664140461,0.021989212215162708,0.03980101433361378,0.022336433057975898,0.977663566942024,1,39.13631791045231,0,At-Risk
15473,80,1,208.5,80,0.38008976190222116,1.0205967970533638,1.7654710474525415,0.8490103824290516,0.15098961757094842,0,1528.7166380802432,1,Champions
15474,231,1,147.35,231,0.1373948163359163,0.39532357029409865,0.7451284242977648,0.8490103824290516,0.15098961757094842,0,618.9478362029663,2,Loyal Customers
15476,16,4,1950.14,78,0.010621292918280541,0.025184307234019408,0.03773833458360131,0.007435802951588596,0.9925641970484114,1,70.6624104707986,0,At-Risk
15477,285,1,86.39999999999999,285,0.11185456870993689,0.3242949568696742,0.617597238504164,0.8490103824290516,0.15098961757094842,0,492.2031940678609,2,Loyal Customers
15478,211,1,482.86,211,0.1500875500734796,0.43022533395064605,0.8068457596472755,0.8490103824290516,0.15098961757094842,0,819.2028048066061,2,Loyal Customers
15479,369,1,147.4,369,0.08676551395554341,0.2534595538151165,0.4877605147990712,0.8490103824290516,0.15098961757094842,0,405.00508770711394,2,Loyal Customers
15480,105,2,2424.2000000000003,312,0.06971437555980352,0.20013123088280735,0.3758439800416101,0.3263639925199504,0.6736360074800496,0,818.5718513140721,0,At-Risk
15481,37,1,1349.37,37,0.7650146626461872,1.8593872357234449,2.899825922316683,0.8490103824290516,0.15098961757094842,0,4344.984405721309,1,Champions
15482,22,7,2182.55,373,4.6080837436468484e-09,1.2704187345955601e-08,2.256817004449945e-08,8.238972476406382e-09,0.9999999917610275,1,4.687135681736205e-05,0,At-Risk
15483,21,6,615.83,320,1.4826874602805868e-07,4.075088016339056e-07,7.211948312938758e-07,2.64180471970354e-07,0.9999997358195281,1,0.0005226592179052777,0,At-Risk
15484,176,2,992.7,370,0.09308661720888362,0.2690134044877787,0.5098437575784047,0.5148586363546642,0.4851413636453358,0,598.4655065028053,2,Loyal Customers
15485,9,5,2761.94,374,9.18282600790684e-09,2.5775268887404457e-08,4.6912326935064765e-08,2.248653980088135e-08,0.9999999775134601,1,0.00011962833333546498,0,At-Risk
15486,163,1,68.85,163,0.19284464664188805,0.5459048443713446,1.0070880747059199,0.8490103824290516,0.15098961757094842,0,793.4157204746414,2,Loyal Customers
15487,315,1,231.32,315,0.10138445496685802,0.2948634933559668,0.5639781871378817,0.8490103824290516,0.15098961757094842,0,494.3752279787435,2,Loyal Customers
15488,92,4,237.51,219,0.07177284812876664,0.1958807555988703,0.3438558546983316,0.1290705120282391,0.8709294879717608,1,161.88066669858372,0,At-Risk
15489,36,5,1259.47,329,2.5385386074074367e-05,7.064326517978451e-05,0.00012711193832607492,5.4946646811364965e-05,0.9999450533531886,1,0.16368894464006625,0,At-Risk
15490,66,1,217.15,66,0.4545423694114992,1.196166328744852,2.0228263693129556,0.8490103824290516,0.15098961757094842,0,1762.1192734503072,1,Champions
15493,25,4,2127.35,290,7.638331433557317e-05,0.0002130765150873345,0.00038475988595474927,0.000179629965309977,0.99982037003469,1,0.7727029107206722,0,At-Risk
15494,114,3,2246.43,364,0.030617624780993682,0.08750359115824792,0.16327630676655056,0.11641699562422689,0.8835830043757731,1,340.4814180535498,0,At-Risk
15495,15,1,241.6,15,1.5893341066863198,3.215676772513155,4.32390075650617,0.8490103824290516,0.15098961757094842,0,3849.062628691345,1,Champions
15496,267,1,135.64,267,0.11924323645024239,0.344954087199194,0.6549611082514041,0.8490103824290516,0.15098961757094842,0,539.7499215470472,2,Loyal Customers
15497,18,7,6861.64,357,1.583930198150663e-09,4.351245263108476e-09,7.69376817496366e-09,2.7159064503920093e-09,0.9999999972840935,1,4.7435278697873545e-05,0,At-Risk
15498,2,19,11845.61,359,1.8259926322272348e-41,4.607346646733978e-41,7.319011471068658e-41,1.2459810396694795e-41,1.0,1,8.142629017912002e-37,0,At-Risk
15499,359,1,160.25,359,0.08914592350164455,0.2602261958089932,0.5002803063488692,0.8490103824290516,0.15098961757094842,0,418.9438034593773,2,Loyal Customers
15501,40,2,384.55,51,0.8945539087313392,2.146067062417865,3.2792132184054767,0.7685011998624323,0.23149880013756774,0,2463.1497409651665,1,Champions
15502,4,5,3103.34,190,1.1573025268517617e-08,3.0633445375152547e-08,5.1738693881698984e-08,1.48900855988995e-08,0.9999999851099144,1,0.0001470231788972135,0,At-Risk
15503,362,1,120.06,362,0.088418198097437,0.25815856504837054,0.4964573800708087,0.8490103824290516,0.15098961757094842,0,404.76918887547663,2,Loyal Customers
15504,156,3,349.07,301,0.12839121899064032,0.363405720029484,0.6692905415829814,0.4058780832138313,0.5941219167861687,0,415.2619212985365,2,Loyal Customers
15506,17,3,1016.55,113,0.01004234164768053,0.026097604416690425,0.04323659168798287,0.012539505986076172,0.9874604940139238,1,49.232144078256766,0,At-Risk
15509,16,1,153.46,16,1.515042330418168,3.112296521995405,4.229730648334781,0.8490103824290516,0.15098961757094842,0,3557.1517415938165,1,Champions
15512,26,2,163.98,312,0.004353378351492784,0.012497378926322454,0.023469923285025306,0.020380099919625656,0.9796199000803744,1,13.914336918566706,0,At-Risk
15513,1,18,10725.96,331,7.812459816483704e-43,1.9577705378951756e-42,3.0857645932498913e-42,5.205644767856762e-43,1.0,1,3.105608044080476e-38,0,At-Risk
15514,15,7,2225.19,371,3.1721523644670393e-10,8.741658495979095e-10,1.5520249527947936e-09,5.642559086634936e-10,0.9999999994357441,1,3.281225328945062e-06,0,At-Risk
15515,23,1,136.74,23,1.1417088417099113,2.5408958453433734,3.669162588845515,0.8490103824290516,0.15098961757094842,0,3046.0474263550545,1,Champions
15518,15,7,2148.77,355,4.5577751511882485e-10,1.2514904896949725e-09,2.211509830498651e-09,7.773302082087299e-10,0.9999999992226698,1,4.528295071395553e-06,0,At-Risk
15519,19,2,344.61,82,0.13441611969179856,0.34690349678713306,0.5717249146401101,0.17647506581262937,0.8235249341873706,1,412.57013402336116,0,At-Risk
15521,36,8,3522.53,339,4.257819402603024e-08,1.153969898358294e-07,2.004634680731948e-07,6.140294322761589e-08,0.9999999385970568,1,0.0006550761430561861,0,At-Risk
15523,24,15,7227.86,373,6.7341464472138046e-18,1.7502759457675418e-17,2.8819147243496107e-17,5.923314125532251e-18,1.0,1,1.9473796633371728e-13,0,At-Risk
15524,242,1,105.0,242,0.13128824258520141,0.3784386564922735,0.7150481889224309,0.8490103824290516,0.15098961757094842,0,577.2753498653262,2,Loyal Customers
15525,9,2,434.93,18,1.474335669465404,2.776892561699897,3.5000955330117134,0.5556938079431223,0.4443061920568777,0,2769.6352867014316,1,Champions
15527,30,15,2934.73,360,3.419562828336751e-16,8.845849725790024e-16,1.4481796601553167e-15,2.910954398813414e-16,0.9999999999999997,1,4.0459970784689995e-12,0,At-Risk
15529,2,2,1106.97,30,0.032729736037399315,0.07033308733310571,0.0975032275623693,0.018065387619136876,0.9819346123808631,1,123.21384425956214,0,At-Risk
15530,148,1,273.13,148,0.21169076655253954,0.5959883313290045,1.091788942348196,0.8490103824290516,0.15098961757094842,0,983.0266972221687,2,Loyal Customers
15532,12,6,2051.2200000000003,185,2.5216640261414324e-07,6.543013066204986e-07,1.0782379216435298e-06,2.6859704438339923e-07,0.9999997314029556,1,0.002115447600540588,0,At-Risk
15534,361,1,161.8,361,0.08865944947356304,0.258844114550551,0.4977251785304045,0.8490103824290516,0.15098961757094842,0,417.22655924238296,2,Loyal Customers
15535,40,2,504.67,84,0.38592392144660315,0.9990951590794361,1.652265051907346,0.5179815243361533,0.4820184756638467,0,1378.2060821433338,1,Champions
15536,45,1,251.44,45,0.6437039131747054,1.6125650053888003,2.5897928023576973,0.8490103824290516,0.15098961757094842,0,2307.842726851906,1,Champions
15538,173,6,965.85,299,0.10044684926819165,0.2744876994896944,0.48217691047111516,0.1677733170822326,0.8322266829177674,1,494.61811271200435,0,At-Risk
15540,11,1,245.49,11,1.977449732652053,3.7084734174816703,4.745091359348486,0.8490103824290516,0.15098961757094842,0,4241.46855126238,1,Champions
15542,148,3,866.95,373,0.05698828656217492,0.16305286359687707,0.30471423820052207,0.22190460767318393,0.7780953923268161,0,310.84647580821496,0,At-Risk
15543,95,1,104.48,95,0.3233468969284385,0.8819479007895198,1.553814615600033,0.8490103824290516,0.15098961757094842,0,1255.858705638013,1,Champions
15544,8,12,4469.44,316,3.5546240373421916e-19,9.236737064623257e-19,1.5212409308640951e-18,3.2978153852024445e-19,1.0,1,6.360464644623458e-15,0,At-Risk
15545,7,1,130.98,7,2.6176613686920605,4.378387745769531,5.2507565053184635,0.8490103824290516,0.15098961757094842,0,4370.2516427671835,1,Champions
15546,242,2,1079.1,242,0.23292771517690686,0.6606465167144006,1.2206944280762293,0.85162442782021,0.14837557217979003,0,1507.6208329721321,2,Loyal Customers
15547,12,12,4788.0,369,5.3792661852236854e-18,1.424751327681521e-17,2.402179961465995e-17,5.763951291936229e-18,1.0,1,1.0735987582824417e-13,0,At-Risk
15548,231,1,128.74,231,0.1373948163359163,0.39532357029409865,0.7451284242977648,0.8490103824290516,0.15098961757094842,0,611.3202391817434,2,Loyal Customers
15549,57,5,616.5,333,0.00025961710398034074,0.0007230885448944826,0.0013025576045349464,0.0005685007548480272,0.999431499245152,1,0.9733793530268167,0,At-Risk
15550,14,8,1443.62,372,8.523266619810218e-12,2.3296605971373507e-11,4.0914110517901554e-11,1.3423927780379196e-11,0.9999999999865761,1,5.8418971443751504e-08,0,At-Risk
15551,30,6,1245.17,186,6.663011204929912e-05,0.00017300809552165671,0.0002853410825086793,7.132512775479304e-05,0.9999286748722452,1,0.36175884702311845,0,At-Risk
15552,259,1,148.75,259,0.12284989821365307,0.35500556924419874,0.6730593116383553,0.8490103824290516,0.15098961757094842,0,559.5341862470939,2,Loyal Customers
15555,1,22,6745.59,369,2.8760561555007207e-53,7.171798303639927e-53,1.1234530636684254e-52,1.7573355351134445e-53,1.0,1,7.179718332771964e-49,0,At-Risk
15558,275,1,191.28,275,0.11584230906216904,0.33545619616687994,0.6378111633238701,0.8490103824290516,0.15098961757094842,0,545.1188449716018,2,Loyal Customers
15559,204,1,1086.4,204,0.15510257782010167,0.44394367177074123,0.8309362326002476,0.8490103824290516,0.15098961757094842,0,1119.5934286306983,2,Loyal Customers
15560,33,2,153.52,33,1.4293858612765522,3.1398938852507703,4.431960685436529,0.85162442782021,0.14837557217979003,0,2613.2772906038535,1,Champions
15561,19,4,955.17,299,2.061284881963873e-05,5.762021368302875e-05,0.00010433139852801258,4.992105208659036e-05,0.9999500789479134,1,0.1100066119717201,0,At-Risk
15562,60,2,352.35,362,0.016394276892615644,0.0473405099161113,0.08962279357425579,0.08875513531643967,0.9112448646835604,1,64.96243847284074,0,At-Risk
15563,150,3,1371.15,316,0.10226541194755198,0.29022152599440815,0.5364004997721908,0.33889572429246306,0.6611042757075369,0,756.1906812331589,2,Loyal Customers
15564,99,2,70.74000000000001,312,0.06360343060689576,0.18258835073130428,0.3428986677660122,0.29775594178599873,0.7022440582140013,0,180.86833453060967,0,At-Risk
15566,28,2,221.2,360,0.0032373264391106914,0.009346270382857052,0.017688923662655006,0.017431364600103902,0.9825686353998961,1,11.195069038618753,0,At-Risk
15569,26,5,968.61,285,1.142275245476296e-05,3.144338442810769e-05,5.577836503782037e-05,2.1549851465947367e-05,0.999978450148534,1,0.05820988977929673,0,At-Risk
15570,5,14,4633.18,257,1.3091693680714794e-23,3.242072559101821e-23,5.045232186622237e-23,8.73753228067173e-24,1.0,1,2.199060574599197e-19,0,At-Risk
15571,22,10,3020.38,369,1.659884633617408e-12,4.461931452269972e-12,7.667175404655055e-12,2.10752307439405e-12,0.9999999999978925,1,2.1799432080006485e-08,0,At-Risk
15572,16,3,1412.78,240,0.00035136065540074794,0.000980774009301286,0.0017733965620154932,0.0008926694897840544,0.9991073305102159,1,2.558252043007359,0,At-Risk
15573,254,3,541.19,365,0.16824596671127617,0.48089964535344726,0.8974853128362301,0.641431374997518,0.358568625002482,0,689.8270396427722,2,Loyal Customers
15574,8,3,738.72,100,0.0015697418062566673,0.0040136786109709124,0.006528644406355729,0.0017525705886437086,0.9982474294113562,1,6.032369049176574,0,At-Risk
15575,255,1,30.1,255,0.12473630306727639,0.36025425780828074,0.6824889446324767,0.8490103824290516,0.15098961757094842,0,522.8444250013558,2,Loyal Customers
15577,359,2,129.3,362,0.15686214417638375,0.4529589161196481,0.8575201980068682,0.8492183536727222,0.15078164632727775,0,487.45144488716704,2,Loyal Customers
15579,19,3,896.25,68,0.10950426068787525,0.2632405761446858,0.401164041669862,0.08664176111180058,0.9133582388881994,1,420.3072161823175,0,At-Risk
15580,12,8,1323.89,306,1.4999855367084148e-11,4.02419200352304e-11,6.901034578144622e-11,1.9639057747691113e-11,0.9999999999803609,1,9.127498972356122e-08,0,At-Risk
15581,2,25,3879.59,373,9.245214680139534e-55,2.276319515185499e-54,3.513664834369109e-54,5.06986156701341e-55,1.0,1,1.3033772289016665e-50,0,At-Risk
15583,12,1,106.86,12,1.8636235669201655,3.571647596249409,4.632576817824151,0.8490103824290516,0.15098961757094842,0,3782.1264044252894,1,Champions
15584,35,2,510.64,306,0.008844905995889074,0.025370342816698106,0.04759155384353831,0.04062964033816971,0.9593703596618303,1,39.78612218185145,0,At-Risk
15586,228,3,858.03,336,0.17692185339123628,0.5036816151849951,0.934911226837653,0.6223021175795859,0.37769788242041413,0,947.4208111654692,2,Loyal Customers
15587,28,3,367.65,127,0.029665940924617308,0.07819374556686336,0.1316926271573436,0.0412666865601192,0.9587333134398808,1,83.76417745702634,0,At-Risk
15588,313,1,552.0,313,0.10202109779997778,0.29665836192564415,0.5672613418261605,0.8490103824290516,0.15098961757094842,0,597.2875852683721,2,Loyal Customers
15590,18,5,1471.55,242,4.717931214035833e-06,1.2804034990547587e-05,2.23047458234651e-05,7.619404311665606e-06,0.9999923805956883,1,0.03272245598720011,0,At-Risk
15591,218,3,215.2,309,0.20099212155682133,0.5697167753497924,1.051279564276715,0.6517490294874523,0.3482509705125477,0,543.5487399747858,2,Loyal Customers
15595,123,1,229.5,123,0.2528800872256243,0.7035824708801892,1.269841221455341,0.8490103824290516,0.15098961757094842,0,1113.2029544797645,2,Loyal Customers
15596,1,5,1652.55,135,2.5211719921768767e-10,6.381061642313097e-10,1.0227676666467925e-09,2.368524057647595e-10,0.9999999997631476,1,1.6594158238541642e-06,0,At-Risk
15597,211,1,238.8,211,0.1500875500734796,0.43022533395064605,0.8068457596472755,0.8490103824290516,0.15098961757094842,0,710.8743878787698,2,Loyal Customers
15598,63,1,304.89,63,0.4744586222190518,1.241960927972411,2.088085047693815,0.8490103824290516,0.15098961757094842,0,1920.243466465897,1,Champions
15599,81,1,480.67,81,0.37569438108036607,1.0100098979615217,1.7495780374787264,0.8490103824290516,0.15098961757094842,0,1777.3137963060265,1,Champions
15600,64,4,1159.28,229,0.013600418296232207,0.03726102648400419,0.06572982635025505,0.025517840439247826,0.9744821595607521,1,80.26698398451035,0,At-Risk
15601,8,17,7933.27,374,3.359180178332614e-28,8.627574780437237e-28,1.3999351975542904e-27,2.6372892313691007e-28,1.0,1,1.0420258036088313e-23,0,At-Risk
15602,4,8,1802.31,373,4.802816275982619e-16,1.313059769093287e-15,2.3067321930436805e-15,7.583649502503772e-16,0.9999999999999992,1,4.025612622167978e-12,0,At-Risk
15603,284,1,40.0,284,0.1122409452601516,0.325377542955536,0.6195607650698525,0.8490103824290516,0.15098961757094842,0,477.9600150194348,2,Loyal Customers
15605,9,5,703.4200000000001,330,2.003170108698682e-08,5.575687415500031e-08,1.0035463886700991e-07,4.3485135263745376e-08,0.9999999565148647,1,8.232668219599132e-05,0,At-Risk
15606,26,8,2232.94,283,1.5778969781243566e-08,4.1978901430449114e-08,7.12383963333288e-08,1.919842154107069e-08,0.9999999808015785,1,0.00015158000956563874,0,At-Risk
15607,179,8,1522.71,336,0.02394465296182385,0.06484072142979146,0.11251698146849674,0.03424193002033603,0.965758069979664,1,168.57449525405704,0,At-Risk
15608,51,1,682.0,51,0.5752938924454016,1.466632543165519,2.397663878110847,0.8490103824290516,0.15098961757094842,0,2705.3523966404573,1,Champions
15611,19,13,1239.03,319,5.865532589562131e-16,1.5139974983536692e-15,2.4729246138508733e-15,5.098736563382756e-16,0.9999999999999994,1,3.0463538672505286e-12,0,At-Risk
15613,246,1,341.83,246,0.129200115744668,0.3726508887534968,0.7047036836484107,0.8490103824290516,0.15098961757094842,0,660.7102922970288,2,Loyal Customers
15614,73,4,2367.36,262,0.011780382670876399,0.032623146696660235,0.058349228266906354,0.025132872837576765,0.9748671271624232,1,128.6032291852399,0,At-Risk
15615,26,24,10448.56,373,1.7705365165962534e-27,4.3797900949568976e-27,6.797032375205926e-27,1.008147406899027e-27,1.0,1,6.723601785397902e-23,0,At-Risk
15616,74,1,271.26,74,0.4087853399913022,1.0890980299855537,1.8672611300597888,0.8490103824290516,0.15098961757094842,0,1681.7782608030227,1,Champions
15617,32,3,797.4000000000001,143,0.027692505219071913,0.07395499632756902,0.12651078315528785,0.043028260262189214,0.9569717397378108,1,122.49850424420706,0,At-Risk
15620,45,1,366.89,45,0.6437039131747054,1.6125650053888003,2.5897928023576973,0.8490103824290516,0.15098961757094842,0,2472.901635728833,1,Champions
15622,63,8,3928.77,281,2.354934966693371e-05,6.260210585255094e-05,0.00010613210602880194,2.8463158463701865e-05,0.9999715368415363,1,0.38518472033370277,0,At-Risk
15623,29,7,1987.47,365,3.970437571192939e-08,1.092713738479443e-07,1.9367045318735584e-07,6.953429993439949e-08,0.9999999304657,1,0.0003692408196900983,0,At-Risk
15625,12,5,1613.55,178,3.974573428324424e-06,1.0440517695136895e-05,1.7472072337885012e-05,4.812640926207324e-06,0.9999951873590738,1,0.027744996141141363,0,At-Risk
15626,57,1,387.94,57,0.5200317855065604,1.3449622991646004,2.2321551593052966,0.8490103824290516,0.15098961757094842,0,2155.6199696607737,1,Champions
15627,93,2,531.41,158,0.2609900103106867,0.7201389268743957,1.2841332504831224,0.6331323668497515,0.3668676331502485,0,1093.4051715321777,1,Champions
15628,2,9,2717.76,362,3.417677284702996e-20,9.242203146186048e-20,1.6006158044635572e-19,4.700767667986243e-20,1.0,1,4.103584383388178e-16,0,At-Risk
15629,86,4,1869.35,168,0.1829645332638546,0.48647935366319794,0.8268303549209591,0.25631455295320843,0.7436854470467915,0,1488.9216705476313,0,At-Risk
15630,280,1,295.05,280,0.11381351891913508,0.3297811546859499,0.6275413899218287,0.8490103824290516,0.15098961757094842,0,572.1454266357506,2,Loyal Customers
15631,278,1,574.96,278,0.11461644724145457,0.33202796952293595,0.6316093373149331,0.8490103824290516,0.15098961757094842,0,673.087041917335,2,Loyal Customers
15633,145,13,3900.64,367,3.2175830625180124e-05,8.4570089602598e-05,0.0001412153905165111,3.184257003174239e-05,0.9999681574299683,1,0.5182321881772016,0,At-Risk
15634,19,1,311.1,19,1.328774869330653,2.8386123780580657,3.969984316419223,0.8490103824290516,0.15098961757094842,0,3682.5164647916336,1,Champions
15635,31,1,37.5,31,0.8909744268178874,2.1007233476849643,3.186075398669065,0.8490103824290516,0.15098961757094842,0,2466.565325796272,1,Champions
15636,73,2,708.87,205,0.11425007560772127,0.32097631877622546,0.5857010021245531,0.35580386444285883,0.6441961355571412,0,571.3974207574302,0,At-Risk
15637,49,4,467.92,360,0.00042146380369807273,0.0011916888054747897,0.002190921540424989,0.001221116075837305,0.9987788839241627,1,1.441024956148787,0,At-Risk
15638,14,6,1375.98,246,8.272639322939643e-08,2.2190450654290024e-07,3.807427748895196e-07,1.1489877206677559e-07,0.999999885101228,1,0.0005251152963797142,0,At-Risk
15639,87,2,615.96,241,0.09957962536260384,0.28237264632667075,0.5215946699220552,0.362622009440645,0.6373779905593551,0,474.72742946331687,0,At-Risk
15640,8,15,9124.06,361,1.0108228339738497e-24,2.615814145260087e-24,4.284366292051122e-24,8.626807996397454e-25,1.0,1,3.6455856989765055e-20,0,At-Risk
15641,32,8,3215.8,369,7.446844582474272e-09,2.0339952405697753e-08,3.5688638873747446e-08,1.1638647521903929e-08,0.9999999883613525,1,0.00010691307761302999,0,At-Risk
15642,365,1,67.5,365,0.08770225789322296,0.2561235347066736,0.492692453694038,0.8490103824290516,0.15098961757094842,0,387.4587385341038,2,Loyal Customers
15645,50,2,418.96,61,0.781314271122169,1.9320326417274913,3.042589238477658,0.7855741574220215,0.21442584257797848,0,2357.348788627054,1,Champions
15646,8,3,506.25000000000006,46,0.03785699528566694,0.08399604854665002,0.11875277913919347,0.021498771230459065,0.9785012287695409,1,88.67407715604907,0,At-Risk
15647,51,1,169.0,51,0.5752938924454016,1.466632543165519,2.397663878110847,0.8490103824290516,0.15098961757094842,0,2026.6242781653489,1,Champions
15649,3,3,760.4,23,0.03217483506435168,0.05939042161275388,0.07315126438800781,0.010792467682921726,0.9892075323170783,1,69.39015875105166,0,At-Risk
15650,157,2,533.83,264,0.16039907918569649,0.4569656232330214,0.8493796922500998,0.6381318006651432,0.3618681993348568,0,724.0258446355137,2,Loyal Customers
15651,56,2,606.67,232,0.05309971920279775,0.15026109744454047,0.2768009250475277,0.1863645698884647,0.8136354301115353,1,250.13972315579016,0,At-Risk
15652,23,4,840.05,121,0.005063976634262318,0.012921628907698502,0.020930598194653018,0.005240045863592564,0.9947599541364074,1,20.159777865009115,0,At-Risk
15658,8,4,1287.52,372,1.8541209647077887e-07,5.252113965787534e-07,9.679858963436323e-07,5.54541816950563e-07,0.9999994454581831,1,0.0012819216982366617,0,At-Risk
15659,22,2,221.54,289,0.0038576036853977444,0.011037098066906965,0.02063346661085175,0.01675962384643094,0.9832403761535691,1,13.06686025305472,0,At-Risk
15660,1,7,1148.11,308,4.684083307799363e-17,1.2700600960909967e-16,2.2081525980553075e-16,6.980559863902758e-17,0.9999999999999999,1,2.5916965887605616e-13,0,At-Risk
15661,15,6,782.79,214,3.4345823015719313e-07,9.073223084736086e-07,1.5277439082639463e-06,4.18693004378991e-07,0.9999995813069956,1,0.0013279594131766666,0,At-Risk
15662,297,2,279.28000000000003,374,0.1382356226218499,0.39964491224691423,0.757825449450612,0.7726750174119129,0.2273249825880871,0,510.4595608192903,2,Loyal Customers
15664,85,3,845.1,285,0.033757615763127205,0.09525359826721227,0.17470513862800027,0.10122097438952646,0.8987790256104735,1,175.34240491083088,0,At-Risk
15665,47,3,1710.96,271,0.006638769748636387,0.018676486901632067,0.034118549681979055,0.0189604418918211,0.9810395581081789,1,57.06650527675312,0,At-Risk
15666,108,2,616.97,131,0.38782132277490133,1.0534663106173863,1.84245973624173,0.7874549189531855,0.21254508104681447,0,1680.1991216037388,1,Champions
15670,192,1,146.9,192,0.16452689757788055,0.4696144636229735,0.8757645964336512,0.8490103824290516,0.15098961757094842,0,727.4056704868121,2,Loyal Customers
15672,361,1,40.05,361,0.08865944947356304,0.258844114550551,0.4977251785304045,0.8490103824290516,0.15098961757094842,0,383.9075302843401,2,Loyal Customers
15673,87,5,3304.4700000000003,291,0.005461813061641654,0.015059802147939238,0.026772839243676436,0.010511097207478792,0.9894889027925212,1,80.51881533029179,0,At-Risk
15674,53,8,4214.43,367,4.872620359644694e-07,1.3302449651892574e-06,2.33260700673059e-06,7.576167337031816e-07,0.9999992423832663,1,0.00904878184317434,0,At-Risk
15675,40,1,216.55,40,0.7145156507231424,1.758432759804013,2.775209129859146,0.8490103824290516,0.15098961757094842,0,2420.6823602129602,1,Champions
15677,57,2,605.35,99,0.39831023879924393,1.051715290208286,1.7786050595932692,0.6220937328865053,0.37790626711349473,0,1608.6810498732698,1,Champions
15678,31,2,1459.54,158,0.05210646711172793,0.1437752167770203,0.2563762762556406,0.1264044198908413,0.8735955801091587,1,385.3564152756614,0,At-Risk
15680,2,8,2962.53,373,3.3905240778913496e-18,9.269479628200872e-18,1.628426030134079e-17,5.3536393563726825e-18,1.0,1,4.5133043902452787e-14,0,At-Risk
15681,15,9,1443.0,200,3.8906348223416463e-10,9.76484326602093e-10,1.5455266174854942e-09,3.0886941939123823e-10,0.9999999996911306,1,2.2065935079688905e-06,0,At-Risk
15682,235,2,318.24,323,0.15196312754420083,0.4368741569602458,0.8220582994502561,0.7358905260764056,0.2641094739235944,0,576.2733664645468,2,Loyal Customers
15683,109,1,320.04,109,0.28380437064769737,0.7827256441628218,1.397521628663345,0.8490103824290516,0.15098961757094842,0,1295.1004603254937,1,Champions
15684,183,3,161.25,371,0.09484169186908152,0.271291100290181,0.5068205333513047,0.36737053764240807,0.6326294623575919,0,240.86459161756898,2,Loyal Customers
15685,86,1,53.98,86,0.3551592027727262,0.9602106440711874,1.6742302168152294,0.8490103824290516,0.15098961757094842,0,1306.9123661061171,1,Champions
15686,56,1,33.75,56,0.5284926147861599,1.3638165754876814,2.2581292216208526,0.8490103824290516,0.15098961757094842,0,1739.61929440941,1,Champions
15688,54,1,187.67,54,0.5462682904126415,1.4031598348552563,2.3119407458723025,0.8490103824290516,0.15098961757094842,0,1977.6103865860778,1,Champions
15689,253,1,243.48,253,0.12570139884396522,0.36293724556065293,0.6873035965795703,0.8490103824290516,0.15098961757094842,0,607.1993855160346,2,Loyal Customers
15691,30,3,392.5,369,0.0004264598895986888,0.0012195700705920553,0.002277604447255668,0.0016432193706735127,0.9983567806293265,1,1.4891063090717287,0,At-Risk
15693,295,1,33.75,295,0.10813224274338264,0.3138525981936265,0.5986257349051636,0.8490103824290516,0.15098961757094842,0,459.7363387809978,2,Loyal Customers
15694,1,12,3699.88,368,1.788839014262167e-29,4.736431745979482e-29,7.982670755297149e-29,1.9119106343978355e-29,1.0,1,2.775692230215051e-25,0,At-Risk
15695,233,2,653.96,317,0.1557149460910259,0.44731386267496703,0.8408137101812223,0.7403745489796938,0.2596254510203062,0,787.3925671604119,2,Loyal Customers
15696,59,5,1048.01,320,0.00039843003519890175,0.0011065520016674867,0.0019858462178951363,0.0008397506184509281,0.9991602493815491,1,2.204434564255263,0,At-Risk
15697,325,1,242.4,325,0.098316821354806,0.2862054004978811,0.5481166359514865,0.8490103824290516,0.15098961757094842,0,483.7983238094686,2,Loyal Customers
15698,260,1,32.55,260,0.12238717870512605,0.3537172109540277,0.6707424981388375,0.8490103824290516,0.15098961757094842,0,514.7394704405204,2,Loyal Customers
15702,112,1,109.22,112,0.2765572273288377,0.7643018188841247,1.3680417534513263,0.8490103824290516,0.15098961757094842,0,1108.8952848714932,2,Loyal Customers
15704,138,2,1496.39,219,0.20124308395068471,0.5676172559567545,1.041132101440179,0.6679871116541332,0.33201288834586684,0,1590.884915399448,2,Loyal Customers
15708,5,3,946.64,61,0.0028878810631932867,0.006801763296558678,0.010159012256581734,0.002079619550026042,0.997920380449974,1,11.046863670499375,0,At-Risk
15709,225,1,140.8,225,0.14097134670223382,0.4051845565540938,0.7626282922301314,0.8490103824290516,0.15098961757094842,0,630.7550782388461,2,Loyal Customers
15710,53,1,860.43,53,0.5556123728422472,1.4236968362259754,2.33982339789676,0.8490103824290516,0.15098961757094842,0,2870.0993792794757,1,Champions
15711,192,2,414.45,320,0.133928056632934,0.38487807747507613,0.7238390206350525,0.6426697515504505,0.3573302484495495,0,556.2635242326498,2,Loyal Customers
15712,15,7,2336.35,374,2.968890049088288e-10,8.186783361736503e-10,1.454736001018569e-09,5.321791197867532e-10,0.9999999994678209,1,3.216760891773983e-06,0,At-Risk
15713,2,3,609.44,359,1.233613404607393e-07,3.5233188230626364e-07,6.568488538826889e-07,4.6277911960253525e-07,0.9999995372208804,1,0.0005394952377321784,0,At-Risk
15714,89,3,420.28,191,0.1597485127534249,0.43833865249434745,0.7753299821536469,0.3262195208755202,0.6737804791244798,0,524.1521811354276,0,At-Risk
15715,191,5,649.52,255,0.33632428347562593,0.9171091847533659,1.6072967372530504,0.5707731778956198,0.42922682210438023,0,1246.4641792842992,2,Loyal Customers
15716,5,8,1737.35,368,2.9206279402439823e-15,7.975351759858835e-15,1.3989273740247188e-14,4.552880870758387e-15,0.9999999999999954,1,2.3610357748608338e-11,0,At-Risk
15717,57,4,436.4,228,0.008592788129592544,0.02353291350172965,0.041493326234854105,0.01605528550148912,0.9839447144985108,1,26.251065858682825,0,At-Risk
15718,176,1,293.79,176,0.179031336738736,0.5088476574108715,0.9436509072939454,0.8490103824290516,0.15098961757094842,0,860.154051688241,2,Loyal Customers
15719,17,18,5057.0,374,4.669071566356102e-24,1.1922211773128463e-23,1.9209038910993302e-23,3.476594066890732e-24,1.0,1,9.181419933563848e-20,0,At-Risk
15720,186,1,131.59,186,0.16968200966933736,0.4835966246652375,0.9000445620594594,0.8490103824290516,0.15098961757094842,0,740.0218597157343,2,Loyal Customers
15722,81,6,2494.5,276,0.0018657015968712516,0.005061546305110547,0.008809359686058678,0.0028884042278199016,0.9971115957721801,1,20.620232579560234,0,At-Risk
15723,47,3,707.29,210,0.0190556630042474,0.05268267292604709,0.09408244544906388,0.04259670192207851,0.9574032980779215,1,84.45915953465943,0,At-Risk
15724,36,1,92.6,36,0.7834733096968532,1.8956728209940945,2.9438982191432057,0.8490103824290516,0.15098961757094842,0,2367.2757165331036,1,Champions
15726,26,1,304.91,26,1.032707500007532,2.3557168280528478,3.4717633488883806,0.8490103824290516,0.15098961757094842,0,3203.5413032667657,1,Champions
15727,23,8,3509.39,320,1.8797919490019148e-09,5.0661520251419745e-09,8.737999234604418e-09,2.5671133735448194e-09,0.9999999974328866,1,2.845708072273654e-05,0,At-Risk
15728,15,2,544.6,80,0.09214962480732504,0.2370527183648357,0.38929032378237094,0.11828482686049406,0.881715173139506,1,335.70762758150016,0,At-Risk
15729,36,2,107.55,39,1.2104995981893198,2.7572133284620586,4.015079117002204,0.827406795916536,0.172593204083464,0,2235.0973262047896,1,Champions
15730,17,2,593.45,67,0.19124684726075025,0.47982988489542905,0.7670981483325496,0.20908744498922066,0.7909125550107794,0,688.3232371717087,0,At-Risk
15731,189,1,125.3,189,0.16706469388970258,0.4765029679011229,0.8877384508353448,0.8490103824290516,0.15098961757094842,0,726.8161346964257,2,Loyal Customers
15732,8,9,1352.67,309,1.7129708113442913e-14,4.556667866240803e-14,7.729201461234131e-14,2.030038196832144e-14,0.9999999999999797,1,1.0392785043988808e-10,0,At-Risk
15734,72,2,538.1,183,0.14657826408655228,0.4087809130163313,0.7388593888469084,0.40925196714320533,0.5907480328567947,0,632.4039457275874,0,At-Risk
15735,57,1,308.78,57,0.5200317855065604,1.3449622991646004,2.2321551593052966,0.8490103824290516,0.15098961757094842,0,2058.1518209959504,1,Champions
15736,71,2,1670.15,71,0.7393561485327188,1.8708847627090412,3.0180505349981277,0.85162442782021,0.14837557217979003,0,4994.227961221303,1,Champions
15738,8,26,7719.24,365,1.650805891609e-42,4.0303085462083474e-42,6.161823956430934e-42,8.564394059556403e-43,1.0,1,4.5215347509590877e-38,0,At-Risk
15741,94,2,203.37,254,0.09802903540653327,0.27873847329017143,0.516763750479052,0.37564080121766985,0.6243591987823301,0,320.7287466123547,0,At-Risk
15742,255,1,138.27,255,0.12473630306727639,0.36025425780828074,0.6824889446324767,0.8490103824290516,0.15098961757094842,0,563.4482924706169,2,Loyal Customers
15747,11,6,1511.32,326,2.516764493294459e-09,6.927695413075323e-09,1.228459810847782e-08,4.564467946633706e-09,0.9999999954355321,1,1.8359619055734183e-05,0,At-Risk
15748,85,2,122.8,85,0.627658343224706,1.6273527377180326,2.695764418061256,0.85162442782021,0.14837557217979003,0,1524.5812556127858,1,Champions
15750,2,12,4149.57,374,9.341839623468292e-27,2.478097541810021e-26,4.1862113269295106e-26,1.0136615144397007e-26,1.0,1,1.6271687516502403e-22,0,At-Risk
15751,96,11,1295.65,369,1.5478265188238332e-06,4.129459742635692e-06,7.027270397688821e-06,1.7983790745776963e-06,0.9999982016209255,1,0.009044890272574288,0,At-Risk
15752,8,3,1551.47,93,0.0021232628116837904,0.005373001287778148,0.008640261277395271,0.00221944709755278,0.9977805529024473,1,13.426187904677626,0,At-Risk
15754,129,6,2358.38,291,0.022538790607443075,0.06144347558231341,0.10760248811505635,0.03668854576121182,0.9633114542387882,1,239.23725590763567,0,At-Risk
15755,15,11,3533.32,371,1.5493323850147506e-15,4.135906795006309e-15,7.043449983264479e-15,1.8092816347886257e-15,0.9999999999999982,1,2.3355934605836008e-11,0,At-Risk
15757,22,4,2116.69,183,0.0004934043487127767,0.001323837081011951,0.00227502270361917,0.0007488776181439594,0.9992511223818561,1,4.554111302543044,0,At-Risk
15759,147,4,491.04,373,0.03367609987662085,0.09540733960593015,0.17587458817160467,0.10098304075767214,0.8990169592423278,1,118.97798341967439,0,At-Risk
15761,78,1,112.95,78,0.38919651251499493,1.042451465674529,1.798141754039982,0.8490103824290516,0.15098961757094842,0,1462.4184114111715,1,Champions
15764,70,2,1155.61,114,0.36791180589695804,0.9861996190241595,1.6974836350309839,0.6554329344755202,0.3445670655244798,0,2190.9820586458472,1,Champions
15765,302,1,350.88,302,0.10567066927091165,0.30693430471760225,0.5860248526977717,0.8490103824290516,0.15098961757094842,0,552.2494031391466,2,Loyal Customers
15766,92,2,484.5,318,0.05365444890139705,0.15415039931833213,0.2898075233488495,0.2558955366700244,0.7441044633299756,0,236.95283734984244,0,At-Risk
15768,112,31,12434.01,372,1.0976957362356812e-15,2.6335696185296063e-15,3.948387340483408e-15,4.926980511754472e-16,0.9999999999999996,1,4.6756090935182755e-11,0,At-Risk
15769,7,21,4343.849999999999,364,1.3963004807968918e-35,3.492171002407787e-35,5.489686650003632e-35,8.796825617330158e-36,1.0,1,2.268289689182909e-31,0,At-Risk
15770,248,1,305.7,248,0.12818076490945063,0.3698228997549173,0.6996429263724826,0.8490103824290516,0.15098961757094842,0,642.0565299108055,2,Loyal Customers
15771,240,3,784.03,329,0.196189934221625,0.5579415265648918,1.0341346577701376,0.6761016890724361,0.32389831092756394,0,988.9064879031057,2,Loyal Customers
15772,54,1,269.08000000000004,54,0.5462682904126415,1.4031598348552563,2.3119407458723025,0.8490103824290516,0.15098961757094842,0,2081.4498258704084,1,Champions
15773,45,1,137.94,45,0.6437039131747054,1.6125650053888003,2.5897928023576973,0.8490103824290516,0.15098961757094842,0,2145.571733716078,1,Champions
15774,54,5,980.34,292,0.0004431843433382717,0.0012223196057096412,0.0021737675999176447,0.0008556944240009328,0.9991443055759991,1,2.2898412637697736,0,At-Risk
15775,267,1,15.39,267,0.11924323645024239,0.344954087199194,0.6549611082514041,0.8490103824290516,0.15098961757094842,0,496.4341775452055,2,Loyal Customers
15777,32,3,658.5,204,0.00638750076288258,0.0176198875716787,0.031376248216588846,0.013888595931235332,0.9861114040687646,1,26.985460601862194,0,At-Risk
15778,67,1,297.45,67,0.4482701437171995,1.1816438777248677,2.001973333236756,0.8490103824290516,0.15098961757094842,0,1832.5116804271934,1,Champions
15779,99,2,108.33,168,0.2463421293622666,0.6828666611963078,1.22478546325575,0.6336772543269603,0.3663227456730397,0,678.9837894137382,2,Loyal Customers
15782,66,1,696.28,66,0.4545423694114992,1.196166328744852,2.0228263693129556,0.8490103824290516,0.15098961757094842,0,2296.501986694275,1,Champions
15784,103,2,804.0799999999999,308,0.06992151132430457,0.20061583796283589,0.37647293619478134,0.3232371790448045,0.6767628209551955,0,392.20126286719085,0,At-Risk
15785,15,11,2831.79,360,2.236721322483448e-15,5.951164686144391e-15,1.009282078797579e-14,2.539327250265282e-15,0.9999999999999974,1,2.7050371133894637e-11,0,At-Risk
15786,53,2,3274.01,172,0.10841870945876315,0.3010528329064755,0.5411383560655646,0.2852420601634114,0.7147579398365886,0,1502.4701308366095,0,At-Risk
15788,144,1,202.33,144,0.21735519287173619,0.6109355837719794,1.1168405059865412,0.8490103824290516,0.15098961757094842,0,962.1048230699081,2,Loyal Customers
15789,67,5,1479.56,259,0.0028799382669153447,0.007863994894867233,0.013806394542278751,0.00496027613302571,0.9950397238669743,1,20.344335628258698,0,At-Risk
15791,165,3,1932.89,277,0.17774225540258942,0.5006930593745232,0.9162774657944022,0.5184857991668556,0.48151420083314445,0,1689.5821342432914,2,Loyal Customers
15792,35,2,925.95,254,0.015849542164362,0.04506702699788096,0.08355145818037617,0.060734400709581915,0.9392655992904181,1,94.20691593001415,0,At-Risk
15793,14,5,641.49,374,8.645760518684204e-08,2.426778008352868e-07,4.416861908366273e-07,2.1171395150564973e-07,0.9999997882860485,1,0.0003392672977111446,0,At-Risk
15794,372,2,639.9000000000001,373,0.15262177338963498,0.4411936222347102,0.8365013134951209,0.8508516975079286,0.14914830249207145,0,774.9688253678532,2,Loyal Customers
15795,66,7,1361.77,326,3.749855769661376e-05,0.00010220819028621415,0.00017889609245977102,5.897391151225755e-05,0.9999410260884878,1,0.24334252710046328,0,At-Risk
15796,10,9,2208.37,254,9.075964274663502e-13,2.3578058101316147e-12,3.885205172341609e-12,8.963812269244922e-13,0.9999999999991036,1,8.201719633545669e-09,0,At-Risk
15797,217,2,167.67000000000002,317,0.14893390981269677,0.42783434830114875,0.804198160966554,0.7081328997211311,0.29186710027886886,0,478.84762407224014,2,Loyal Customers
15798,128,3,1505.34,317,0.06982609499492172,0.19819432841419915,0.36639415693158484,0.23210606441400847,0.7678939355859915,0,554.4924952331414,0,At-Risk
15799,54,1,530.39,54,0.5462682904126415,1.4031598348552563,2.3119407458723025,0.8490103824290516,0.15098961757094842,0,2414.7538902284537,1,Champions
15800,89,5,457.5,254,0.0141427473321549,0.038551790675157946,0.06753452561916241,0.02391221805009508,0.976087781949905,1,41.46705649548553,0,At-Risk
15803,81,3,1448.3,312,0.020409348552287043,0.057880873727877126,0.1068803613637214,0.06680356031588176,0.9331964396841183,1,157.04580552850598,0,At-Risk
15805,21,13,4395.32,365,3.185033494738522e-16,8.365870765379539e-16,1.395785764845878e-15,3.136067620568349e-16,0.9999999999999997,1,5.754969224399156e-12,0,At-Risk
15807,44,2,785.49,302,0.015007699120525535,0.04302293365416185,0.08064317103031005,0.06805956520573353,0.9319404347942665,1,82.96288867120674,0,At-Risk
15808,5,18,13790.49,374,2.6501938421619856e-33,6.767120995481952e-33,1.0903169058831638e-32,1.9733362525778196e-33,1.0,1,1.407886715232947e-28,0,At-Risk
15809,95,2,366.48,171,0.23015316824621757,0.6388121182696378,1.1476432624378659,0.602146101309687,0.39785389869031296,0,844.1615731745145,2,Loyal Customers
15810,22,4,1586.36,309,3.205179542816279e-05,8.979055493816235e-05,0.00016304833540188408,8.012266537415886e-05,0.9999198773346258,1,0.2556395124204102,0,At-Risk
15811,1,2,1517.15,24,0.01949440148113672,0.03965251160297417,0.052698426540106647,0.009052171832168675,0.9909478281678313,1,81.97776939366679,0,At-Risk
15812,71,7,1727.14,360,2.8133097985171754e-05,7.733843909899517e-05,0.00013687131196681775,4.8625303816712595e-05,0.9999513746961833,1,0.22982695753580146,0,At-Risk
15814,29,2,598.0699999999999,239,0.012851627677369172,0.03642640374069886,0.06724645316997824,0.04642309937626116,0.9535769006237389,1,60.36087335779983,0,At-Risk
15816,178,2,115.8,178,0.3132346498435478,0.8718905978436494,1.5720685497057965,0.85162442782021,0.14837557217979003,0,879.6505301876895,2,Loyal Customers
15817,56,3,2652.45,179,0.06092439880241734,0.16625255199871755,0.29203256479990086,0.11697490760735853,0.8830250923926415,1,701.4397696989151,0,At-Risk
15818,224,1,182.09,224,0.14158561737598832,0.4068760916677896,0.7656252198491413,0.8490103824290516,0.15098961757094842,0,650.6264282885734,2,Loyal Customers
15819,67,6,1997.25,267,0.0007266798244169435,0.001965242928422981,0.0034067711410822425,0.0010902960211078225,0.9989097039788922,1,6.51794830711209,0,At-Risk
15822,129,4,856.04,369,0.021280498655472133,0.0602537565890957,0.11098319159747383,0.0631493702036462,0.9368506297963538,1,108.0292324381096,0,At-Risk
15823,365,2,3631.0,367,0.15491973853376823,0.44757454745033665,0.8479138171201376,0.8500480560213975,0.14995194397860245,0,2563.8760740744447,2,Loyal Customers
15824,89,2,868.35,168,0.22396312330475546,0.6208314860236872,1.1135195528233361,0.5761107018667612,0.42388929813323883,0,1211.3892382755753,1,Champions
15826,204,1,826.87,204,0.15510257782010167,0.44394367177074123,0.8309362326002476,0.8490103824290516,0.15098961757094842,0,1000.9542250212817,2,Loyal Customers
15827,8,16,1696.68,336,8.731208388674065e-26,2.221835316141238e-25,3.566284644359284e-25,6.572877544554936e-26,1.0,1,5.888400724993735e-22,0,At-Risk
15828,11,1,1040.57,11,1.977449732652053,3.7084734174816703,4.745091359348486,0.8490103824290516,0.15098961757094842,0,6338.329695523051,1,Champions
15833,373,1,80.4,373,0.0858485693712795,0.2508504236976269,0.4829263635301265,0.8490103824290516,0.15098961757094842,0,383.19786640812237,2,Loyal Customers
15834,12,3,1482.94,60,0.045031363379685246,0.10571896279658945,0.15740857410156103,0.03197069203058057,0.9680293079694194,1,236.711914394443,0,At-Risk
15837,121,1,374.88,121,0.2568786776725771,0.7138938252638714,1.2866316476384687,0.8490103824290516,0.15098961757094842,0,1230.942888934912,2,Loyal Customers
15838,3,16,1694.52,360,1.2114813648053246e-32,3.1138069895424864e-32,5.057677495108231e-32,9.714549075110914e-33,1.0,1,8.338357028384699e-29,0,At-Risk
15841,22,5,1059.98,365,1.029879898096844e-06,2.8862612684359894e-06,5.242200584331612e-06,2.463376867534344e-06,0.9999975366231325,1,0.005870460996699334,0,At-Risk
15842,29,2,493.3,163,0.0416197888682788,0.1151126758894504,0.20588045828232868,0.10401270578668775,0.8959872942133122,1,169.78210833818852,0,At-Risk
15845,172,3,657.46,318,0.13191955899263286,0.3745026029710425,0.6924833968860296,0.4398506827587098,0.5601493172412901,0,594.5414311549065,2,Loyal Customers
15846,21,1,107.01,21,1.2281487424271247,2.681486799703919,3.813684702852179,0.8490103824290516,0.15098961757094842,0,3104.6433037603692,1,Champions
15847,64,3,401.8,277,0.016033034284230457,0.04516443750893811,0.0826517475525149,0.046769410994025866,0.9532305890059741,1,54.65478811024153,0,At-Risk
15848,257,1,130.49,257,0.12378591406782347,0.35761065268166614,0.6777413131219712,0.8490103824290516,0.15098961757094842,0,556.624301755515,2,Loyal Customers
15850,12,4,749.33,362,1.1232399071293486e-06,3.176953384568469e-06,5.843294293216413e-06,3.271898158847201e-06,0.9999967281018411,1,0.005180759643631574,0,At-Risk
15851,162,1,109.73,162,0.19399602950669112,0.5489802985941657,1.012323361013848,0.8490103824290516,0.15098961757094842,0,820.3214652169987,2,Loyal Customers
15852,162,1,61.85,162,0.19399602950669112,0.5489802985941657,1.012323361013848,0.8490103824290516,0.15098961757094842,0,793.6478635945047,2,Loyal Customers
15854,12,9,2128.76,365,1.1435807736028587e-13,3.094979897841857e-13,5.365533218336243e-13,1.5852340732133802e-13,0.9999999999998415,1,1.093177059238802e-09,0,At-Risk
15855,112,1,295.72,112,0.2765572273288377,0.7643018188841247,1.3680417534513263,0.8490103824290516,0.15098961757094842,0,1249.3910582853628,2,Loyal Customers
15856,1,26,14837.89,372,6.586276654441786e-63,1.6135204526651066e-62,2.4763527489235317e-62,3.4752755461874544e-63,1.0,1,3.481257338863595e-58,0,At-Risk
15857,66,1,208.98,66,0.4545423694114992,1.196166328744852,2.0228263693129556,0.8490103824290516,0.15098961757094842,0,1753.007118571249,1,Champions
15858,3,9,2297.29,365,7.59434222612721e-19,2.0553280598750122e-18,3.563167239802684e-18,1.0527293164060136e-18,1.0,1,7.796183617901917e-15,0,At-Risk
15859,68,1,379.16,68,0.44216870259997293,1.1674703104561752,1.9815471503690194,0.8490103824290516,0.15098961757094842,0,1903.0036175214725,1,Champions
15860,4,10,1439.44,369,9.775656636138785e-20,2.62779165057522e-19,4.51547490753096e-19,1.2411960151180233e-19,1.0,1,6.40861377161753e-16,0,At-Risk
15861,92,4,1167.48,316,0.011764510168000916,0.03300483011037567,0.060047261940777544,0.030050671505152348,0.9699493284948476,1,73.67915560759982,0,At-Risk
15862,9,10,1944.88,358,3.1864454856830276e-16,8.53863777134768e-16,1.4614165672625667e-15,3.9321464751482884e-16,0.9999999999999996,1,2.739684212932655e-12,0,At-Risk
15863,253,3,273.76,358,0.17452826712030486,0.4984039001585838,0.929002751585786,0.6529514550631184,0.34704854493688164,0,522.233322371331,2,Loyal Customers
15864,17,1,56.07000000000001,17,1.447398694507076,3.015370542041162,4.139504380568189,0.8490103824290516,0.15098961757094842,0,3256.6197459652876,1,Champions
15865,49,2,1250.4,339,0.013157785048539913,0.037900169029966395,0.07150523600089793,0.06680088244207211,0.933199117557928,1,96.86376706094663,0,At-Risk
15867,5,17,4998.03,361,3.2395877421759305e-31,8.278286354660025e-31,1.3351474124228305e-30,2.4622713812858106e-31,1.0,1,6.2987460834769866e-27,0,At-Risk
15868,219,1,94.53,219,0.14473906033293427,0.4155501795640359,0.7809704997805555,0.8490103824290516,0.15098961757094842,0,626.0675569912189,2,Loyal Customers
15869,262,1,174.02,262,0.12147211881643924,0.35116835005302677,0.6661564179127905,0.8490103824290516,0.15098961757094842,0,563.0476562668422,2,Loyal Customers
15870,32,3,406.47,82,0.23165814331525156,0.575005435707457,0.9056375538512175,0.21624853323572868,0.7837514667642713,0,604.2255197442082,0,At-Risk
15871,73,1,29.2,73,0.4139946420335804,1.1014201672914525,1.885381779834209,0.8490103824290516,0.15098961757094842,0,1446.601427328074,1,Champions
15872,14,2,416.95,186,0.005896568842347634,0.016462573636655646,0.029797662729767575,0.016722526045912615,0.9832774739540874,1,22.96996020693935,0,At-Risk
15873,135,4,45.9,136,0.7404343841844869,1.9195982662193016,3.166382358599236,0.8526827387150117,0.14731726128498834,0,998.1060010199941,2,Loyal Customers
15874,23,14,5187.25,337,2.4418592874425214e-16,6.30317933246712e-16,1.0294160755769827e-15,2.0849991554558537e-16,0.9999999999999998,1,5.006474892885018e-12,0,At-Risk
15875,282,1,111.72,282,0.11302176210684446,0.32756454756638415,0.6235255306747763,0.8490103824290516,0.15098961757094842,0,505.61508827247974,2,Loyal Customers
15876,45,2,520.14,84,0.43475456174637944,1.1255098580060634,1.8613248068122827,0.583521305860912,0.416478694139088,0,1572.8401377930086,1,Champions
15878,197,2,323.63,369,0.10508728840831848,0.30366476291813155,0.5754385192630902,0.5796947004861358,0.4203052995138642,0,405.5062497962991,2,Loyal Customers
15879,40,4,978.59,358,0.00018391105413080258,0.0005198442236040085,0.0009553277371876333,0.0005299822722958926,0.999470017727704,1,1.0251752018472038,0,At-Risk
15880,5,1,328.93,5,3.124224385165734,4.810316561525754,5.539975039477771,0.8490103824290516,0.15098961757094842,0,5231.334689938049,1,Champions
15882,4,6,957.99,365,2.9303692470260976e-12,8.136749283815002e-12,1.459425681351197e-11,5.921422446578053e-12,0.9999999999940786,1,1.486540426206891e-08,0,At-Risk
15884,68,2,187.12,372,0.01948173860972837,0.05631170034250375,0.10675255057157745,0.10832347031874785,0.8916765296812521,1,65.00896149774735,0,At-Risk
15885,19,12,1211.82,323,7.469536642547723e-15,1.9465080416894185e-14,3.216897894202397e-14,7.071692462865197e-15,0.9999999999999929,1,3.889413542300093e-11,0,At-Risk
15886,52,3,764.97,234,0.016763962024740623,0.046713078415047876,0.08427389345447694,0.04156727510965069,0.9584327248903493,1,79.39322248607188,0,At-Risk
15887,42,3,882.74,191,0.019790940633126475,0.05430494531182606,0.09605416278003415,0.04041471848304242,0.9595852815169575,1,99.27481081340314,0,At-Risk
15888,36,2,221.5,162,0.0646286464935733,0.17866804008621517,0.3193630484511077,0.16056798051939355,0.8394320194806064,1,202.43157010209825,0,At-Risk
15889,5,7,1289.17,365,1.8345838648636522e-13,5.049002679387077e-13,8.948753938261801e-13,3.212907958553075e-13,0.9999999999996787,1,1.1601509376538352e-09,0,At-Risk
15890,30,5,318.41,240,6.990554317756131e-05,0.00018957031402057597,0.0003299100435508106,0.00011201366853436637,0.9998879863314656,1,0.16399957386592107,0,At-Risk
15892,305,1,117.25,305,0.1046496862161627,0.3040618263591696,0.5807854805198482,0.8490103824290516,0.15098961757094842,0,472.69051059037207,2,Loyal Customers
15893,117,1,28.62,117,0.2652676405638336,0.7354511944067456,1.3215831163531795,0.8490103824290516,0.15098961757094842,0,1012.494543753016,2,Loyal Customers
15894,5,1,155.64,5,3.124224385165734,4.810316561525754,5.539975039477771,0.8490103824290516,0.15098961757094842,0,4695.462070143005,1,Champions
15898,3,22,4095.59,364,1.042666737830146e-44,2.594120678623154e-44,4.053086900249798e-44,6.293107469673396e-45,1.0,1,1.5820233408970575e-40,0,At-Risk
15899,4,1,51.0,4,3.459163950590388,5.057804924838033,5.693613931946437,0.8490103824290516,0.15098961757094842,0,4498.071748217693,1,Champions
15900,49,3,494.75,198,0.02751549526685863,0.07572219547235695,0.13443541317112886,0.058148415750787906,0.9418515842492121,1,98.61438286937413,0,At-Risk
15901,87,3,309.59,179,0.18606228763222338,0.5077330389405369,0.8918634920960292,0.35723978131614353,0.6427602186838565,0,526.7008695738562,0,At-Risk
15902,16,1,134.19,16,1.515042330418168,3.112296521995405,4.229730648334781,0.8490103824290516,0.15098961757094842,0,3511.9434803663685,1,Champions
15903,14,5,2860.23,330,1.8860126460767326e-07,5.249587606434151e-07,9.44852946705558e-07,4.0941862434768136e-07,0.9999995905813757,1,0.0024880512755180513,0,At-Risk
15905,179,1,113.79,179,0.17612011425697902,0.5009996551138697,0.930131285095562,0.8490103824290516,0.15098961757094842,0,755.6889761307906,2,Loyal Customers
15906,10,3,837.6,86,0.005880239700719449,0.014705567719726193,0.02334743100862502,0.005728173094774116,0.9942718269052259,1,23.37466109149017,0,At-Risk
15908,126,2,300.51,148,0.35068701717366413,0.9626276247517692,1.7054350644399041,0.7993665703893257,0.20063342961067432,0,1175.83329781987,2,Loyal Customers
15910,36,7,1382.0,323,5.118678771758623e-07,1.3940131956211613e-06,2.4373417617679706e-06,7.979816452200405e-07,0.9999992020183548,1,0.0033585538632811248,0,At-Risk
15911,259,8,1650.44,366,0.1740281705100514,0.47498894651362855,0.832640330457152,0.2698861266076397,0.7301138733923602,0,1341.2835654735684,2,Loyal Customers
15912,72,7,704.24,365,2.7790311460300845e-05,7.64823891190652e-05,0.0001355558957477106,4.866919118363947e-05,0.9999513308088164,1,0.10646375254297076,0,At-Risk
15913,170,1,6.300000000000001,170,0.18515239699032085,0.5253053857533035,0.9719057515594292,0.8490103824290516,0.15098961757094842,0,732.1986755673288,2,Loyal Customers
15914,14,2,110.85,14,2.6711987978619796,4.68609041513104,5.656621644233677,0.85162442782021,0.14837557217979003,0,3181.840349170883,1,Champions
15915,37,1,406.33,37,0.7650146626461872,1.8593872357234449,2.899825922316683,0.8490103824290516,0.15098961757094842,0,2834.1893608704613,1,Champions
15916,2,7,1731.96,365,5.376448256765487e-16,1.4796653439450377e-15,2.6225300152831502e-15,9.415777454357218e-16,0.9999999999999991,1,4.414513314027349e-12,0,At-Risk
15917,242,4,408.73,373,0.16175037539493325,0.4582529762421999,0.8447468906260077,0.4850337423549155,0.5149662576450845,0,514.9122558615563,2,Loyal Customers
15918,267,1,248.65,267,0.11924323645024239,0.344954087199194,0.6549611082514041,0.8490103824290516,0.15098961757094842,0,580.457715556595,2,Loyal Customers
15919,4,1,257.77,4,3.459163950590388,5.057804924838033,5.693613931946437,0.8490103824290516,0.15098961757094842,0,5155.932290884494,1,Champions
15920,60,5,348.14,361,0.0002053676107936693,0.0005751345487281691,0.0010435947825680985,0.0004860309835660265,0.999513969016434,1,0.5443759340711928,0,At-Risk
15921,32,3,407.68,276,0.0017938893948451615,0.0050522244675436125,0.009243010426871676,0.005214640555163492,0.9947853594448365,1,6.154107767799572,0,At-Risk
15922,9,1,328.55,9,2.25280513154797,4.015998776348188,4.986262030350628,0.8490103824290516,0.15098961757094842,0,4692.4873351404485,1,Champions
15923,8,1,116.52,8,2.4215182764993903,4.189503128122878,5.115473883143818,0.8490103824290516,0.15098961757094842,0,4213.33852456938,1,Champions
15924,367,1,90.92,367,0.08723137113978932,0.25478458036697815,0.490214076228868,0.8490103824290516,0.15098961757094842,0,391.8206718897568,2,Loyal Customers
15926,178,1,120.34,178,0.1770799441602455,0.5035886108967981,0.9345945351515491,0.8490103824290516,0.15098961757094842,0,762.6893197718754,2,Loyal Customers
15927,283,1,121.29,283,0.11263000040850663,0.32646738213919385,0.621536822331037,0.8490103824290516,0.15098961757094842,0,507.2719510914139,2,Loyal Customers
15928,292,1,230.53,292,0.10922266457785257,0.3169139966151784,0.604193613425421,0.8490103824290516,0.15098961757094842,0,529.3998000446597,2,Loyal Customers
15929,280,1,133.65,280,0.11381351891913508,0.3297811546859499,0.6275413899218287,0.8490103824290516,0.15098961757094842,0,516.4433388822064,2,Loyal Customers
15931,64,1,207.45,64,0.46762869042445254,1.2263107817086956,2.065867788512742,0.8490103824290516,0.15098961757094842,0,1788.7247128876443,1,Champions
15934,53,2,934.77,65,0.73640158027053,1.8391391235866166,2.9261313300075598,0.7835363358390659,0.2164636641609341,0,3329.018132741048,1,Champions
15936,15,2,271.39,103,0.04342504109071077,0.11516692723870138,0.1957595127637844,0.07036626434015535,0.9296337356598446,1,131.0881970587074,0,At-Risk
15938,92,4,325.33,192,0.1298732291886913,0.35013891652663215,0.6053002204412751,0.20622681691607136,0.7937731830839286,0,328.3575586531975,0,At-Risk
15939,10,1,2041.08,10,2.1061364120249815,3.856155596013083,4.862891129602646,0.8490103824290516,0.15098961757094842,0,9204.726939835173,1,Champions
15941,273,1,405.0,273,0.11667422293439281,0.33778128852667005,0.6420138547047095,0.8490103824290516,0.15098961757094842,0,624.1760691441988,2,Loyal Customers
15943,285,2,271.29,313,0.1751787564832959,0.502958996073048,0.9447244919308118,0.8226554682021724,0.1773445317978276,0,631.1822170457573,2,Loyal Customers
15944,29,3,1209.48,362,0.00041467539800869613,0.0011848160805942786,0.0022100183530784526,0.0015682760923722396,0.9984317239076278,1,2.839094321846028,0,At-Risk
15945,1,4,553.01,374,9.395135270541748e-11,2.6621138669602215e-10,4.908332045491056e-10,2.82460144410887e-10,0.9999999997175398,1,3.5678361303774837e-07,0,At-Risk
15946,138,3,1206.58,269,0.1403535301283633,0.39467029345464394,0.7205593478241806,0.39799602761103103,0.602003972388969,0,924.4674971716652,2,Loyal Customers
15948,60,1,548.0,60,0.4962006894794898,1.2914076644591357,2.157709845004365,0.8490103824290516,0.15098961757094842,0,2273.870637743932,1,Champions
15950,11,6,4950.76,318,3.011348381465734e-09,8.2722486437889e-09,1.4630103873617236e-08,5.333545624598191e-09,0.9999999946664544,1,6.512775286464511e-05,0,At-Risk
15951,17,1,289.45,17,1.447398694507076,3.015370542041162,4.139504380568189,0.8490103824290516,0.15098961757094842,0,3792.2880663323367,1,Champions
15953,5,11,1544.1799999999998,372,1.1689057925227016e-20,3.121276876586438e-20,5.3174880601712106e-20,1.3684792859622922e-20,1.0,1,8.042273893368775e-17,0,At-Risk
15954,225,1,187.8,225,0.14097134670223382,0.4051845565540938,0.7626282922301314,0.8490103824290516,0.15098961757094842,0,650.471755799172,2,Loyal Customers
15955,8,9,4051.74,290,3.271650479582222e-14,8.640074265995151e-14,1.45246067440306e-13,3.654034671086613e-14,0.9999999999999635,1,5.458760567301158e-10,0,At-Risk
15956,187,2,360.05,362,0.10369473761816504,0.299431428822116,0.5668692876887658,0.5613812996563688,0.43861870034363115,0,413.9517390163614,2,Loyal Customers
15957,56,2,499.31,56,0.9134997114912992,2.2274139903558687,3.458354444900562,0.85162442782021,0.14837557217979003,0,2876.182214266959,1,Champions
15958,39,3,381.39,186,0.01750984445018307,0.04793930351428783,0.08455763734368893,0.034865853161063436,0.9651341468389366,1,54.625464270859055,0,At-Risk
15959,318,3,540.88,318,0.25617562935497606,0.7272495507397905,1.3447389558439713,0.8541495009411079,0.14585049905889214,0,1033.4736830540944,2,Loyal Customers
15960,10,4,378.45,71,0.002479149783484715,0.0057691551375329535,0.008487486949029555,0.0016006891794698456,0.9983993108205301,1,4.9914182307321235,0,At-Risk
15961,15,1,368.05,15,1.5893341066863198,3.215676772513155,4.32390075650617,0.8490103824290516,0.15098961757094842,0,4152.429483007138,1,Champions
15962,85,1,294.83,85,0.35908463500013854,0.9697733205794845,1.6887747728990403,0.8490103824290516,0.15098961757094842,0,1542.4164299974177,1,Champions
15964,299,1,272.96000000000004,299,0.10671177071896486,0.3098615798645901,0.5913596549318426,0.8490103824290516,0.15098961757094842,0,531.9419543832421,2,Loyal Customers
15965,3,10,1999.42,372,6.488057248372662e-21,1.7454938379115605e-20,3.00252554473835e-20,8.30085622187766e-21,1.0,1,5.775617700475148e-17,0,At-Risk
15966,86,1,426.53,86,0.3551592027727262,0.9602106440711874,1.6742302168152294,0.8490103824290516,0.15098961757094842,0,1650.5783208463645,1,Champions
15967,15,10,2486.32,374,3.0626704517165633e-14,8.244039022859914e-14,1.4190865436622192e-13,3.938254080635173e-14,0.9999999999999606,1,3.352013187181405e-10,0,At-Risk
15968,24,1,381.3,24,1.1029021568127397,2.4760057164967324,3.60091939565437,0.8490103824290516,0.15098961757094842,0,3476.230251839832,1,Champions
15969,61,2,350.4,158,0.16459360548276453,0.45415631916963173,0.8098398914414869,0.3992855469202988,0.6007144530797013,0,586.6406367307708,0,At-Risk
15970,234,1,331.37,234,0.13567375433738268,0.3905709363282238,0.736676430383935,0.8490103824290516,0.15098961757094842,0,686.4853331939282,2,Loyal Customers
15971,21,6,595.62,367,5.5092471018779e-08,1.5303623705935944e-07,2.746340713312886e-07,1.1191091477249089e-07,0.9999998880890852,1,0.00019420017086209696,0,At-Risk
15972,92,5,1458.22,236,0.026104456031384483,0.07067803071980647,0.12275548198427555,0.04116922786648369,0.9588307721335163,1,178.72547589584798,0,At-Risk
15973,2,2,493.72,64,0.0031707517113063457,0.007899989636835142,0.012538035839703024,0.003327284755589148,0.9966727152444108,1,10.372243205292946,0,At-Risk
15976,46,4,1231.76,187,0.009740797418481802,0.02619252566372457,0.045133640705298315,0.01508796977722258,0.9849120302227774,1,57.8091506108301,0,At-Risk
15978,68,2,1914.73,280,0.04465341198539611,0.12757346891692217,0.23802612308379362,0.18811356806233165,0.8118864319376684,1,433.42399992626656,0,At-Risk
15979,238,1,312.63,238,0.133444976204803,0.3844090768386619,0.7257011015020165,0.8490103824290516,0.15098961757094842,0,668.7650088507261,2,Loyal Customers
15980,126,4,2508.32,192,0.31352120668042566,0.8452548404391664,1.4612284356228267,0.4978430188676626,0.5021569811323374,0,3390.776962008571,1,Champions
15981,37,13,5468.83,256,7.954947918371753e-11,1.986761010460803e-10,3.1224030534723306e-10,5.658880881948368e-11,0.9999999999434112,1,1.5968193644428045e-06,0,At-Risk
15982,241,1,316.81,241,0.13182086363182566,0.37991380404285946,0.717681970789047,0.8490103824290516,0.15098961757094842,0,663.0162493831415,2,Loyal Customers
15983,1,6,2243.17,369,2.3148817487347866e-15,6.432836243641367e-15,1.1550200249360905e-14,4.726869763232921e-15,0.9999999999999952,1,2.4522342000773405e-11,0,At-Risk
15984,4,21,4867.34,374,1.3029299745002785e-40,3.2729342322434713e-40,5.171163868214501e-40,8.412259191700237e-41,1.0,1,2.3900838302503764e-36,0,At-Risk
15985,72,5,1379.87,197,0.02238677826323473,0.05949839446066873,0.10098852921887003,0.029792727971048375,0.9702072720289516,1,140.45126565669958,0,At-Risk
15986,17,1,186.3,17,1.447398694507076,3.015370542041162,4.139504380568189,0.8490103824290516,0.15098961757094842,0,3555.53175796889,1,Champions
15987,4,2,230.4,15,0.755644530851986,1.35206467099009,1.6509591412564415,0.2518699265141165,0.7481300734858836,0,1068.3169565687854,0,At-Risk
15988,187,2,591.16,292,0.1540234275181003,0.440886018379508,0.824740538511348,0.6759331797320979,0.3240668202679021,0,736.0916481677256,2,Loyal Customers
15989,11,2,348.92,373,0.0003687919349233703,0.001066090676357187,0.002021303586757807,0.0020559795426809873,0.997944020457319,1,1.4602212086647242,0,At-Risk
15990,130,5,1179.19,285,0.047217553663865534,0.1299756514454325,0.23056771604621262,0.08907934160977303,0.910920658390227,1,281.4429152143093,0,At-Risk
15991,170,1,117.1,170,0.18515239699032085,0.5253053857533035,0.9719057515594292,0.8490103824290516,0.15098961757094842,0,791.4559534300517,2,Loyal Customers
15992,32,2,851.71,89,0.2567554527935945,0.6695186185426094,1.1162156246970474,0.3634113664571652,0.6365886335428348,0,1203.2706227865378,0,At-Risk
15994,47,2,759.1600000000001,271,0.023960666619070776,0.06834913739085696,0.127260338227571,0.09778174260459072,0.9022182573954093,1,128.58887611937038,0,At-Risk
15995,50,1,638.44,50,0.5856671790483223,1.4890884698630558,2.4276739288246696,0.8490103824290516,0.15098961757094842,0,2681.039853048116,1,Champions
15996,2,2,592.42,33,0.02456767216083212,0.053967151685515115,0.07617464262047516,0.014637356023766595,0.9853626439762334,1,68.52760078860875,0,At-Risk
15998,29,11,5037.23,374,2.0317138624248532e-12,5.428335987738511e-12,9.25460434402067e-12,2.3906019926735376e-12,0.9999999999976094,1,4.33064799304623e-08,0,At-Risk
15999,371,1,20.4,371,0.08630460618609923,0.2521482388436866,0.4853313984359617,0.8490103824290516,0.15098961757094842,0,369.0968700356997,2,Loyal Customers
16001,17,1,578.14,17,1.447398694507076,3.015370542041162,4.139504380568189,0.8490103824290516,0.15098961757094842,0,4454.907345648317,1,Champions
16002,261,1,163.51,261,0.12192793188878992,0.3524381714756945,0.6684415879861427,0.8490103824290516,0.15098961757094842,0,561.11740173917,2,Loyal Customers
16003,17,5,2465.96,372,2.419948822032798e-07,6.790239763053399e-07,1.2352958967186132e-06,5.895300672766065e-07,0.9999994104699327,1,0.002842830651017577,0,At-Risk
16004,110,5,2033.14,319,0.010446251278916399,0.029005543912426088,0.05203845834327181,0.021951044517563998,0.978048955482436,1,100.86045826519666,0,At-Risk
16005,11,6,1804.36,86,3.533900062560348e-05,8.012821311166247e-05,0.00011446696086123006,1.9100019097018444e-05,0.999980899980903,1,0.20099062297756073,0,At-Risk
16006,23,1,244.87,23,1.1417088417099113,2.5408958453433734,3.669162588845515,0.8490103824290516,0.15098961757094842,0,3265.697961980083,1,Champions
16007,19,3,1342.86,179,0.002093065249656193,0.0057116269687566956,0.010032814851943852,0.004018687406152811,0.9959813125938471,1,13.939848937006357,0,At-Risk
16008,18,12,4621.01,266,5.043151307601046e-14,1.2790481939002324e-13,2.0466534274640637e-13,3.995124423357071e-14,0.99999999999996,1,8.846435168102802e-10,0,At-Risk
16010,12,8,1316.56,47,0.00036833344908287385,0.0006595603267168323,0.0007819674690846422,9.955435374922203e-05,0.9999004456462508,1,1.0403664418003395,0,At-Risk
16011,2,14,2397.55,374,4.735510122726265e-31,1.2392088674644651e-30,2.057748779621964e-30,4.452037035152023e-31,1.0,1,4.722829170126905e-27,0,At-Risk
16012,37,2,1542.4,165,0.06457701219375626,0.1787711213486178,0.3201030652062058,0.16327706173195478,0.8367229382680452,1,499.7200230312437,0,At-Risk
16013,7,39,4728.19,367,8.518820707822695e-66,1.981458323912581e-65,2.8734596235739823e-65,3.061293884159657e-66,1.0,1,1.3064567957138972e-61,0,At-Risk
16014,44,2,461.09,313,0.013432538381826916,0.03856641156075661,0.07244056444322698,0.06308042923400463,0.9369195707659954,1,58.04077214785634,0,At-Risk
16016,2,4,937.93,38,0.0001164245472892819,0.00023253749640351435,0.00030047271068289446,4.537893125660863e-05,0.9999546210687434,1,0.3154190335153804,0,At-Risk
16017,53,4,1261.35,339,0.0008045033372417916,0.002266799187715547,0.004148000102585103,0.002199213446030675,0.9978007865539693,1,5.405798160309931,0,At-Risk
16018,32,2,206.01,368,0.00404631567399361,0.011691259312376684,0.022151690390592543,0.02226149025283851,0.9777385097471615,1,13.783238001792228,0,At-Risk
16019,17,18,10788.29,361,9.198543657251107e-24,2.3364986232566058e-23,3.741245216778609e-23,6.631528757146063e-24,1.0,1,3.785553218226651e-19,0,At-Risk
16021,31,2,513.95,180,0.035360374781120335,0.09850215732637009,0.17778127380415268,0.0971738034296918,0.9028261965703082,1,149.15765704287128,0,At-Risk
16024,47,2,152.61,47,1.0637909932233385,2.5141680325047484,3.787027361078089,0.85162442782021,0.14837557217979003,0,2226.47763664515,1,Champions
16027,93,9,641.34,336,3.531546761186309e-05,9.479058509383499e-05,0.00016261166283212562,4.527630944074488e-05,0.9999547236905593,1,0.11521388227410496,0,At-Risk
16028,231,1,80.2,231,0.1373948163359163,0.39532357029409865,0.7451284242977648,0.8490103824290516,0.15098961757094842,0,591.4253676390161,2,Loyal Customers
16029,8,47,11554.71,367,1.2122196198358664e-76,2.7549431267077677e-76,3.90094261279637e-76,3.671938417988441e-77,1.0,1,4.3302890892381743e-72,0,At-Risk
16032,92,6,1949.65,159,0.18186486596309434,0.46206967663529214,0.7430791136432322,0.16863007681443207,0.8313699231855679,1,1393.7113667441954,0,At-Risk
16033,5,8,1855.98,121,7.850600348915014e-11,1.8262032656486694e-10,2.6673045195416385e-10,4.438426583070482e-11,0.9999999999556157,1,4.803337216915902e-07,0,At-Risk
16034,30,3,398.02,45,1.0970156172807408,2.4217707399251163,3.408869838981018,0.6118662024715411,0.3881337975284589,0,2258.9136751936294,1,Champions
16035,196,1,172.43,196,0.16126072664667845,0.46073382243631555,0.8602934376999265,0.8490103824290516,0.15098961757094842,0,726.6200522912872,2,Loyal Customers
16036,60,2,1698.97,256,0.045659691285055884,0.12988172321656533,0.24092070056671067,0.17630244920081217,0.8236975507991878,1,402.2843928358413,0,At-Risk
16037,180,2,529.8199999999999,284,0.15703895148425204,0.44895056831568886,0.8383936280599555,0.6707659470698526,0.3292340529301474,0,712.233567466956,2,Loyal Customers
16039,59,2,453.5,264,0.04051356486999753,0.11542027868362462,0.2145361397080986,0.1611791927553724,0.8388208072446276,1,170.78567696126842,0,At-Risk
16040,66,4,1034.75,245,0.010934627104692462,0.03012413670138908,0.053518876562550464,0.021879680712544945,0.978120319287455,1,59.92014564799466,0,At-Risk
16042,15,3,1016.61,89,0.018140720378294856,0.04560610882266434,0.07281782080032645,0.018224813136658462,0.9817751868633415,1,82.99303371376661,0,At-Risk
16043,15,4,968.4,117,0.0010152797539992495,0.002578164206157695,0.004153504345687199,0.0010189542486310425,0.9989810457513689,1,4.435999365588177,0,At-Risk
16044,71,1,337.94,71,0.4248220561590045,1.1269214196452029,1.9227023024184036,0.8490103824290516,0.15098961757094842,0,1802.5802590185697,1,Champions
16045,52,4,1650.4,134,0.0848394531215304,0.2195235693201066,0.3612946650754978,0.09637926359139096,0.9036207364086091,1,586.5905896186085,0,At-Risk
16046,198,1,206.8,198,0.1596757945409644,0.45641830606077577,0.85276120982931,0.8490103824290516,0.15098961757094842,0,736.3738274023199,2,Loyal Customers
16048,9,4,818.7900000000001,185,1.1511115296714852e-05,3.091927733369548e-05,5.320735590430385e-05,1.7650698691781205e-05,0.9999823493013082,1,0.05025367410450726,0,At-Risk
16049,11,3,721.74,152,0.0007358079472056807,0.0019773868215224536,0.0034083671551600287,0.0012106510540916369,0.9987893489459083,1,3.10024184276798,0,At-Risk
16050,19,2,160.8,37,0.8614476757163606,1.9405015688874054,2.7983469215998986,0.5636254053468398,0.4363745946531602,0,1663.3765635512411,1,Champions
16051,317,1,188.44,317,0.10075570865151522,0.2930902153964214,0.5607328316685278,0.8490103824290516,0.15098961757094842,0,478.3060504247611,2,Loyal Customers
16053,49,4,1969.88,246,0.003073908872283607,0.00847115040738807,0.015056222451628113,0.006174706439463325,0.9938252935605367,1,28.317502955887875,0,At-Risk
16054,54,3,898.49,253,0.013690118073420285,0.038347837481825256,0.06965703522657969,0.03659197389979738,0.9634080261002026,1,72.79870141815697,0,At-Risk
16057,155,3,1549.88,337,0.08961824668623335,0.2551735487455707,0.4737371123165877,0.31613366771738416,0.6838663322826158,0,733.1732020103514,2,Loyal Customers
16058,42,1,62.7,42,0.6843992514661552,1.697021765679058,2.6979342514864806,0.8490103824290516,0.15098961757094842,0,2123.6408576398794,1,Champions
16059,3,7,1697.96,205,7.426081132680306e-13,1.923265149812591e-12,3.1603916978884545e-12,7.565291979271131e-13,0.9999999999992435,1,5.23506183581907e-09,0,At-Risk
16060,36,3,467.15,130,0.057983003673260994,0.15324188211644713,0.25890321459228494,0.08242623816727573,0.9175737618327242,1,184.59981132738966,0,At-Risk
16061,67,1,44.75,67,0.4482701437171995,1.1816438777248677,2.001973333236756,0.8490103824290516,0.15098961757094842,0,1553.588094281449,1,Champions
16062,15,4,1632.08,172,0.00013780424216609875,0.00036734174452960207,0.0006262807184061086,0.00019734453169882173,0.9998026554683012,1,1.0066302473626256,0,At-Risk
16064,361,1,110.1,361,0.08865944947356304,0.258844114550551,0.4977251785304045,0.8490103824290516,0.15098961757094842,0,403.0779448922325,2,Loyal Customers
16065,1,8,1959.33,99,8.145988077467395e-15,1.8108371670409882e-14,2.5319530216929083e-14,3.887171295878925e-15,0.9999999999999961,1,4.798097608769235e-11,0,At-Risk
16067,198,3,2924.64,311,0.17537814998291024,0.4972863761160316,0.9180551630053913,0.5722605562011256,0.4277394437988744,0,2395.7223613811443,2,Loyal Customers
16068,229,1,119.48,229,0.13856665647477887,0.3985567887763258,0.7508717318885929,0.8490103824290516,0.15098961757094842,0,612.213453186496,2,Loyal Customers
16069,53,1,438.5,53,0.5556123728422472,1.4236968362259754,2.33982339789676,0.8490103824290516,0.15098961757094842,0,2325.3986253811086,1,Champions
16071,163,3,747.11,291,0.15305078688219848,0.4323811446219335,0.7943032087337472,0.4682607316023868,0.5317392683976132,0,737.055416503218,2,Loyal Customers
16072,64,3,3405.52,185,0.07830746027805364,0.21429601095980552,0.3777681909696911,0.15513028314198526,0.8448697168580147,1,1127.2289067301854,0,At-Risk
16074,26,1,222.35,26,1.032707500007532,2.3557168280528478,3.4717633488883806,0.8490103824290516,0.15098961757094842,0,3044.9475107176763,1,Champions
16075,138,2,689.83,200,0.23413699136744592,0.6567774219732202,1.1960571684251227,0.7120160389375472,0.28798396106245283,0,1150.916621859642,2,Loyal Customers
16077,261,1,429.15,261,0.12192793188878992,0.3524381714756945,0.6684415879861427,0.8490103824290516,0.15098961757094842,0,658.7762923345826,2,Loyal Customers
16078,305,1,282.53000000000003,305,0.1046496862161627,0.3040618263591696,0.5807854805198482,0.8490103824290516,0.15098961757094842,0,525.4776778176058,2,Loyal Customers
16080,21,2,381.6,86,0.1413212386856744,0.366949110138101,0.6088645573938817,0.1938179193459486,0.8061820806540514,1,455.13815524495783,0,At-Risk
16081,2,4,1566.13,310,2.3916919083245747e-09,6.701538306566562e-09,1.2172529451172537e-08,5.9973629366185385e-09,0.9999999940026371,1,1.8884547889749822e-05,0,At-Risk
16082,306,1,96.85,306,0.10431372881510635,0.30311624549658206,0.5790597883818861,0.8490103824290516,0.15098961757094842,0,464.7886945114763,2,Loyal Customers
16083,18,2,846.6,24,1.6182849454815518,3.2916662068192903,4.3746441973579016,0.7514461736147918,0.24855382638520818,0,4729.629010936397,1,Champions
16085,16,7,1259.55,324,1.5245358854500377e-09,4.153058671711022e-09,7.263963324602587e-09,2.3836720650155927e-09,0.999999997616328,1,9.231996875255636e-06,0,At-Risk
16086,3,6,1679.89,373,5.052055099797843e-13,1.4050113891708712e-12,2.5253067140548495e-12,1.0423343865902435e-12,0.9999999999989576,1,4.138875860555612e-09,0,At-Risk
16087,25,5,634.68,325,4.114993686100505e-06,1.1441325347639935e-05,2.056323124071078e-05,8.802927313716821e-06,0.9999911970726862,1,0.015681553596911677,0,At-Risk
16088,211,2,571.9200000000001,227,0.2413523989323268,0.6821471969517061,1.2545907036002717,0.8294018572258485,0.17059814277415153,0,1103.200042142881,2,Loyal Customers
16089,22,2,251.64,145,0.03375373645909107,0.09249723272237924,0.1635299152453858,0.07545625552988015,0.9245437444701199,1,107.14108839176318,0,At-Risk
16090,260,1,179.66,260,0.12238717870512605,0.3537172109540277,0.6707424981388375,0.8490103824290516,0.15098961757094842,0,569.0088085467646,2,Loyal Customers
16092,140,3,727.03,215,0.2582611596152599,0.715276168263088,1.2802784555071662,0.5904502640372558,0.40954973596274424,0,1168.7986561298983,2,Loyal Customers
16094,11,7,2255.53,238,1.3696384245156017e-09,3.6139680987780395e-09,6.073384309821733e-09,1.6021813932759867e-09,0.9999999983978186,1,1.3017194190401685e-05,0,At-Risk
16095,92,1,447.05,92,0.3332982021066714,0.9065770667361568,1.5919767735814851,0.8490103824290516,0.15098961757094842,0,1587.2340653735714,1,Champions
16096,52,3,930.45,281,0.007871395410061249,0.02219227914938141,0.040658179750277364,0.023281732899797184,0.9767182671002028,1,43.487927088508265,0,At-Risk
16098,9,8,1657.55,360,3.421858697521895e-13,9.325753250016428e-13,1.6316538307550829e-12,5.22402532118957e-13,0.9999999999994776,1,2.6387739249157827e-09,0,At-Risk
16099,53,4,806.98,282,0.002102714233531057,0.00585426077492399,0.010544258559596849,0.004813819416132791,0.9951861805838672,1,9.847551580015066,0,At-Risk
16100,98,1,580.64,98,0.3139726671476822,0.8586226035888869,1.5174430167145458,0.8490103824290516,0.15098961757094842,0,1624.366448734838,1,Champions
16101,70,3,1863.31,197,0.07929659824754695,0.2181341797394102,0.3870701578813765,0.1667705307953068,0.8332294692046932,1,693.39990049803,0,At-Risk
16103,25,16,4395.95,336,5.49107395677938e-18,1.397316556611081e-17,2.242843356998073e-17,4.133695486276977e-18,1.0,1,9.313120704127683e-14,0,At-Risk
16104,54,8,2382.18,369,5.403090355355749e-07,1.4757740604693247e-06,2.589404658025644e-06,8.444471141908839e-07,0.9999991555528858,1,0.005847433603452496,0,At-Risk
16105,74,4,1842.4,240,0.01947052761353461,0.05355105764633029,0.09493680471929698,0.03820087262446793,0.9617991273755321,1,168.7136952180112,0,At-Risk
16108,70,3,1352.17,267,0.02449515469343466,0.06884810884820575,0.12562145357204763,0.06896167025458108,0.9310383297454189,1,175.301119000005,0,At-Risk
16109,334,1,224.01,334,0.0957104652956743,0.2788366947606326,0.5345854826779995,0.8490103824290516,0.15098961757094842,0,466.4388253558451,2,Loyal Customers
16110,158,1,435.55,158,0.19874241884145308,0.5616367579966214,1.0338210018719527,0.8490103824290516,0.15098961757094842,0,1023.146678268974,2,Loyal Customers
16111,64,1,536.98,64,0.46762869042445254,1.2263107817086956,2.065867788512742,0.8490103824290516,0.15098961757094842,0,2164.109601129193,1,Champions
16115,33,4,890.61,210,0.0013240399886515956,0.003600003113082032,0.006289707143670205,0.002288179851433565,0.9977118201485664,1,6.306364756489804,0,At-Risk
16117,38,2,405.84,227,0.026555487386094104,0.07505519466243096,0.13803992730774367,0.09125730945703056,0.9087426905429694,1,105.29789683599668,0,At-Risk
16118,288,1,1743.03,288,0.11071123684405683,0.3210900002047095,0.6117806618143302,0.8490103824290516,0.15098961757094842,0,1044.9226757686577,2,Loyal Customers
16119,30,6,983.59,359,5.82824405818075e-07,1.6163485729312478e-06,2.894444675617956e-06,1.1591496134206018e-06,0.9999988408503866,1,0.003012011114663264,0,At-Risk
16120,58,2,1234.82,58,0.8856886558115374,2.172279787847372,3.3926151787299994,0.85162442782021,0.14837557217979003,0,4578.464451939224,1,Champions
16121,26,3,597.93,201,0.0035023351229066003,0.00964992286749364,0.017158384465583366,0.0075083699739385374,0.9924916300260614,1,13.95442491124045,0,At-Risk
16122,2,3,314.4,61,0.0002093964790937255,0.0004931869612225066,0.0007366166926715429,0.00015079049382609068,0.999849209506174,1,0.43949680675670827,0,At-Risk
16124,54,3,1422.69,368,0.0028695202566064505,0.008205094695716637,0.01532078567351958,0.01102753077761317,0.9889724692223868,1,22.203573943939162,0,At-Risk
16125,3,14,4163.87,361,1.0907275898011565e-28,2.841413764209308e-28,4.69228465993738e-28,9.923669744935928e-29,1.0,1,1.8396376736859515e-24,0,At-Risk
16126,15,11,6985.08,373,1.4509625906025301e-15,3.875564854381974e-15,6.604927430708406e-15,1.7029790834784817e-15,0.9999999999999983,1,4.2572528994590647e-11,0,At-Risk
16127,362,1,138.91,362,0.088418198097437,0.25815856504837054,0.4964573800708087,0.8490103824290516,0.15098961757094842,0,409.9146724045962,2,Loyal Customers
16128,16,6,1619.23,147,7.544406227060094e-06,1.894145534797568e-05,3.005346137442046e-05,6.515247751297619e-06,0.9999934847522487,1,0.04782757903897776,0,At-Risk
16129,43,3,1224.51,143,0.06742052725740626,0.18005177958006902,0.30800477012107436,0.10475715255432293,0.8952428474456771,1,400.0052390882015,0,At-Risk
16130,58,4,866.23,253,0.005400307882669248,0.014915098186259444,0.026584813349693464,0.01114248165748914,0.9888575183425109,1,26.115934455695477,0,At-Risk
16131,11,6,5484.32,373,9.511262631995175e-10,2.6451477783532626e-09,4.754274232812211e-09,1.9623531227155605e-09,0.9999999980376468,1,2.333693264583267e-05,0,At-Risk
16132,180,2,528.8,263,0.1786448114164935,0.5088512601938681,0.9455844862801164,0.708104081211808,0.291895918788192,0,802.7003498622596,2,Loyal Customers
16133,12,23,5320.3,254,6.01170048275153e-30,1.3864841000368067e-29,1.9959386034441076e-29,2.539313666787134e-30,1.0,1,1.0117142688135002e-25,0,At-Risk
16134,59,3,1414.96,176,0.07529867982638183,0.2051721530417404,0.35972773510737255,0.14227545774890007,0.8577245422511,1,519.8888143183956,0,At-Risk
16135,219,1,294.5,219,0.14473906033293427,0.4155501795640359,0.7809704997805555,0.8490103824290516,0.15098961757094842,0,711.9759933132599,2,Loyal Customers
16136,299,1,162.03,299,0.10671177071896486,0.3098615798645901,0.5913596549318426,0.8490103824290516,0.15098961757094842,0,495.86743861386526,2,Loyal Customers
16137,316,1,422.7,316,0.1010691039553404,0.2939741799742076,0.5623508254318035,0.8490103824290516,0.15098961757094842,0,552.1285133450101,2,Loyal Customers
16138,14,3,582.11,226,0.0002962812903807316,0.000823573419433245,0.0014810727761702652,0.0007105322174195012,0.9992894677825805,1,1.1861117666502479,0,At-Risk
16139,358,2,459.5700000000001,372,0.15111989405551662,0.4368099973169601,0.8280797959416775,0.8402654242635539,0.15973457573644612,0,662.46524061206,2,Loyal Customers
16140,7,2,725.71,77,0.021797860496500197,0.055787744693797194,0.09110287721451697,0.02702263249881712,0.9729773675011829,1,90.18132158677679,0,At-Risk
16141,53,1,287.39,53,0.5556123728422472,1.4236968362259754,2.33982339789676,0.8490103824290516,0.15098961757094842,0,2130.3195105478844,1,Champions
16143,5,7,2311.04,365,1.8345838648636522e-13,5.049002679387077e-13,8.948753938261801e-13,3.212907958553075e-13,0.9999999999996787,1,1.9591008397431364e-09,0,At-Risk
16145,24,8,2756.21,220,8.323739177316029e-08,2.146783960638133e-07,3.508516508651416e-07,8.017491207519477e-08,0.999999919825088,1,0.0009098851560960387,0,At-Risk
16146,84,1,212.25,84,0.36309782352951797,0.9795285793482343,1.703574899712572,0.8490103824290516,0.15098961757094842,0,1478.4616892323666,1,Champions
16147,36,4,1947.67,308,0.00025896300753520913,0.0007253113723985816,0.0013167062201752398,0.0006453338767424601,0.9993546661232575,1,2.4515137245417886,0,At-Risk
16148,72,1,287.35,72,0.4193384543962077,1.114024686789838,1.90385862712098,0.8490103824290516,0.15098961757094842,0,1731.753010040721,1,Champions
16149,65,1,120.61,65,0.46099265386719185,1.2110507232230185,2.0441198103572096,0.8490103824290516,0.15098961757094842,0,1671.9359347130053,1,Champions
16150,8,6,2153.82,358,1.8975812524481715e-10,5.261474729365024e-10,9.419305712589794e-10,3.7639261206391476e-10,0.9999999996236074,1,1.9276115236160326e-06,0,At-Risk
16153,56,6,2659.24,198,0.002043426588250194,0.005348115489939994,0.008904358226722114,0.002317530606511177,0.9976824693934888,1,22.12668264965906,0,At-Risk
16155,17,5,728.95,175,2.624413531820401e-05,6.879710966416482e-05,0.00011484829872592047,3.128084944477493e-05,0.9999687191505552,1,0.09684496605012528,0,At-Risk
16156,18,11,2854.3,373,1.0743320736951906e-14,2.8695733809507665e-14,4.890467493233272e-14,1.2609319234434764e-14,0.9999999999999873,1,1.3205576771236787e-10,0,At-Risk
16158,158,9,538.34,370,0.0017651913120831908,0.0047835314378956145,0.008306709587253944,0.002478610733996721,0.9975213892660033,1,5.119398975266394,0,At-Risk
16159,106,3,857.77,372,0.022720463086825286,0.06499902754304504,0.12145028121533276,0.08823919657684258,0.9117608034231575,1,123.03399902683051,0,At-Risk
16161,4,25,7091.56,305,6.605243869706459e-46,1.5653951851744126e-45,2.3173903176992448e-45,3.0318451565361936e-46,1.0,1,1.5631748701059748e-41,0,At-Risk
16163,1,5,1640.33,373,4.600743503942545e-13,1.2911630791959965e-12,2.349449785347572e-12,1.1237054857355964e-12,0.9999999999988763,1,3.776745937341094e-09,0,At-Risk
16165,141,1,15.0,141,0.22180653325925534,0.6226477024145489,1.1363978674666304,0.8490103824290516,0.15098961757094842,0,861.8099401686827,2,Loyal Customers
16166,64,2,421.88,327,0.025369042929241303,0.07296921598985506,0.1373988961993045,0.1243374116924514,0.8756625883075486,1,106.30304373357589,0,At-Risk
16167,50,5,1145.52,374,6.345955865060888e-05,0.000178124597622459,0.00032419601111998797,0.00015539724809275244,0.9998446027519072,1,0.3863380593356323,0,At-Risk
16168,5,40,5281.66,372,3.4236109313114004e-73,7.96182580172766e-73,1.1543381483450645e-72,1.2161875595339767e-73,1.0,1,5.860071876744704e-69,0,At-Risk
16170,31,14,4771.01,295,1.216703603955215e-13,3.080781363272792e-13,4.917959298807074e-13,9.19766294050663e-14,0.9999999999999081,1,2.2046378103413376e-09,0,At-Risk
16172,109,3,721.96,149,0.4201957729231381,1.1269502749631979,1.9377484327464172,0.6785401447411317,0.32145985525886833,0,1762.9984196262537,1,Champions
16174,127,4,1169.65,239,0.14693990368639784,0.4040011907419808,0.715912634891606,0.28714859304993506,0.7128514069500649,0,880.2039312577166,0,At-Risk
16175,107,3,787.25,199,0.20516511687158895,0.5648386837005933,1.0033154706736338,0.4356621314905951,0.5643378685094049,0,962.8061334000914,0,At-Risk
16176,57,4,1938.99,256,0.00472267891815305,0.01305541840480923,0.023297488323356458,0.009854752234682386,0.9901452477653176,1,43.227958818654,0,At-Risk
16177,72,7,1820.51,283,0.00022464640294030878,0.0006040873661239268,0.0010393036909997946,0.000309068617775696,0.9996909313822243,1,1.8310825655632625,0,At-Risk
16178,37,1,382.75,37,0.7650146626461872,1.8593872357234449,2.899825922316683,0.8490103824290516,0.15098961757094842,0,2796.4130765584673,1,Champions
16180,114,5,3754.39,170,0.3678237633057527,0.9607828915922915,1.597102703038116,0.4268054088239395,0.5731945911760605,0,5415.659740032143,1,Champions
16182,74,5,938.91,276,0.003262327462277967,0.008956636020260856,0.015834599271040622,0.005969168164917604,0.9940308318350823,1,16.130646853042013,0,At-Risk
16183,30,3,691.25,43,1.2023718057986654,2.62630801102807,3.663214334247086,0.6462532137980604,0.35374678620193956,0,3263.5172142049732,1,Champions
16185,200,1,111.86,200,0.15812171482603543,0.45218290259638527,0.8453598357261295,0.8490103824290516,0.15098961757094842,0,685.8189937252641,2,Loyal Customers
16186,8,15,4895.21,366,8.091343554381328e-25,2.097754398374212e-24,3.443542029172543e-24,6.993668484862079e-25,1.0,1,1.5853654835806598e-20,0,At-Risk
16188,44,1,103.35,44,0.6567201471810661,1.6397651810860014,2.624860182582912,0.8490103824290516,0.15098961757094842,0,2124.674747716911,1,Champions
16190,30,7,2232.93,361,5.542787345854074e-08,1.5240707273927658e-07,2.6980586128036364e-07,9.605549283145207e-08,0.9999999039445072,1,0.0005722729187311347,0,At-Risk
16191,11,11,5055.23,364,6.649604792462704e-17,1.7714032479273052e-16,3.0088095102067956e-16,7.627794000342473e-17,0.9999999999999999,1,1.4129887317115455e-12,0,At-Risk
16192,371,1,325.89,371,0.08630460618609923,0.2521482388436866,0.4853313984359617,0.8490103824290516,0.15098961757094842,0,450.6161745044419,2,Loyal Customers
16193,46,1,308.53000000000003,46,0.6311938485938098,1.586254503197243,2.5556533045571,0.8490103824290516,0.15098961757094842,0,2357.779417307059,1,Champions
16194,11,1,263.25,11,1.977449732652053,3.7084734174816703,4.745091359348486,0.8490103824290516,0.15098961757094842,0,4288.30692466137,1,Champions
16195,359,1,323.25,359,0.08914592350164455,0.2602261958089932,0.5002803063488692,0.8490103824290516,0.15098961757094842,0,463.7808045507295,2,Loyal Customers
16196,124,1,93.3,124,0.25092711684004204,0.6985377558020033,1.2616095371112315,0.8490103824290516,0.15098961757094842,0,1011.3676544714941,2,Loyal Customers
16197,105,9,1825.21,359,5.5102010846751674e-05,0.00014888809342081908,0.000257585692365853,7.519513557590872e-05,0.9999248048644241,1,0.4549625617861043,0,At-Risk
16198,73,1,621.36,73,0.4139946420335804,1.1014201672914525,1.885381779834209,0.8490103824290516,0.15098961757094842,0,2062.000383986364,1,Champions
16199,28,7,621.0,267,4.0246494436044127e-07,1.0757172513171382e-06,1.8367297677103286e-06,5.24228531211357e-07,0.9999994757714687,1,0.0013100567836732506,0,At-Risk
16200,18,10,4343.8,373,1.9566011513754877e-13,5.265314396293237e-13,9.060314424154842e-13,2.5096290367586955e-13,0.9999999999997491,1,3.6559259071704906e-09,0,At-Risk
16201,51,1,237.25,51,0.5752938924454016,1.466632543165519,2.397663878110847,0.8490103824290516,0.15098961757094842,0,2116.922902114523,1,Champions
16202,53,8,1916.43,373,4.19616383497788e-07,1.1472048064354474e-06,2.015364662985942e-06,6.625744969402113e-07,0.9999993374255031,1,0.003720599385105248,0,At-Risk
16203,8,3,494.5,140,0.00038415842401708637,0.0010236183414652365,0.0017463199308148168,0.0005851777693767553,0.9994148222306233,1,1.2818101379779745,0,At-Risk
16204,16,2,511.04,367,0.000884770916614624,0.002556168415651519,0.00484256875388454,0.004854757726876707,0.9951452422731233,1,4.048882920194997,0,At-Risk
16205,32,3,852.16,178,0.011266818249225138,0.03073019035606212,0.05394629319254543,0.021517682646274114,0.9784823173537259,1,54.488940074705695,0,At-Risk
16206,23,9,1940.9,320,1.5612483269125643e-10,4.169011313899608e-10,7.105593035919017e-10,1.9118997128449086e-10,0.99999999980881,1,1.3289366746849383e-06,0,At-Risk
16208,30,8,2552.19,289,4.1742809676958056e-08,1.1131021981676725e-07,1.8943674164472799e-07,5.1796903425918615e-08,0.9999999482030966,1,0.0004565954423176792,0,At-Risk
16209,18,4,853.42,182,0.00021939279946483312,0.0005883152874261156,0.0010103264540301902,0.00033127971368078463,0.9996687202863193,1,0.9827863525795272,0,At-Risk
16210,4,18,6380.33,373,6.816428680547162e-35,1.7398545036136976e-34,2.8019441534656286e-34,5.063106790161688e-35,1.0,1,1.684566291434438e-30,0,At-Risk
16211,57,2,277.32,74,0.6362952865468477,1.6195828547702669,2.6291644547199606,0.7608616932644279,0.23913830673557213,0,1773.481953011657,1,Champions
16212,254,2,583.49,306,0.17195382854174004,0.4932248664683697,0.9252274578667445,0.7898808886911112,0.21011911130888883,0,820.7529280051483,2,Loyal Customers
16214,71,1,865.5,71,0.4248220561590045,1.1269214196452029,1.9227023024184036,0.8490103824290516,0.15098961757094842,0,2361.7390015245846,1,Champions
16218,9,7,1327.52,197,1.590694168678662e-09,4.0976581461230995e-09,6.690943549448986e-09,1.562281697077091e-09,0.9999999984377183,1,8.915340381429507e-06,0,At-Risk
16219,136,1,22.95,136,0.2296449417794496,0.6431992435934523,1.1705635560817018,0.8490103824290516,0.15098961757094842,0,892.896795780351,2,Loyal Customers
16221,3,7,1265.96,122,5.1107803012023345e-11,1.2162843008588356e-10,1.8199886930468012e-10,3.2668562234836174e-11,0.9999999999673315,1,2.332124442217422e-07,0,At-Risk
16222,357,1,486.05,357,0.08963776560096937,0.2616231166183881,0.5028618115011542,0.8490103824290516,0.15098961757094842,0,511.1891649688382,2,Loyal Customers
16223,10,2,1024.47,31,0.5618841798094318,1.216730064830788,1.697262083406197,0.31834558176216904,0.681654418237831,0,2045.4842728366928,1,Champions
16224,23,1,271.05,23,1.1417088417099113,2.5408958453433734,3.669162588845515,0.8490103824290516,0.15098961757094842,0,3318.8788648068953,1,Champions
16225,38,10,1735.89,306,3.408897900043632e-09,8.975006304080485e-09,1.5026797259658262e-08,3.6321247747141127e-09,0.9999999963678752,1,2.5354367423802993e-05,0,At-Risk
16226,14,2,414.15,49,0.31159263915770263,0.7421305918848893,1.1260991686065867,0.25856621474885305,0.741433785251147,0,869.5080868904403,0,At-Risk
16227,130,2,702.25,171,0.28857245993362124,0.8009604465112825,1.4389471233072375,0.7549875720523851,0.2450124279476149,0,1397.5890641017218,2,Loyal Customers
16228,21,3,766.94,36,1.0877166876704338,2.274072491835241,3.0600480336484717,0.5075180258986415,0.4924819741013585,0,2909.505145067345,1,Champions
16229,17,4,1826.96,200,0.00010579286861980997,0.00028634433527696657,0.0004974483838420658,0.0001745847228243868,0.9998254152771756,1,0.8781659771420932,0,At-Risk
16231,15,4,1070.13,233,2.8341302939139816e-05,7.77594705214059e-05,0.0001374251743391244,5.40590091019857e-05,0.9999459409908981,1,0.15783819847493724,0,At-Risk
16232,56,3,1478.14,186,0.052548389869373824,0.14386953683695924,0.2537639729588136,0.10463510685366167,0.8953648931463383,1,379.0927188825804,0,At-Risk
16233,2,7,1188.53,373,4.498595515805627e-16,1.2402335418765853e-15,2.203194954998299e-15,8.043214207707779e-16,0.9999999999999992,1,2.662448975700253e-12,0,At-Risk
16234,112,3,327.38,197,0.22862077806713554,0.6289047323237865,1.115965660786045,0.4808177065814006,0.5191822934185994,0,674.2456083936796,2,Loyal Customers
16235,11,4,1073.95,106,0.0004692832822994438,0.0011740248922238697,0.00186045360057015,0.0004307880464008585,0.9995692119535992,1,2.148073551157919,0,At-Risk
16237,73,1,134.85,73,0.4139946420335804,1.1014201672914525,1.885381779834209,0.8490103824290516,0.15098961757094842,0,1556.3975968953337,1,Champions
16238,58,1,63.66,58,0.5118376748878953,1.3266231055824886,2.206773825523037,0.8490103824290516,0.15098961757094842,0,1736.2746324077248,1,Champions
16239,18,4,830.9,99,0.00511766695608193,0.01266332346031638,0.019830662157045736,0.004418993510651794,0.9955810064893482,1,18.968244933371984,0,At-Risk
16241,5,4,1593.59,46,0.0013782932595871537,0.002899106183234479,0.0038995898930369193,0.0006224843557842523,0.9993775156442157,1,6.184602730437043,0,At-Risk
16242,17,7,3777.85,270,1.0464559699321297e-08,2.800310189969986e-08,4.788463349169781e-08,1.3774286790106975e-08,0.9999999862257132,1,0.00016633087236466273,0,At-Risk
16244,8,1,1054.83,8,2.4215182764993903,4.189503128122878,5.115473883143818,0.8490103824290516,0.15098961757094842,0,6885.841084977568,1,Champions
16246,95,2,805.35,305,0.06313201157060831,0.1810595856762046,0.3395797874608171,0.2890762435437998,0.7109237564562002,0,354.07342132581954,0,At-Risk
16250,9,2,398.34,22,1.021342272855757,2.0310041071666656,2.655608629810521,0.4444637206636895,0.5555362793363106,0,2029.9132038097491,1,Champions
16251,148,1,126.96,148,0.21169076655253954,0.5959883313290045,1.091788942348196,0.8490103824290516,0.15098961757094842,0,895.1920868993438,2,Loyal Customers
16252,18,1,288.64,18,1.38554773057497,2.9243146507784505,4.052993553670138,0.8490103824290516,0.15098961757094842,0,3710.1046218714164,1,Champions
16253,56,5,3258.58,367,0.0001291515027945823,0.00036207778312778103,0.0006579374369563812,0.0003105500798512557,0.9996894499201487,1,1.9524257492955859,0,At-Risk
16254,14,3,962.2,268,0.00014406652867000953,0.0004050185433418315,0.0007392288419244376,0.0004070590344260521,0.9995929409655739,1,0.8088724001540972,0,At-Risk
16255,1,8,2153.44,320,1.7729425370573118e-19,4.778186452677536e-19,8.241321886727916e-19,2.421195866820729e-19,1.0,1,1.6949416178131582e-15,0,At-Risk
16256,129,2,432.8,233,0.17023768941518627,0.4818513117917796,0.8879126332172167,0.5999781672548269,0.4000218327451731,0,694.0735684147785,2,Loyal Customers
16258,23,10,5763.6,275,6.984308238650735e-11,1.8143551973493165e-10,2.988598533144171e-10,6.740091744072836e-11,0.9999999999325991,1,1.5897142566161468e-06,0,At-Risk
16259,46,3,357.89,241,0.01010324288856288,0.02820972449314032,0.05102644417299021,0.025771167922839563,0.9742288320771605,1,32.01926761073723,0,At-Risk
16261,22,2,312.62,78,0.19900645871043093,0.5102119316838206,0.8347780378760236,0.249620469807574,0.750379530192426,0,583.7151226196563,0,At-Risk
16262,14,1,735.5500000000001,14,1.6713069656713468,3.326174249726184,4.422257861047852,0.8490103824290516,0.15098961757094842,0,5150.538332085441,1,Champions
16263,59,1,336.61,59,0.5038978630062442,1.3087781411818866,2.18196512092429,0.8490103824290516,0.15098961757094842,0,2045.1499966743063,1,Champions
16264,74,2,789.55,82,0.6244305108571847,1.6115412958922826,2.655949906432888,0.8198154786167292,0.1801845213832708,0,2747.7582019245137,1,Champions
16265,22,3,1211.07,43,0.7483588207844353,1.6346198045155989,2.2799925499224742,0.4022294024807255,0.5977705975192745,0,2952.967406885418,1,Champions
16266,59,7,780.91,309,2.5898729855187905e-05,7.024425286810775e-05,0.00012217572534519276,3.871475373314704e-05,0.9999612852462668,1,0.10418272224737352,0,At-Risk
16267,227,1,153.24,227,0.13975865831155793,0.4018433405746317,0.756704321369574,0.8490103824290516,0.15098961757094842,0,631.0273011245706,2,Loyal Customers
16269,73,1,700.08,73,0.4139946420335804,1.1014201672914525,1.885381779834209,0.8490103824290516,0.15098961757094842,0,2143.809702191141,1,Champions
16271,106,4,1997.05,278,0.03946719747922405,0.10977116183842126,0.1974495028320213,0.08912319504643716,0.9108768049535628,1,375.6290606795687,0,At-Risk
16273,284,2,270.09000000000003,292,0.19219966081871373,0.5501639884120647,1.0291606563988214,0.8434699186612816,0.15653008133871837,0,686.787213602417,2,Loyal Customers
16274,9,1,282.9,9,2.25280513154797,4.015998776348188,4.986262030350628,0.8490103824290516,0.15098961757094842,0,4565.833887797914,1,Champions
16275,110,2,1496.32,277,0.09922690627713715,0.28334524995997923,0.5283049710639726,0.41365789442527534,0.5863421055747247,0,806.964373193052,0,At-Risk
16276,115,2,671.39,243,0.1395743823964116,0.39595770317130563,0.731834644268511,0.5123526191768732,0.48764738082312675,0,694.5265910301426,2,Loyal Customers
16277,369,1,145.44,369,0.08676551395554341,0.2534595538151165,0.4877605147990712,0.8490103824290516,0.15098961757094842,0,404.4794463966138,2,Loyal Customers
16278,116,2,478.96,135,0.3842556921981577,1.0465833332035768,1.8364262748090265,0.802725142930511,0.197274857069489,0,1496.5744973290155,1,Champions
16279,21,6,4091.28,232,1.5072093885797203e-06,4.0179082521330655e-06,6.840986083181595e-06,1.9813588266347734e-06,0.9999980186411733,1,0.025420189614398563,0,At-Risk
16280,361,1,232.25,361,0.08865944947356304,0.258844114550551,0.4977251785304045,0.8490103824290516,0.15098961757094842,0,436.5064408858665,2,Loyal Customers
16281,59,2,971.31,318,0.02344409255512998,0.06735538809970193,0.12663021500881563,0.11181251077914817,0.8881874892208519,1,146.76630734086245,0,At-Risk
16282,123,2,818.58,354,0.06462786328830819,0.18646588361022004,0.35260408807308713,0.34230875312470527,0.6576912468752947,0,370.86256538260676,0,At-Risk
16283,54,3,2812.96,285,0.00836538350421431,0.023604536684488232,0.043293208117395815,0.025083296029559488,0.9749167039704405,1,109.2572639098484,0,At-Risk
16284,29,1,205.8,29,0.9427232635514526,2.195773242217596,3.294510429580775,0.8490103824290516,0.15098961757094842,0,2857.897364927089,1,Champions
16285,282,1,176.9,282,0.11302176210684446,0.32756454756638415,0.6235255306747763,0.8490103824290516,0.15098961757094842,0,527.9657969655592,2,Loyal Customers
16286,113,2,325.15000000000003,259,0.11939249580090874,0.3398182226102668,0.6308311784502053,0.4662476721178395,0.5337523278821605,0,445.40263485357997,2,Loyal Customers
16287,12,4,666.03,325,1.9756416004497316e-06,5.552367711207643e-06,1.0125442282465108e-05,5.185075032547298e-06,0.9999948149249674,1,0.008292827229135552,0,At-Risk
16288,106,1,107.0,106,0.2914415965449339,0.8020602928562117,1.4283025566315426,0.8490103824290516,0.15098961757094842,0,1156.1240197220181,2,Loyal Customers
16289,98,1,136.31,98,0.3139726671476822,0.8586226035888869,1.5174430167145458,0.8490103824290516,0.15098961757094842,0,1252.981529575526,1,Champions
16290,100,4,1776.85,201,0.14085975140107246,0.3814382262215687,0.6630400264273172,0.23355156082552322,0.7664484391744768,0,1143.41811115168,0,At-Risk
16292,16,4,814.58,240,3.175660504813621e-05,8.73422549886292e-05,0.00015484277939684655,6.230596563732053e-05,0.9999376940343627,1,0.14561937783071113,0,At-Risk
16293,3,6,2296.76,364,6.027487663646152e-13,1.673314289255415e-12,3.0004969450502952e-12,1.2147790452451749e-12,0.9999999999987852,1,6.5087667496422475e-09,0,At-Risk
16294,112,1,126.05,112,0.2765572273288377,0.7643018188841247,1.3680417534513263,0.8490103824290516,0.15098961757094842,0,1121.5738042632115,2,Loyal Customers
16296,262,4,1285.37,357,0.21381939343011766,0.6042871197996248,1.110272031348098,0.6145033673991076,0.3854966326008924,0,1468.5084030042208,2,Loyal Customers
16298,33,4,420.65,78,0.1927212378287894,0.45696422284401944,0.6847545407613203,0.13492115885578185,0.8650788411442182,1,426.1159407379343,0,At-Risk
16299,113,1,193.65,113,0.27422307554846775,0.7583519048040864,1.3584900716445014,0.8490103824290516,0.15098961757094842,0,1164.2919226799847,2,Loyal Customers
16300,66,3,1373.33,311,0.01097318086180099,0.031114556435693656,0.057441507655030054,0.03580559256601626,0.9641944074339838,1,81.07683084736558,0,At-Risk
16301,372,1,107.33,372,0.08607598374816994,0.2514976568564044,0.48412589324400473,0.8490103824290516,0.15098961757094842,0,391.31876978421707,2,Loyal Customers
16303,28,4,2528.44,267,0.00018946506800674847,0.0005254212800842862,0.0009414839734385636,0.00041159808636714954,0.9995884019136329,1,2.1983960343365965,0,At-Risk
16304,330,1,373.12,330,0.0968515819375331,0.28206428468913236,0.5405159063109581,0.8490103824290516,0.15098961757094842,0,515.9356927615454,2,Loyal Customers
16306,3,2,515.85,70,0.005206300530934639,0.01314713345677873,0.021162237682342697,0.005920634275340445,0.9940793657246596,1,17.830155472490574,0,At-Risk
16307,65,3,1158.8,213,0.047927814150330886,0.13264716424123218,0.23721247208482993,0.10859985839629836,0.8914001416037016,1,295.7164379990864,0,At-Risk
16308,42,3,25.92,360,0.0014015647704565938,0.0040035286468781,0.007465071659052182,0.005272106952471257,0.9947278930475287,1,2.7678241572446485,0,At-Risk
16310,50,2,444.33,278,0.025151612021393495,0.07183331173628252,0.13396575338314198,0.10522062342011089,0.8947793765798892,1,105.77698764575231,0,At-Risk
16312,68,1,165.9,68,0.44216870259997293,1.1674703104561752,1.9815471503690194,0.8490103824290516,0.15098961757094842,0,1670.0243581439215,1,Champions
16314,25,3,1361.95,108,0.04028388938211975,0.10407865044888681,0.1712853945548318,0.048252749140438915,0.9517472508595611,1,240.8774219426176,0,At-Risk
16315,172,1,168.99,172,0.1830660593861391,0.5197024129997161,0.9623011407206947,0.8490103824290516,0.15098961757094842,0,811.0983173817261,2,Loyal Customers
16316,16,5,2466.1,129,0.00012637280335898497,0.00031764703222729695,0.0005052112672384719,0.0001139374380322611,0.9998860625619678,1,1.166318421587217,0,At-Risk
16317,186,2,780.3100000000001,220,0.23898412835126137,0.6742462090541782,1.2371421477279643,0.796761408760892,0.20323859123910804,0,1268.8003781837544,2,Loyal Customers
16320,89,4,4311.46,317,0.010092561395758598,0.02831993476764529,0.051537559985362996,0.025858598035526002,0.974141401964474,1,195.06328395087763,0,At-Risk
16321,262,2,230.9,374,0.1285992607454194,0.3717857908175522,0.7049976751651695,0.7188120844034892,0.2811879155965108,0,450.96045332329675,2,Loyal Customers
16323,213,1,129.95999999999998,213,0.14871370817483867,0.42646020226228365,0.8002174068456186,0.8490103824290516,0.15098961757094842,0,657.1142786923775,2,Loyal Customers
16325,60,9,2684.46,371,2.257604375950906e-07,6.11950296198019e-07,1.063015481767736e-06,3.178145741534564e-07,0.9999996821854259,1,0.002693496925959411,0,At-Risk
16326,19,10,1544.38,316,2.1569919023665718e-12,5.7006313043123806e-12,9.589471395942045e-12,2.3681428288161485e-12,0.9999999999976319,1,1.4523392533213766e-08,0,At-Risk
16327,5,11,6381.4800000000005,361,1.6858317799602572e-20,4.4868156728625806e-20,7.612313265246157e-20,1.9188873390704815e-20,1.0,1,4.490432430240837e-16,0,At-Risk
16328,199,1,310.83,199,0.15889495471564857,0.4542907303242104,0.8490443802638372,0.8490103824290516,0.15098961757094842,0,781.7528282775736,2,Loyal Customers
16329,63,4,1518.67,374,0.0010003652202668157,0.0028345372878739246,0.005226241588267412,0.0030075490819825093,0.9969924509180175,1,7.903715019596794,0,At-Risk
16330,60,4,378.52,298,0.002662490362120119,0.007440934085201421,0.013469112713629917,0.006427376748022801,0.9935726232519771,1,7.882139108755902,0,At-Risk
16331,68,6,1173.0,278,0.0005957842779464784,0.001617420121141818,0.0028174508564339155,0.0009286952482692056,0.9990713047517308,1,3.3926290495537863,0,At-Risk
16332,67,4,388.15,225,0.0179707482155964,0.049160569572238424,0.0865555148905911,0.033157468021882824,0.9668425319781172,1,51.36156403910981,0,At-Risk
16334,128,1,266.95,128,0.2434078698343568,0.6790625120109121,1.2297246311968242,0.8490103824290516,0.15098961757094842,0,1103.309979973572,2,Loyal Customers
16335,187,7,2595.8,371,0.023505564296626515,0.0647754559768477,0.11500463447636457,0.04181121212653211,0.9581887878734678,1,280.37515593723344,0,At-Risk
16336,56,4,2727.74,267,0.003524196151824083,0.00977324038061502,0.01751232684263493,0.0076560413343403026,0.9923439586656597,1,43.73234979253616,0,At-Risk
16340,75,2,956.74,187,0.14724837972895916,0.41124895649422527,0.7447146803509014,0.4197494570228883,0.5802505429771116,0,856.2007220757414,0,At-Risk
16341,73,3,1640.16,245,0.03901714002971183,0.10906188660057892,0.1975587139245708,0.10111211222261682,0.8988878877773832,1,319.6884828736722,0,At-Risk
16343,43,1,274.12,43,0.6702739205654435,1.6679010256723819,2.6608938258561783,0.8490103824290516,0.15098961757094842,0,2404.918833940139,1,Champions
16344,145,3,740.42,304,0.10729761079212323,0.30386730800612033,0.5600478851356206,0.3424709137595388,0.6575290862404612,0,516.7539814390758,2,Loyal Customers
16345,119,1,621.33,119,0.26100576360964267,0.7245120938026921,1.3038728044604624,0.8490103824290516,0.15098961757094842,0,1424.4055759442044,1,Champions
16346,21,1,220.17,21,1.2281487424271247,2.681486799703919,3.813684702852179,0.8490103824290516,0.15098961757094842,0,3343.6725600812742,1,Champions
16347,24,9,2485.36,273,1.1617473497090643e-09,3.045840734813126e-09,5.074904118179278e-09,1.226626324824127e-09,0.9999999987733736,1,1.1967561952396862e-05,0,At-Risk
16348,66,1,293.91,66,0.4545423694114992,1.196166328744852,2.0228263693129556,0.8490103824290516,0.15098961757094842,0,1847.731147197739,1,Champions
16350,10,5,1095.25,64,0.0008360379180440718,0.001828847266699889,0.002534172649935901,0.0004114190805986854,0.9995885809194013,1,2.9328884003457527,0,At-Risk
16351,47,12,3060.71,371,6.850852205347739e-11,1.8156436680680123e-10,3.063612731368647e-10,7.377945059918781e-11,0.9999999999262206,1,8.866909945266748e-07,0,At-Risk
16353,5,16,2640.2,368,1.4402663321141363e-29,3.7132066588474205e-29,6.053505678943134e-29,1.1784732709116919e-29,1.0,1,1.5281945795411407e-25,0,At-Risk
16354,15,3,693.17,227,0.0003620612116534567,0.0010067390297683586,0.001811207403442482,0.0008719671755977058,0.9991280328244023,1,1.6059241084274982,0,At-Risk
16355,11,1,393.6,11,1.977449732652053,3.7084734174816703,4.745091359348486,0.8490103824290516,0.15098961757094842,0,4632.078432125247,1,Champions
16356,12,3,204.1,187,0.0004046068739218458,0.0011082537450490257,0.0019559055518383775,0.000809775246045194,0.9991902247539548,1,0.9954592125358568,0,At-Risk
16357,17,1,209.49,17,1.447398694507076,3.015370542041162,4.139504380568189,0.8490103824290516,0.15098961757094842,0,3608.758891182156,1,Champions
16358,30,1,870.5500000000001,30,0.9161179766487617,2.1471934053186486,3.2393842631163787,0.8490103824290516,0.15098961757094842,0,4000.3667964242586,1,Champions
16359,12,7,790.6800000000001,297,4.09772497613158e-10,1.1072054399977276e-09,1.916489155184926e-09,5.900328134132978e-10,0.9999999994099672,1,1.6507896491407925e-06,0,At-Risk
16362,73,1,207.27,73,0.4139946420335804,1.1014201672914525,1.885381779834209,0.8490103824290516,0.15098961757094842,0,1631.6596754571974,1,Champions
16365,3,7,1536.9299999999998,364,6.6891751353499226e-15,1.8405328637890595e-14,3.2611726279278076e-14,1.1684122197017759e-14,0.9999999999999883,1,4.933879002931525e-11,0,At-Risk
16366,218,3,1147.58,359,0.14233809958744958,0.40653133602664787,0.757892360999528,0.5339687471533419,0.46603125284665814,0,937.4107652585315,2,Loyal Customers
16367,19,1,556.02,19,1.328774869330653,2.8386123780580657,3.969984316419223,0.8490103824290516,0.15098961757094842,0,4221.339457321101,1,Champions
16368,71,1,141.78,71,0.4248220561590045,1.1269214196452029,1.9227023024184036,0.8490103824290516,0.15098961757094842,0,1594.6710564065825,1,Champions
16369,72,4,1074.5,247,0.01503651479158092,0.04145131332165281,0.07370414353379202,0.030321752715281137,0.9696782472847189,1,84.90298217591108,0,At-Risk
16371,84,1,150.0,84,0.36309782352951797,0.9795285793482343,1.703574899712572,0.8490103824290516,0.15098961757094842,0,1420.0281507335874,1,Champions
16372,45,3,953.78,243,0.009106576387214791,0.025441036759936763,0.04605183029395458,0.023414196651712148,0.9765858033482878,1,50.099730405224435,0,At-Risk
16373,18,2,308.49,47,0.500387749548042,1.1826184765474463,1.7813481320657143,0.40058849305149824,0.5994115069485018,0,1243.040938231391,0,At-Risk
16374,38,3,1174.17,224,0.007471627765594222,0.020755646448041044,0.03729510279192891,0.017766181216149486,0.9822338187838505,1,46.931380187597014,0,At-Risk
16375,106,2,104.0,106,0.5116890487827219,1.361264101166315,2.322261869868143,0.85162442782021,0.14837557217979003,0,1281.764247986689,1,Champions
16377,253,1,71.00999999999999,253,0.12570139884396522,0.36293724556065293,0.6873035965795703,0.8490103824290516,0.15098961757094842,0,542.0019374697822,2,Loyal Customers
16381,31,2,248.55,54,0.6888046870761375,1.66914333625422,2.57565199479023,0.6219862289644819,0.37801377103551814,0,1687.4018161067802,1,Champions
16382,44,2,279.59,186,0.06349147747917402,0.17726124314777292,0.3208472049969028,0.18006028831781523,0.8199397116821847,1,216.39822262753103,0,At-Risk
16383,32,5,2193.43,309,2.031418144912969e-05,5.6272270379395135e-05,0.00010064523934906388,4.140367961377681e-05,0.9999585963203862,1,0.20864475632719423,0,At-Risk
16384,65,2,746.62,226,0.07421856853485212,0.20971564666065196,0.3855778837040406,0.25396332725103093,0.7460366727489691,0,386.3137769703364,0,At-Risk
16385,2,3,468.37,267,4.3296418771421636e-07,1.216924975416174e-06,2.220422417657912e-06,1.2189322304297628e-06,0.9999987810677695,1,0.0015825683310483106,0,At-Risk
16386,23,1,745.35,23,1.1417088417099113,2.5408958453433734,3.669162588845515,0.8490103824290516,0.15098961757094842,0,4282.351065370574,1,Champions
16387,31,4,744.35,274,0.0002540558743994803,0.000705877403548176,0.0012679615473356043,0.0005657777460735212,0.9994342222539265,1,1.119624247250924,0,At-Risk
16388,289,1,186.05,289,0.11033530274190713,0.3200357142260731,0.6098660842671451,0.8490103824290516,0.15098961757094842,0,519.4569813745431,2,Loyal Customers
16390,172,3,418.9,315,0.13545498604551962,0.3843463727124489,0.7102054715737313,0.44750387915379675,0.5524961208462033,0,478.91797055138113,2,Loyal Customers
16391,36,4,1067.11,197,0.002661890128306024,0.007194415853349138,0.012475948663224387,0.004330554462166601,0.9956694455378334,1,14.304473966727182,0,At-Risk
16392,49,2,526.71,197,0.06580402361280187,0.18440996124886533,0.33541159150971445,0.197220209733039,0.802779790266961,1,284.3656520071517,0,At-Risk
16393,5,11,2506.74,374,1.0948813340381829e-20,2.925305505751279e-20,4.987264071764285e-20,1.288284510580065e-20,1.0,1,1.1895236698392319e-16,0,At-Risk
16395,29,9,1990.59,369,3.0202342048712174e-10,8.18248933599924e-10,1.4204374999870682e-09,4.2300441746617914e-10,0.9999999995769956,1,2.7185608638820744e-06,0,At-Risk
16396,112,1,137.8,112,0.2765572273288377,0.7643018188841247,1.3680417534513263,0.8490103824290516,0.15098961757094842,0,1130.4254146525568,2,Loyal Customers
16397,264,1,107.63,264,0.12057064100147505,0.34865596556166795,0.6616326560376026,0.8490103824290516,0.15098961757094842,0,535.0614312494575,2,Loyal Customers
16399,25,1,217.41,25,1.0666498486559604,2.4143585455321217,3.5351634737843702,0.8490103824290516,0.15098961757094842,0,3091.4575433839377,1,Champions
16400,31,8,2581.7,367,6.042148228338588e-09,1.6495307794224885e-08,2.8924800729099132e-08,9.394601400134838e-09,0.9999999906053986,1,7.04250624057272e-05,0,At-Risk
16401,15,11,2109.44,191,5.006192918763513e-12,1.2144407473456313e-11,1.8491739190597323e-11,3.18633797007785e-12,0.9999999999968137,1,3.754738207764007e-08,0,At-Risk
16402,5,1,201.65,5,3.124224385165734,4.810316561525754,5.539975039477771,0.8490103824290516,0.15098961757094842,0,4837.740904679159,1,Champions
16406,86,2,367.31,289,0.061774788026647966,0.17674557811456573,0.33041964133463403,0.26838480439000256,0.7316151956099974,0,243.03133906742497,0,At-Risk
16407,25,4,648.97,68,0.1283369018598089,0.2959781441224726,0.4317074064418053,0.07986981438935192,0.9201301856106481,1,349.46991144895776,0,At-Risk
16408,227,1,231.93,227,0.13975865831155793,0.4018433405746317,0.756704321369574,0.8490103824290516,0.15098961757094842,0,663.781306123023,2,Loyal Customers
16409,16,7,3454.59,362,6.128167210464963e-10,1.685411904195815e-09,2.984564163984635e-09,1.0648067182428939e-09,0.9999999989351933,1,9.516053387619644e-06,0,At-Risk
16410,370,1,75.96000000000001,370,0.08653444633691233,0.2528021957195356,0.4865429238800981,0.8490103824290516,0.15098961757094842,0,384.88206044532166,2,Loyal Customers
16411,5,3,692.64,64,0.0023707833327859073,0.005635508270559267,0.008492999051764543,0.001779479056596429,0.9982205209434035,1,7.558959618570321,0,At-Risk
16412,29,4,480.82,309,0.00010231498776070409,0.0002866272983089329,0.0005204790626608331,0.00025576568855512397,0.9997442343114449,1,0.3478850987373095,0,At-Risk
16413,11,1,261.08,11,1.977449732652053,3.7084734174816703,4.745091359348486,0.8490103824290516,0.15098961757094842,0,4282.583992776472,1,Champions
16414,67,3,422.11,330,0.00900422047233227,0.02561092873497655,0.04747933422651983,0.03112159266930263,0.9688784073306974,1,32.13258846375828,0,At-Risk
16415,219,2,502.21,312,0.15374865822208675,0.4413710654292634,0.8288894100855254,0.7197658379497495,0.28023416205025053,0,688.0277944420147,2,Loyal Customers
16416,26,6,1698.8,290,1.12445244641252e-06,3.064448372902098e-06,5.364475436096117e-06,1.8244089127529822e-06,0.9999981755910873,1,0.008884475473436364,0,At-Risk
16417,128,1,35.7,128,0.2434078698343568,0.6790625120109121,1.2297246311968242,0.8490103824290516,0.15098961757094842,0,946.7556224782643,2,Loyal Customers
16418,44,2,393.21,58,0.7849506102290257,1.9252051314765872,3.0067398259451408,0.7547608405245995,0.24523915947540054,0,2275.5391904749727,1,Champions
16419,213,2,440.69,304,0.15751607089511788,0.45168447101033815,0.8469772219317611,0.7189459152775515,0.2810540847224485,0,666.5204503108046,2,Loyal Customers
16420,32,1,44.34,32,0.8671752801207654,2.056228284374122,3.1344959520926903,0.8490103824290516,0.15098961757094842,0,2438.1546238472847,1,Champions
16421,12,3,458.32,105,0.004546577536824183,0.011702861543175852,0.01917852388136981,0.005307271791941812,0.9946927282080582,1,13.553122522024221,0,At-Risk
16422,5,58,11705.78,332,4.395016412823451e-103,9.483661756963456e-103,1.277781071478309e-102,1.0107597018710557e-103,1.0,1,1.4426932524068962e-98,0,At-Risk
16424,18,1,277.25,18,1.38554773057497,2.9243146507784505,4.052993553670138,0.8490103824290516,0.15098961757094842,0,3684.5155901426656,1,Champions
16428,49,3,646.57,133,0.12718745744710433,0.3370053170043602,0.5711074224940366,0.18468533768144493,0.8153146623185551,1,486.4615649373495,0,At-Risk
16430,17,5,752.44,317,6.557500299692088e-07,1.8199466839361567e-06,3.263165797619191e-06,1.3696644060685555e-06,0.9999986303355939,1,0.0028116496340950727,0,At-Risk
16433,44,1,200.26,44,0.6567201471810661,1.6397651810860014,2.624860182582912,0.8490103824290516,0.15098961757094842,0,2265.1145704585624,1,Champions
16434,82,5,1078.43,327,0.001949056754790599,0.005421539937768418,0.009749656558127689,0.004194108378139113,0.9958058916218608,1,11.071650440799438,0,At-Risk
16435,148,3,838.95,150,0.5222198412570256,1.401526579711138,2.411858768928506,0.8486026545984179,0.15139734540158212,0,2412.563959825244,1,Champions
16436,304,3,328.34,369,0.19633386177079518,0.5614664063359915,1.0485649122519904,0.7565063272058272,0.24349367279417278,0,633.6101871871051,2,Loyal Customers
16437,17,2,301.25,65,0.2073696508216626,0.5178989943646074,0.8239944731502062,0.22064273179498278,0.7793572682050172,0,569.9755578339478,0,At-Risk
16439,358,1,300.90000000000003,358,0.08939116800436163,0.2609227863710301,0.5015677362884462,0.8490103824290516,0.15098961757094842,0,458.8115428640464,2,Loyal Customers
16440,129,1,216.3,129,0.24159795229633566,0.6743622922379073,1.2220040223371336,0.8490103824290516,0.15098961757094842,0,1062.2939128941775,2,Loyal Customers
16441,53,3,629.98,263,0.011002180775227811,0.030894663329733167,0.05630118794782447,0.030526875230722852,0.9694731247692772,1,47.15783480729022,0,At-Risk
16442,240,2,270.68,362,0.127978024127161,0.36955243344493605,0.6996190264149993,0.6928458585479288,0.3071541414520712,0,467.0494973449713,2,Loyal Customers
16443,156,1,45.63,156,0.2012037920142508,0.5681864645471544,1.0449162887959311,0.8490103824290516,0.15098961757094842,0,809.9193991504503,2,Loyal Customers
16444,26,13,2886.66,261,5.972213196374e-13,1.4962491869311976e-12,2.3599447344157965e-12,4.3232461535416323e-13,0.9999999999995677,1,6.477042460217456e-09,0,At-Risk
16445,22,3,371.77,47,0.5799086750863219,1.2929854786992134,1.8358610920402167,0.3352074105048037,0.6647925894951963,0,1178.7784616541849,0,At-Risk
16447,226,2,502.43,296,0.17014441938090782,0.4873273814107504,0.9123656494653394,0.756648560329126,0.24335143967087403,0,757.5073004933639,2,Loyal Customers
16448,107,1,178.98000000000002,107,0.28885058504382943,0.79551006935384,1.4178923992272572,0.8490103824290516,0.15098961757094842,0,1203.8810837501046,1,Champions
16450,220,2,1053.47,292,0.17113906450393518,0.48987885774368195,0.9163886721240306,0.7510453046691704,0.2489546953308296,0,1115.0237043901925,2,Loyal Customers
16451,197,2,743.73,371,0.10399183414322052,0.3005579005991515,0.5697045608423187,0.5766981472795598,0.4233018527204402,0,569.2761956695153,2,Loyal Customers
16452,266,2,332.17,329,0.15815615030000602,0.4550179277187667,0.8570738241356436,0.7797795382674845,0.22022046173251553,0,609.1794357484983,2,Loyal Customers
16453,166,2,241.56,184,0.2920206503826418,0.8146955063020297,1.4732378148691212,0.8196095020494623,0.18039049795053774,0,954.3348830860937,2,Loyal Customers
16454,242,2,24.05,247,0.2267538974006931,0.6438295816717241,1.1913280247987363,0.8456577349099949,0.15434226509000515,0,589.5612405968235,2,Loyal Customers
16455,7,6,2292.75,255,9.952299724308367e-10,2.6793761194268035e-09,4.618352596976642e-09,1.429823607621334e-09,0.9999999985701764,1,1.0011096982877791e-05,0,At-Risk
16456,9,9,4305.65,256,3.2931907490695114e-13,8.563994969786218e-13,1.4129158057514367e-12,3.276137675203836e-13,0.9999999999996724,1,5.633401707848729e-09,0,At-Risk
16458,11,12,2220.8,198,6.974045408639562e-15,1.682443364146675e-14,2.5453831501334812e-14,4.240080325956862e-15,0.9999999999999958,1,5.4322965004426966e-11,0,At-Risk
16459,365,1,69.18,365,0.08770225789322296,0.2561235347066736,0.492692453694038,0.8490103824290516,0.15098961757094842,0,387.9138475320402,2,Loyal Customers
16461,226,2,1362.28,282,0.18301202956966953,0.5230329281979463,0.9763086126740341,0.7763446019270608,0.22365539807293922,0,1399.4497348806358,2,Loyal Customers
16465,56,2,728.21,80,0.5603756909980884,1.4415531385442018,2.3673328528959443,0.7193077749923695,0.28069222500763047,0,2347.2320196652076,1,Champions
16466,19,8,1924.23,278,1.4587019320977648e-09,3.873062237625455e-09,6.5563923515581836e-09,1.7454625444765346e-09,0.9999999982545374,1,1.2159286928808572e-05,0,At-Risk
16467,144,7,788.9399999999999,373,0.0035023838951583988,0.009655844736523086,0.017152985862296147,0.006262048634381424,0.9937379513656186,1,14.74034285118288,0,At-Risk
16468,106,2,712.62,117,0.44979371214846453,1.208821019356672,2.087107416125742,0.8210663057944855,0.17893369420551453,0,2044.109255893511,1,Champions
16469,150,1,173.69,150,0.20896784940941912,0.5887857760007172,1.0796804364401318,0.8490103824290516,0.15098961757094842,0,913.0134341882607,2,Loyal Customers
16470,32,7,1661.26,364,8.227165749335177e-08,2.2637124355541355e-07,4.0109889790998145e-07,1.4370562588853883e-07,0.9999998562943742,1,0.0006503991837240582,0,At-Risk
16471,29,3,923.13,288,0.001092089929787828,0.003083410778658522,0.005659871360625954,0.0033079269604761505,0.9966920730395239,1,6.021544376920649,0,At-Risk
16472,70,2,645.0,233,0.07746892199934464,0.21927284032527133,0.4040564387430012,0.27302803509636725,0.7269719649036328,0,376.0014021989315,0,At-Risk
16473,10,1,154.72,10,2.1061364120249815,3.856155596013083,4.862891129602646,0.8490103824290516,0.15098961757094842,0,4103.618774079064,1,Champions
16476,67,1,335.85,67,0.4482701437171995,1.1816438777248677,2.001973333236756,0.8490103824290516,0.15098961757094842,0,1874.8965862760128,1,Champions
16477,7,5,1805.62,120,3.010071811936145e-06,7.479675472521788e-06,1.1746753649432631e-05,2.5429804000037673e-06,0.9999974570196,1,0.02058468582170412,0,At-Risk
16481,318,1,416.06,318,0.10044425091835885,0.2922115515064853,0.5591241251616619,0.8490103824290516,0.15098961757094842,0,546.9160654198481,2,Loyal Customers
16485,68,4,1829.89,369,0.0014826989049616908,0.004198124318459415,0.007732650409881908,0.004399873497601993,0.995600126502398,1,13.6518496177719,0,At-Risk
16486,173,1,134.36,173,0.18204042450992486,0.51694552441084,0.9575697414456136,0.8490103824290516,0.15098961757094842,0,788.8568132391068,2,Loyal Customers
16487,213,2,195.7,295,0.1652667658779025,0.4732857012168534,0.8858966273419857,0.7325365421927401,0.2674634578072599,0,544.9553168936447,2,Loyal Customers
16489,16,2,225.7,72,0.1407330481860606,0.3568287987313111,0.5768585341750053,0.16416321108218934,0.8358367889178107,1,368.2014693605256,0,At-Risk
16490,72,1,205.41000000000005,72,0.4193384543962077,1.114024686789838,1.90385862712098,0.8490103824290516,0.15098961757094842,0,1645.7595815857676,1,Champions
16491,49,1,796.24,49,0.5964215799032441,1.51224424088893,2.4584475512021395,0.8490103824290516,0.15098961757094842,0,2929.313597926795,1,Champions
16492,176,1,381.96,176,0.179031336738736,0.5088476574108715,0.9436509072939454,0.8490103824290516,0.15098961757094842,0,905.9354228199584,2,Loyal Customers
16493,80,3,598.11,259,0.04104180988310176,0.11513627416299729,0.20955298103027178,0.11220511164754604,0.887794888352454,1,170.36678354735182,0,At-Risk
16496,67,3,687.84,145,0.20381408592898717,0.5450932560935262,0.9340964724780493,0.32083006088909516,0.6791699391109048,0,825.2685630186076,0,At-Risk
16497,49,17,3450.64,372,6.781325537739684e-15,1.740363418060187e-14,2.8213958626668018e-14,5.297885214948156e-15,0.9999999999999947,1,9.253350279351602e-11,0,At-Risk
16499,10,6,2103.3,182,9.440517450402207e-08,2.444287707232538e-07,4.017789033627217e-07,9.905373013154937e-08,0.9999999009462699,1,0.0008063371674299573,0,At-Risk
16500,10,3,428.4,179,0.0002740957012763455,0.0007479615839436483,0.001313839319185578,0.000526264024965684,0.9994737359750343,1,0.8965890139536536,0,At-Risk
16501,19,1,1149.43,19,1.328774869330653,2.8386123780580657,3.969984316419223,0.8490103824290516,0.15098961757094842,0,5526.839016348178,1,Champions
16502,256,2,210.5,256,0.22055795958224278,0.6273903097773912,1.1637612222645397,0.85162442782021,0.14837557217979003,0,728.0994851206857,2,Loyal Customers
16503,31,7,2108.33,172,3.052471095668873e-05,7.710481338281763e-05,0.0001230781208427934,2.648825220804353e-05,0.9999735117477919,1,0.24825343894643773,0,At-Risk
16507,208,1,150.31,208,0.15219657729727018,0.4359993892699787,0.816996923631379,0.8490103824290516,0.15098961757094842,0,680.0584593477317,2,Loyal Customers
16508,266,1,235.85,266,0.1196824450879713,0.3461792799183616,0.6571699502617174,0.8490103824290516,0.15098961757094842,0,577.7911131623855,2,Loyal Customers
16510,8,6,1720.9,327,3.650604750015515e-10,1.0051216172954721e-09,1.7829159344583914e-09,6.640212807347269e-10,0.9999999993359787,1,2.9858224047767942e-06,0,At-Risk
16511,33,3,820.07,284,0.0017554715765054456,0.00495238576245816,0.009080720724724496,0.005245855719265029,0.9947541442807349,1,8.938332491678572,0,At-Risk
16515,15,5,1549.37,176,1.3324451669822684e-05,3.495330057059244e-05,5.839851673350731e-05,1.5965768617269027e-05,0.9999840342313827,1,0.08958252169464398,0,At-Risk
16518,57,2,448.3,192,0.09170844844661806,0.25657861733793713,0.4656734487993043,0.2681420232440307,0.7318579767559693,0,369.19585345605236,0,At-Risk
16519,1,3,318.18,284,5.9278528850788783e-08,1.672314984925653e-07,3.0663656003937974e-07,1.7714135265041272e-07,0.9999998228586473,1,0.00018295426750680055,0,At-Risk
16520,1,4,1397.45,283,4.0438909602318513e-10,1.1261581187692424e-09,2.029014544233447e-09,9.289344731141913e-10,0.9999999990710655,1,2.8698657942574337e-06,0,At-Risk
16521,51,3,1052.83,284,0.007080450926898751,0.019974760532414853,0.03662582654871302,0.02115843086664295,0.9788415691333571,1,42.636446591587344,0,At-Risk
16522,71,2,386.86,86,0.5746569066490186,1.4921312782899265,2.475836090698374,0.7881250335784256,0.21187496642157444,0,1859.893893736393,1,Champions
16523,51,7,2212.11,320,6.7884683995357514e-06,1.8471932517120342e-05,3.226181077433365e-05,1.0489693280359357e-05,0.9999895103067197,1,0.06786246093524242,0,At-Risk
16524,82,2,295.09000000000003,327,0.04064080711351274,0.11689553447244048,0.22011086715491207,0.19918657474310417,0.8008134252568958,1,150.72501551702226,0,At-Risk
16525,2,23,7311.23,373,1.9488234389178744e-50,4.844125542987493e-50,7.55977949987878e-50,1.1540849117781106e-50,1.0,1,5.238876263633428e-46,0,At-Risk
16526,220,1,350.45,220,0.14409718375468955,0.41378589422077494,0.7778523970396838,0.8490103824290516,0.15098961757094842,0,733.0700382270124,2,Loyal Customers
16527,60,1,1009.17,60,0.4962006894794898,1.2914076644591357,2.157709845004365,0.8490103824290516,0.15098961757094842,0,2822.6748316216886,1,Champions
16529,113,3,1477.15,166,0.3497202341878777,0.9478590056500031,1.6509434099260871,0.6252128741149965,0.3747871258850035,0,2465.7369463379114,1,Champions
16530,304,1,45.9,304,0.10498781463814588,0.30501332589915553,0.5825214931680577,0.8490103824290516,0.15098961757094842,0,451.2488031421814,2,Loyal Customers
16531,17,4,986.4,77,0.014565981901134348,0.0344511303980566,0.05149601142983237,0.010084147229699652,0.9899158527703004,1,55.86199316498414,0,At-Risk
16532,67,2,204.39,256,0.05580576544325877,0.15874283809628326,0.2944558696710203,0.21547874832856587,0.7845212516714342,0,182.96230536380355,0,At-Risk
16534,278,1,534.6,278,0.11461644724145457,0.33202796952293595,0.6316093373149331,0.8490103824290516,0.15098961757094842,0,659.0676824461459,2,Loyal Customers
16535,21,1,367.54,21,1.2281487424271247,2.681486799703919,3.813684702852179,0.8490103824290516,0.15098961757094842,0,3654.9640191128387,1,Champions
16537,277,1,10.55,277,0.11502217486955624,0.333162898490252,0.6336631619320732,0.8490103824290516,0.15098961757094842,0,478.58765135000993,2,Loyal Customers
16538,177,3,359.07,231,0.2900620929571018,0.8075362110081652,1.4551530797115946,0.7103733003410301,0.2896266996589699,0,914.5149424953543,2,Loyal Customers
16539,9,7,2102.6,168,5.842031061868359e-09,1.4703581412173838e-08,2.337437802294148e-08,4.9626227633651005e-09,0.9999999950373772,1,4.703451761853629e-05,0,At-Risk
16540,50,1,226.7,50,0.5856671790483223,1.4890884698630558,2.4276739288246696,0.8490103824290516,0.15098961757094842,0,2129.4290752221,1,Champions
16541,371,1,388.0,371,0.08630460618609923,0.2521482388436866,0.4853313984359617,0.8490103824290516,0.15098961757094842,0,467.19008527256386,2,Loyal Customers
16542,37,1,137.7,37,0.7650146626461872,1.8593872357234449,2.899825922316683,0.8490103824290516,0.15098961757094842,0,2403.8312923916233,1,Champions
16543,227,1,279.4,227,0.13975865831155793,0.4018433405746317,0.756704321369574,0.8490103824290516,0.15098961757094842,0,683.5402668203993,2,Loyal Customers
16544,155,4,314.75,298,0.11125602446730375,0.31093023149332816,0.5628264255676867,0.2685772669498746,0.7314227330501254,0,300.1629064653041,0,At-Risk
16545,11,1,242.82,11,1.977449732652053,3.7084734174816703,4.745091359348486,0.8490103824290516,0.15098961757094842,0,4234.426971477734,1,Champions
16546,8,4,2807.84,78,0.0006183185418864104,0.001466104385517612,0.00219693705770911,0.0004328752510786832,0.9995671247489213,1,5.6537698051162195,0,At-Risk
16547,182,1,107.19,182,0.17330205894076497,0.49339012545858735,0.9169939284293535,0.8490103824290516,0.15098961757094842,0,741.6686408702146,2,Loyal Customers
16548,235,1,24.9,235,0.1351096090304919,0.38901202241449306,0.7339015737211474,0.8490103824290516,0.15098961757094842,0,560.1797917958289,2,Loyal Customers
16549,33,24,8897.9,257,6.1344382377449205e-21,1.4094630789755893e-20,2.0210132912002295e-20,2.5195935334963702e-21,1.0,1,1.70769288489809e-16,0,At-Risk
16550,4,14,6924.88,373,2.534637968676972e-27,6.6305170592689e-27,1.1005648918032717e-26,2.377000277573257e-27,1.0,1,7.109722990035759e-23,0,At-Risk
16551,59,4,1024.03,362,0.0008986790634729394,0.0025418091666969214,0.004675088740788286,0.0026177723516664785,0.9973822276483335,1,5.189605522894233,0,At-Risk
16552,9,1,84.79,9,2.25280513154797,4.015998776348188,4.986262030350628,0.8490103824290516,0.15098961757094842,0,4016.188445234286,1,Champions
16553,32,21,6245.16,302,3.515261792297749e-20,8.508267894398423e-20,1.289111833374593e-19,1.8741290716653032e-20,1.0,1,7.630792583377917e-16,0,At-Risk
16554,22,5,1903.57,360,1.1223410565883068e-06,3.1425589948187314e-06,5.7008642864769475e-06,2.649086233098237e-06,0.9999973509137668,1,0.01042594995920837,0,At-Risk
16555,141,4,1244.86,141,0.7194934317491403,1.873952563605808,3.1077661924593207,0.8565900682038211,0.1434099317961789,0,4017.2836666654093,1,Champions
16556,11,10,4178.54,368,1.6855797019096075e-15,4.529742549972114e-15,7.780950530811306e-15,2.134683518322003e-15,0.9999999999999979,1,3.023993698641068e-11,0,At-Risk
16558,2,19,5206.61,372,8.913045466352314e-42,2.261273971941642e-41,3.615263857216452e-41,6.281867009499474e-42,1.0,1,1.7811535112022043e-37,0,At-Risk
16559,33,1,183.85,33,0.8446154414767705,2.0135846796796857,3.084563520714559,0.8490103824290516,0.15098961757094842,0,2636.8535345463897,1,Champions
16560,33,6,2065.84,367,8.964874763986051e-07,2.4902689500370945e-06,4.468959206003645e-06,1.8210606950567112e-06,0.999998178939305,1,0.00880708907602808,0,At-Risk
16562,112,1,223.86,112,0.2765572273288377,0.7643018188841247,1.3680417534513263,0.8490103824290516,0.15098961757094842,0,1195.2568691297558,2,Loyal Customers
16563,36,5,2314.48,374,1.1419420241200147e-05,3.205316391726943e-05,5.8338421669190385e-05,2.796342297410776e-05,0.9999720365770259,1,0.12682872499261766,0,At-Risk
16564,205,1,87.8,205,0.15436572310487623,0.441930576967019,0.8274069684048081,0.8490103824290516,0.15098961757094842,0,660.2820662977114,2,Loyal Customers
16565,42,3,368.05,191,0.019790940633126475,0.05430494531182606,0.09605416278003415,0.04041471848304242,0.9595852815169575,1,61.058037720587265,0,At-Risk
16568,63,2,392.4,277,0.0399446730582506,0.11406314876580478,0.21267386171709415,0.16652166202413515,0.8334783379758648,1,160.17786532632238,0,At-Risk
16569,267,4,908.62,359,0.21729405379455358,0.6143021109413237,1.129155633799847,0.6278769063330036,0.37212309366699636,0,1147.4423105758115,2,Loyal Customers
16570,15,10,2729.61,255,2.2267718483371263e-12,5.72585050811966e-12,9.317222918789307e-12,2.0046314540962143e-12,0.9999999999979954,1,2.4081354716177768e-08,0,At-Risk
16571,31,7,2714.66,267,8.348371801926007e-07,2.231371376210735e-06,3.8099474787494507e-06,1.087412642779266e-06,0.9999989125873572,1,0.009692542830124221,0,At-Risk
16574,59,2,849.4399999999999,294,0.029604121960514387,0.0847665223890921,0.1586335471661884,0.13078516153964603,0.869214838460354,1,170.31705430173508,0,At-Risk
16576,56,2,530.37,157,0.14817117557807644,0.40864169814155055,0.7282298140581496,0.3572764963018313,0.6427235036981687,0,619.5448661166579,0,At-Risk
16577,302,1,374.0,302,0.10567066927091165,0.30693430471760225,0.5860248526977717,0.8490103824290516,0.15098961757094842,0,559.700151269835,2,Loyal Customers
16578,262,1,156.6,262,0.12147211881643924,0.35116835005302677,0.6661564179127905,0.8490103824290516,0.15098961757094842,0,556.6653509116967,2,Loyal Customers
16579,61,1,262.2,61,0.48873519626480666,1.2744929727439,2.1339896465010155,0.8490103824290516,0.15098961757094842,0,1912.406790090986,1,Champions
16583,9,2,297.95,309,0.00043917290487223936,0.0012602306286167819,0.002365376846925641,0.002036666212192255,0.9979633337878078,1,1.6245872973491666,0,At-Risk
16584,68,3,1494.03,297,0.014554343654301761,0.041164733268734585,0.07573818708928802,0.04541771762281169,0.9545822823771883,1,113.97029705712222,0,At-Risk
16585,229,2,341.59,331,0.14377284670115947,0.4137374943433745,0.7795772185189153,0.713075149884426,0.286924850115574,0,559.2433921580752,2,Loyal Customers
16586,80,2,841.2,271,0.06492249266415766,0.1851950298965222,0.3448175506286524,0.2649439837321722,0.7350560162678278,0,368.25985091839186,0,At-Risk
16588,22,4,1243.08,210,0.0002409825797863882,0.000655220419976166,0.001144761386796272,0.0004164613518774866,0.9995835386481225,1,1.4763576781735903,0,At-Risk
16589,86,1,153.12,86,0.3551592027727262,0.9602106440711874,1.6742302168152294,0.8490103824290516,0.15098961757094842,0,1398.3659770387387,1,Champions
16590,36,2,516.2,50,0.8674650179120154,2.0736816916820175,3.1577148479927386,0.7325349704049677,0.26746502959503227,0,2665.073216698538,1,Champions
16592,11,12,3623.23,357,2.9745421936892605e-18,7.847976270656034e-18,1.316853953416409e-17,3.0904284602240497e-18,1.0,1,4.487319253031112e-14,0,At-Risk
16593,26,5,663.51,370,2.247912393715597e-06,6.305345178868701e-06,1.1465551614910072e-05,5.447797872839889e-06,0.9999945522021272,1,0.009019242052939084,0,At-Risk
16595,12,4,1424.77,327,1.9131950427464306e-06,5.378908655412587e-06,9.81408465519065e-06,5.051009632509746e-06,0.9999949489903674,1,0.014095557734839111,0,At-Risk
16596,2,3,319.68,365,1.1497850450813076e-07,3.286445620186387e-07,6.133372532193102e-07,4.3835119309796676e-07,0.9999995616488069,1,0.0003665217996650533,0,At-Risk
16599,21,1,171.0,21,1.2281487424271247,2.681486799703919,3.813684702852179,0.8490103824290516,0.15098961757094842,0,3239.810165831548,1,Champions
16600,10,7,1264.4,357,2.5250289404209583e-11,6.936555808486091e-11,1.2265052667949125e-10,4.329573610454946e-11,0.9999999999567043,1,1.5636267636784984e-07,0,At-Risk
16601,26,2,401.3,259,0.007882269185131907,0.02243473249017057,0.041647350828565674,0.0307815799805565,0.9692184200194435,1,31.630072513325658,0,At-Risk
16602,24,1,231.45,24,1.1029021568127397,2.4760057164967324,3.60091939565437,0.8490103824290516,0.15098961757094842,0,3177.554261864975,1,Champions
16604,198,2,404.4,204,0.27192233819346373,0.7637129960133082,1.3930358508566467,0.8428528191737845,0.15714718082621548,0,1061.3968554254875,2,Loyal Customers
16605,360,1,11.34,360,0.08890202098643651,0.25953331505533445,0.498999470612214,0.8490103824290516,0.15098961757094842,0,377.0140857353609,2,Loyal Customers
16606,40,2,331.41,70,0.5441500369013819,1.3741068371189942,2.2118262953397605,0.6188104855383225,0.3811895144616775,0,1576.4741128036162,1,Champions
16607,35,11,2195.13,225,8.019112867321024e-09,2.0014957690585168e-08,3.1452274486034074e-08,5.907990390939967e-09,0.9999999940920096,1,6.62605504192186e-05,0,At-Risk
16608,89,2,1152.79,299,0.059775157968995345,0.1712841106383834,0.32086865679661497,0.2684524041947136,0.7315475958052864,0,412.75887864840263,0,At-Risk
16611,39,5,1533.18,275,0.00011760806518847466,0.0003227924494328755,0.0005704486299964287,0.00021444780872127125,0.9997855521912787,1,0.8661799490383386,0,At-Risk
16612,15,5,1998.74,372,1.2727225262464108e-07,3.5711875500708516e-07,6.496785799845442e-07,3.100512662462952e-07,0.9999996899487338,1,0.0012400435981140914,0,At-Risk
16614,38,2,661.25,214,0.03172753681450976,0.08936792534219752,0.1636285479864074,0.1029898841973444,0.8970101158026555,1,154.15357168072495,0,At-Risk
16615,262,1,278.8,262,0.12147211881643924,0.35116835005302677,0.6661564179127905,0.8490103824290516,0.15098961757094842,0,601.4367466865976,2,Loyal Customers
16619,19,3,1616.21,291,0.00026906259062594575,0.000760124095273897,0.0013963814459111484,0.0008232002467933276,0.9991767997532067,1,2.2331111755971587,0,At-Risk
16620,25,4,1500.97,374,2.0167458966029965e-05,5.714454409523772e-05,0.00010536153261089005,6.063247848923195e-05,0.9999393675215108,1,0.15782283854604373,0,At-Risk
16622,179,1,199.85,179,0.17612011425697902,0.5009996551138697,0.930131285095562,0.8490103824290516,0.15098961757094842,0,799.7335162051032,2,Loyal Customers
16623,37,3,831.91,228,0.00637459589853087,0.0177305925541057,0.03191173183819887,0.015417062590538601,0.9845829374094613,1,31.715799510253895,0,At-Risk
16625,58,4,1286.03,179,0.03161670497581074,0.0846365626764068,0.14504215513005073,0.04700164471545019,0.9529983552845498,1,192.21203940041573,0,At-Risk
16628,43,2,124.8,277,0.01866738194501156,0.05330523949355874,0.09938907750237673,0.07782072624776659,0.9221792737522334,1,56.20108628357348,0,At-Risk
16630,43,1,106.8,43,0.6702739205654435,1.6679010256723819,2.6608938258561783,0.8490103824290516,0.15098961757094842,0,2159.09292351841,1,Champions
16631,117,7,1825.65,287,0.006672179584647587,0.017967308663561898,0.030967131260480542,0.009301786983919692,0.9906982130160803,1,54.69595490894411,0,At-Risk
16632,121,2,406.4,217,0.18355770320050663,0.51745738623706,0.9484609875991062,0.6039070067577667,0.39609299324223335,0,723.9179491832039,2,Loyal Customers
16634,8,5,1348.89,323,1.2681599411115625e-08,3.524422320619196e-08,6.330654010372098e-08,2.6968675245163877e-08,0.9999999730313247,1,8.628479260982137e-05,0,At-Risk
16635,42,1,473.0,42,0.6843992514661552,1.697021765679058,2.6979342514864806,0.8490103824290516,0.15098961757094842,0,2734.896966846109,1,Champions
16636,74,4,2563.54,282,0.008545568176220004,0.023792098695918487,0.04285255644910502,0.019563676962177517,0.9804363230378225,1,101.27496822366459,0,At-Risk
16638,4,6,748.9100000000001,114,1.2556716549784997e-08,3.0178295786174754e-08,4.567551310417123e-08,8.647511140304146e-09,0.9999999913524888,1,3.847188364083956e-05,0,At-Risk
16639,45,1,469.67,45,0.6437039131747054,1.6125650053888003,2.5897928023576973,0.8490103824290516,0.15098961757094842,0,2619.84624079051,1,Champions
16640,33,1,179.4,33,0.8446154414767705,2.0135846796796857,3.084563520714559,0.8490103824290516,0.15098961757094842,0,2629.266689695112,1,Champions
16641,337,1,323.40000000000003,337,0.09487211970800528,0.27646406827573294,0.5302223968096419,0.8490103824290516,0.15098961757094842,0,491.6059154310699,2,Loyal Customers
16642,51,1,355.65000000000003,51,0.5752938924454016,1.466632543165519,2.397663878110847,0.8490103824290516,0.15098961757094842,0,2273.5728226358733,1,Champions
16643,58,1,435.6,58,0.5118376748878953,1.3266231055824886,2.206773825523037,0.8490103824290516,0.15098961757094842,0,2189.0049189474435,1,Champions
16645,371,1,160.39,371,0.08630460618609923,0.2521482388436866,0.4853313984359617,0.8490103824290516,0.15098961757094842,0,406.4528798316969,2,Loyal Customers
16646,85,1,443.52,85,0.35908463500013854,0.9697733205794845,1.6887747728990403,0.8490103824290516,0.15098961757094842,0,1680.77388109741,1,Champions
16647,78,2,299.6,180,0.16846477871245055,0.4692864326072103,0.8469899749655665,0.46295785587008803,0.537042144129912,0,583.190859691436,0,At-Risk
16648,91,2,378.14,226,0.12320676618787522,0.34813911335307707,0.6400797684804624,0.42159261352796384,0.5784073864720362,0,475.82130826503123,0,At-Risk
16649,156,1,268.88,156,0.2012037920142508,0.5681864645471544,1.0449162887959311,0.8490103824290516,0.15098961757094842,0,938.3019326791102,2,Loyal Customers
16650,56,6,1331.59,155,0.011746189777507911,0.02973108273216907,0.047606455852641845,0.010642190316929458,0.9893578096830705,1,63.94448502592138,0,At-Risk
16651,222,1,136.2,222,0.14283036012407385,0.41030189749879126,0.7716903452614915,0.8490103824290516,0.15098961757094842,0,636.3071539849929,2,Loyal Customers
16652,40,9,8328.25,268,1.498168563262455e-07,3.918850403375629e-07,6.511276921330593e-07,1.5549444085604973e-07,0.9999998445055591,1,0.004938301971416723,0,At-Risk
16654,4,5,1028.85,248,2.215648604465391e-09,6.026642676362232e-09,1.0528497645142874e-08,3.662205373089312e-09,0.9999999963377946,1,1.1524634700616907e-05,0,At-Risk
16655,47,7,2589.89,313,4.517343443515173e-06,1.2266995630073379e-05,2.1368808614415904e-05,6.835499310357091e-06,0.9999931645006896,1,0.052007546275613076,0,At-Risk
16656,56,15,2422.71,371,2.621138611971334e-12,6.807793503622971e-12,1.1199712594187216e-11,2.2941134166089225e-12,0.9999999999977058,1,2.5992028449211365e-08,0,At-Risk
16658,4,5,639.38,255,1.863686951603821e-09,5.082013118879462e-09,8.90657649105196e-09,3.162847811572329e-09,0.9999999968371522,1,6.831124135655539e-06,0,At-Risk
16660,58,3,287.54,330,0.005698539983748043,0.016208499321583462,0.030048451759142572,0.019696057057785984,0.980303942942214,1,17.21322896815572,0,At-Risk
16661,176,4,809.98,358,0.0776825336052833,0.2195779724089311,0.4035226669700657,0.2238602017285411,0.7761397982714588,0,377.6831624554845,0,At-Risk
16662,30,1,150.85,30,0.9161179766487617,2.1471934053186486,3.2393842631163787,0.8490103824290516,0.15098961757094842,0,2711.2284264549426,1,Champions
16663,365,1,44.55,365,0.08770225789322296,0.2561235347066736,0.492692453694038,0.8490103824290516,0.15098961757094842,0,381.24162454443535,2,Loyal Customers
16664,205,1,98.7,205,0.15436572310487623,0.441930576967019,0.8274069684048081,0.8490103824290516,0.15098961757094842,0,665.2436010293187,2,Loyal Customers
16666,257,1,101.55,257,0.12378591406782347,0.35761065268166614,0.6777413131219712,0.8490103824290516,0.15098961757094842,0,545.8367219338402,2,Loyal Customers
16668,23,7,510.34,267,9.857876326289809e-08,2.634835101574394e-07,4.4988402464905746e-07,1.284032336184272e-07,0.9999998715967664,1,0.00027734939376619985,0,At-Risk
16670,29,9,3837.55,365,3.3757672498074497e-10,9.13615550306138e-10,1.5838663725649204e-09,4.679495660610853e-10,0.9999999995320504,1,5.645310708885243e-06,0,At-Risk
16673,315,1,183.93,315,0.10138445496685802,0.2948634933559668,0.5639781871378817,0.8490103824290516,0.15098961757094842,0,479.67820360114064,2,Loyal Customers
16675,77,2,498.86,114,0.3942595323048038,1.056825560701192,1.81904764488534,0.7023712695858894,0.29762873041411064,0,1508.487702717614,1,Champions
16676,38,2,675.83,54,0.7997942162223614,1.938098290313549,2.9906758869181607,0.7222090642376287,0.27779093576237135,0,2859.5416234344457,1,Champions
16677,47,2,835.02,288,0.019918541244495713,0.056980533480255176,0.10650044412423547,0.0862457268760334,0.9137542731239666,1,113.27015578890766,0,At-Risk
16679,2,3,572.31,183,2.137537503335212e-06,5.844154757898981e-06,1.0290262139070328e-05,4.191057340341036e-06,0.9999958089426597,1,0.008166759850865554,0,At-Risk
16680,164,2,500.6,170,0.3232657873967762,0.8968744342595453,1.610390652109009,0.8410206263008734,0.15897937369912662,0,1336.169361803122,2,Loyal Customers
16681,277,1,151.5,277,0.11502217486955624,0.333162898490252,0.6336631619320732,0.8490103824290516,0.15098961757094842,0,527.7070996178784,2,Loyal Customers
16683,169,1,308.85,169,0.1862135016987237,0.52815243737629,0.9767803884131306,0.8490103824290516,0.15098961757094842,0,898.4978538981609,2,Loyal Customers
16684,15,27,23455.3,368,4.532932063570073e-37,1.1033961043142492e-36,1.6812533304159603e-36,2.288069387174239e-37,1.0,1,3.7356381873013875e-32,0,At-Risk
16686,25,9,1965.26,369,7.79433582851535e-11,2.1116597413260242e-10,3.665731247086535e-10,1.0916499393852455e-10,0.999999999890835,1,6.932841373992735e-07,0,At-Risk
16687,26,1,149.07999999999998,26,1.032707500007532,2.3557168280528478,3.4717633488883806,0.8490103824290516,0.15098961757094842,0,2904.199361734249,1,Champions
16690,29,2,127.45,87,0.23461664987820538,0.6100766671231996,1.013914802688098,0.3252052397353695,0.6747947602646305,0,576.6873674475023,0,At-Risk
16691,54,2,141.48000000000002,197,0.07815626654723118,0.21902603053784922,0.3983725661414472,0.23424092379356432,0.7657590762064357,0,230.04688367406717,0,At-Risk
16692,44,2,56.7,77,0.49898188405218497,1.2770553311322754,2.0854654667770385,0.6185838320450988,0.3814161679549012,0,1082.8568774498892,1,Champions
16693,47,3,689.53,292,0.004858797521438825,0.013729190328760011,0.02522771309404933,0.014914987054550308,0.9850850129454497,1,22.287368430639603,0,At-Risk
16694,359,1,65.4,359,0.08914592350164455,0.2602261958089932,0.5002803063488692,0.8490103824290516,0.15098961757094842,0,392.8530700022314,2,Loyal Customers
16695,197,2,183.56,197,0.2841509702954743,0.7963079845898917,1.4483541270460092,0.85162442782021,0.14837557217979003,0,879.1470843440643,2,Loyal Customers
16699,16,7,844.82,371,5.007760029510374e-10,1.3800134097640928e-09,2.4501245937832853e-09,8.907700076048694e-10,0.99999999910923,1,2.2251457801752386e-06,0,At-Risk
16700,2,13,3935.02,373,6.929014780714199e-29,1.8247818376130028e-28,3.0544286413223755e-28,6.961523178650475e-29,1.0,1,1.130471154747171e-24,0,At-Risk
16701,59,13,3173.77,374,1.7065189950017158e-10,4.4956263737575267e-10,7.528043980083382e-10,1.7188057074686826e-10,0.9999999998281194,1,2.2611573358213005e-06,0,At-Risk
16702,51,4,960.78,368,0.00044498412172138817,0.0012597419412140984,0.002319885447828072,0.0013170110804982499,0.9986829889195018,1,2.455785075327222,0,At-Risk
16704,254,2,635.86,308,0.17033041871876725,0.4887048210862748,0.9170967795722003,0.7874132439273653,0.21258675607263466,0,847.216898304702,2,Loyal Customers
16705,36,22,17725.65,366,6.231234483119117e-22,1.5517296316810776e-21,2.426984859486514e-21,3.779519934668443e-22,1.0,1,4.0528817660015596e-17,0,At-Risk
16707,36,4,511.24,276,0.0004594808759867714,0.0012773061070020923,0.0022959856276614883,0.0010304180740994566,0.9989695819259006,1,1.5917963470400576,0,At-Risk
16709,15,9,5268.85,366,8.249188145523496e-13,2.2331429565930948e-12,3.8727370725456245e-12,1.1464669106681565e-12,0.9999999999988536,1,1.8756172031189905e-08,0,At-Risk
16710,4,13,3606.6,371,2.1122900651523836e-25,5.559192267345552e-25,9.297851447521126e-25,2.1116040039831352e-25,1.0,1,3.1615223004234322e-21,0,At-Risk
16711,15,4,795.89,373,2.4183265376967373e-06,6.851330828254376e-06,1.2629793397695382e-05,7.251729511918005e-06,0.9999927482704881,1,0.01167553797417532,0,At-Risk
16712,37,2,592.13,37,1.3016267133621122,2.932051186143755,4.228234876111448,0.85162442782021,0.14837557217979003,0,3800.5313481135677,1,Champions
16713,2,18,6353.71,360,2.3888001913593044e-39,6.065194811620836e-39,9.706921243867217e-39,1.7178147770921747e-39,1.0,1,5.812754283601648e-35,0,At-Risk
16714,306,1,363.92,306,0.10431372881510635,0.30311624549658206,0.5790597883818861,0.8490103824290516,0.15098961757094842,0,549.8318942491464,2,Loyal Customers
16715,198,1,138.82,198,0.1596757945409644,0.45641830606077577,0.85276120982931,0.8490103824290516,0.15098961757094842,0,704.4806609696849,2,Loyal Customers
16716,266,1,248.4,266,0.1196824450879713,0.3461792799183616,0.6571699502617174,0.8490103824290516,0.15098961757094842,0,582.3270624135841,2,Loyal Customers
16717,2,9,3060.9,368,2.889598878534634e-20,7.82653968640587e-20,1.3581948744202076e-19,4.0367023244502884e-20,1.0,1,3.8983390259295005e-16,0,At-Risk
16718,5,5,2817.39,369,5.453216957771902e-10,1.5293502605679033e-09,2.780304858130619e-09,1.318137988638338e-09,0.999999998681862,1,7.219621752001544e-06,0,At-Risk
16719,4,8,2036.67,362,6.328614735463666e-16,1.7256263319042657e-15,3.021134970219517e-15,9.712619206871014e-16,0.999999999999999,1,5.899185466419394e-12,0,At-Risk
16720,12,2,430.09,358,0.0005096693662856715,0.0014711284754751965,0.0027834916632419925,0.0027293814646577774,0.9972706185353423,1,2.169347976075604,0,At-Risk
16722,2,11,3980.71,372,1.3872152546044922e-24,3.7042188726777804e-24,6.310603130237711e-24,1.6240618818392047e-24,1.0,1,2.3485509979131613e-20,0,At-Risk
16723,79,2,644.08,371,0.02640924623068785,0.07632818162020139,0.14467932169856368,0.14645537794161761,0.8535446220583824,1,134.4615748724862,0,At-Risk
16724,40,1,147.35,40,0.7145156507231424,1.758432759804013,2.775209129859146,0.8490103824290516,0.15098961757094842,0,2314.6172381734827,1,Champions
16725,7,8,1053.74,362,4.53364896941375e-14,1.2361921792127899e-13,2.1642596392292568e-13,6.957858535895395e-14,0.9999999999999304,1,2.343893396689257e-10,0,At-Risk
16726,19,2,694.54,47,0.5368258009432942,1.268736317898144,1.9110652461390982,0.42975919939141394,0.5702408006085861,0,1853.6438216241386,1,Champions
16727,28,3,1114.95,324,0.0005925982267999756,0.0016839537165020757,0.0031178592062048437,0.002012039212632595,0.9979879607873674,1,3.7783583446090065,0,At-Risk
16731,284,1,174.05,284,0.1122409452601516,0.325377542955536,0.6195607650698525,0.8490103824290516,0.15098961757094842,0,523.6341782062763,2,Loyal Customers
16732,39,3,3304.98,367,0.0010172052715697176,0.002908227361058736,0.005429393524722453,0.003898757018863553,0.9961012429811364,1,15.759494604027577,0,At-Risk
16733,165,1,259.68,165,0.1905824031022901,0.5398561999054226,0.9967784565977948,0.8490103824290516,0.15098961757094842,0,889.9541214296889,2,Loyal Customers
16735,29,9,3905.94,367,3.1925750791488226e-10,8.644904153528964e-10,1.4997104404331145e-09,4.4484867401779645e-10,0.9999999995551513,1,5.436920037224266e-06,0,At-Risk
16736,141,5,2729.9500000000003,372,0.014582201761324713,0.040916834823572314,0.07443683865081017,0.0355240834315392,0.9644759165684608,1,187.8177043821954,0,At-Risk
16737,213,1,39.15,213,0.14871370817483867,0.42646020226228365,0.8002174068456186,0.8490103824290516,0.15098961757094842,0,617.138946416008,2,Loyal Customers
16739,172,1,451.63,172,0.1830660593861391,0.5197024129997161,0.9623011407206947,0.8490103824290516,0.15098961757094842,0,960.7615755559798,2,Loyal Customers
16740,31,1,231.36,31,0.8909744268178874,2.1007233476849643,3.186075398669065,0.8490103824290516,0.15098961757094842,0,2808.0472562286873,1,Champions
16741,261,1,172.16,261,0.12192793188878992,0.3524381714756945,0.6684415879861427,0.8490103824290516,0.15098961757094842,0,564.2974552087164,2,Loyal Customers
16742,128,13,1430.36,359,8.446615074989483e-06,2.2140754544833785e-05,3.684745125698847e-05,8.18965086854257e-06,0.9999918103491314,1,0.051831314128007455,0,At-Risk
16743,92,7,1916.19,232,0.006702428849510912,0.017631709663097118,0.02952142078818759,0.007656316133335366,0.9923436838666646,1,54.51543374186014,0,At-Risk
16746,19,24,7906.63,371,1.1601307591947773e-30,2.867167298583703e-30,4.444902825941473e-30,6.574035309566311e-31,1.0,1,3.333078439091807e-26,0,At-Risk
16748,24,9,2121.43,365,6.005778855473801e-11,1.6254002566005213e-10,2.817833833416378e-10,8.325223279057856e-11,0.9999999999167478,1,5.722616503627577e-07,0,At-Risk
16749,227,2,2702.42,360,0.12407649367284333,0.3582130130632758,0.6779605536202086,0.6680891285427353,0.3319108714572647,0,1608.5933183033385,2,Loyal Customers
16752,8,1,122.7,8,2.4215182764993903,4.189503128122878,5.115473883143818,0.8490103824290516,0.15098961757094842,0,4230.940453381097,1,Champions
16754,8,29,6357.69,277,9.46005258944195e-44,2.149667933615653e-43,3.046757952363969e-43,3.4959450369312913e-44,1.0,1,1.851684825180635e-39,0,At-Risk
16755,103,4,1360.4,366,0.008852151859979564,0.025052692027109424,0.046117078100779196,0.026061541573085295,0.9739384584269147,1,63.809036625317,0,At-Risk
16756,40,6,1028.92,276,2.3126372993090263e-05,6.274058400876317e-05,0.00010919674307602817,3.5803321195308803e-05,0.9999641966788047,1,0.11796049004187882,0,At-Risk
16757,45,1,163.02,45,0.6437039131747054,1.6125650053888003,2.5897928023576973,0.8490103824290516,0.15098961757094842,0,2181.4286192477657,1,Champions
16760,66,1,228.0,66,0.4545423694114992,1.196166328744852,2.0228263693129556,0.8490103824290516,0.15098961757094842,0,1774.220482806217,1,Champions
16763,374,1,343.85,374,0.08562235350531877,0.25020651357496504,0.4817327649632324,0.8490103824290516,0.15098961757094842,0,452.0293767472207,2,Loyal Customers
16765,18,1,391.43,18,1.38554773057497,2.9243146507784505,4.052993553670138,0.8490103824290516,0.15098961757094842,0,3941.0349617659213,1,Champions
16767,54,4,1715.42,226,0.007173176760675406,0.019630313836207447,0.03457919643787595,0.013290989038223656,0.9867090109617763,1,57.88506602706491,0,At-Risk
16768,19,6,1069.21,368,2.9218674557676024e-08,8.117991422009208e-08,1.4572109937103267e-07,5.9507882432452924e-08,0.9999999404921176,1,0.0001623552691483789,0,At-Risk
16769,114,3,693.11,361,0.031611568420146736,0.0903092868807813,0.1684226896051334,0.11923129741366473,0.8807687025863353,1,149.2120650668756,0,At-Risk
16770,8,5,1084.93,110,9.99533405652421e-06,2.447635288291045e-05,3.783804566529156e-05,7.813937014812163e-06,0.9999921860629852,1,0.04332938924604178,0,At-Risk
16771,93,5,1577.36,366,0.0018696644148870852,0.00524070360685641,0.009520729062170672,0.004483873974529356,0.9955161260254707,1,14.801296210266237,0,At-Risk
16772,59,3,2840.0,357,0.004330242065469535,0.012364322206246753,0.023042391366108195,0.016156397200120926,0.983843602799879,1,58.61276508749293,0,At-Risk
16773,72,2,234.25,369,0.02237603929788042,0.06465876864227652,0.12252704504578106,0.12343330573390285,0.8765666942660971,1,78.66481276003772,0,At-Risk
16774,59,4,889.77,297,0.002524058816496439,0.007052463214395872,0.012762123894172623,0.006073522702702543,0.9939264772972974,1,12.77737757675563,0,At-Risk
16775,3,6,1240.63,78,3.7458994278014963e-08,8.303000081089391e-08,1.1614611244212918e-07,1.866223161901595e-08,0.9999999813377684,1,0.00014743644095637217,0,At-Risk
16776,51,1,231.57,51,0.5752938924454016,1.466632543165519,2.397663878110847,0.8490103824290516,0.15098961757094842,0,2109.4079397111336,1,Champions
16777,49,3,1013.76,268,0.007939101292342562,0.022319433046332618,0.040736822830665695,0.022431878772298932,0.9775681212277011,1,46.19723110518527,0,At-Risk
16779,2,32,18019.24,372,7.08416814365495e-70,1.693107848862462e-69,2.5277114088898604e-69,3.0883243786250666e-70,1.0,1,4.336470427874261e-65,0,At-Risk
16780,43,1,171.21,43,0.6702739205654435,1.6679010256723819,2.6608938258561783,0.8490103824290516,0.15098961757094842,0,2253.7238516218263,1,Champions
16781,8,2,581.05,305,0.00035524949172699145,0.001018838528720614,0.0019108459226155569,0.0016266579510844066,0.9983733420489156,1,1.691814475548925,0,At-Risk
16782,1,26,7639.31,366,1.023918647300403e-62,2.5010593110371834e-62,3.825921066411925e-62,5.325047449939179e-63,1.0,1,2.778539587758855e-58,0,At-Risk
16783,72,1,391.05,72,0.4193384543962077,1.114024686789838,1.90385862712098,0.8490103824290516,0.15098961757094842,0,1840.58286762894,1,Champions
16784,12,4,788.03,257,6.744097008036443e-06,1.8649013109073025e-05,3.329217143784596e-05,1.412538259811994e-05,0.9999858746174018,1,0.03058490356934951,0,At-Risk
16785,45,1,519.0,45,0.6437039131747054,1.6125650053888003,2.5897928023576973,0.8490103824290516,0.15098961757094842,0,2690.3733605384423,1,Champions
16786,29,1,19.44,29,0.9427232635514526,2.195773242217596,3.294510429580775,0.8490103824290516,0.15098961757094842,0,2518.354781658275,1,Champions
16787,33,4,987.63,334,0.00011738372793369972,0.00033044946007222627,0.0006039646502127749,0.00031630861445873737,0.9996836913855413,1,0.6526391989122786,0,At-Risk
16788,40,3,1336.07,306,0.0023789291781941774,0.006739556231374827,0.012427435806709526,0.007641441361483203,0.9923585586385169,1,17.183733510273797,0,At-Risk
16791,19,8,2201.85,372,9.981755085776592e-11,2.7283085876441657e-10,4.791527109956614e-10,1.5721009956612324e-10,0.9999999998427899,1,1.0055666525914123e-06,0,At-Risk
16792,19,3,492.93,340,0.00013910637235880864,0.00039625780366131296,0.0007361040530639722,0.0004949522047729323,0.9995050477952271,1,0.5384080561175737,0,At-Risk
16794,16,5,826.89,260,1.6484743709153582e-06,4.502864431445634e-06,7.908849095095488e-06,2.8496696342913253e-06,0.9999971503303657,1,0.007312792481306199,0,At-Risk
16795,1,3,2052.46,319,3.621657885488631e-08,1.0283118083246147e-07,1.901848873443933e-07,1.211230520495936e-07,0.999999878876948,1,0.00036817776786401003,0,At-Risk
16797,29,5,1743.54,373,3.7684405659124305e-06,1.0575836972178573e-05,1.924419796733056e-05,9.204202175051823e-06,0.9999907957978249,1,0.03260420025916386,0,At-Risk
16798,190,3,750.61,365,0.10731833049998671,0.30674938654507844,0.5724750928925963,0.4091470698562127,0.5908529301437873,0,532.586734824348,2,Loyal Customers
16799,68,2,474.58,89,0.5351025557874765,1.3953398848259577,2.326298534603919,0.7573835292595571,0.2426164707404429,0,1890.8473856105581,1,Champions
16802,315,2,582.61,366,0.1467713877579953,0.4239912501063658,0.8031259839356354,0.803188126697199,0.19681187330280103,0,711.8009400243926,2,Loyal Customers
16805,213,2,610.67,361,0.11739404983387698,0.3389553240553243,0.6416037933996819,0.6338270091195555,0.3661729908804445,0,581.277638469372,2,Loyal Customers
16807,106,3,969.89,259,0.08789952208530084,0.24658813786320224,0.4488010381748528,0.24031044725948944,0.7596895527405105,0,493.7787719957813,0,At-Risk
16809,68,4,811.84,241,0.013463059743970832,0.0370408036001001,0.06569537220758065,0.02651924213753176,0.9734807578624682,1,61.635030961445814,0,At-Risk
16810,56,1,445.2000000000001,56,0.5284926147861599,1.3638165754876814,2.2581292216208526,0.8490103824290516,0.15098961757094842,0,2252.153436679855,1,Champions
16812,14,3,1805.36,18,2.5385807951606543,4.350770514121921,5.127766787520202,0.724434670781714,0.275565329218286,0,9064.342025822205,1,Champions
16814,5,16,5698.56,243,1.7790308764949855e-26,4.2852897652509506e-26,6.464693593940177e-26,1.0012437270643763e-26,1.0,1,3.470158975149399e-22,0,At-Risk
16815,89,2,395.67,172,0.21399928746313757,0.5942248533704299,1.0681110593836203,0.5630171944880465,0.43698280551195345,0,807.5372886962261,2,Loyal Customers
16817,4,5,1145.3,67,6.966620561500842e-06,1.5408742477789095e-05,2.156170775465731e-05,3.5596420553479137e-06,0.9999964403579447,1,0.025859718274566037,0,At-Risk
16819,101,2,142.03,101,0.5352359227334114,1.4164268950546124,2.40159360755436,0.85162442782021,0.14837557217979003,0,1389.933336002086,1,Champions
16821,17,1,88.2,17,1.447398694507076,3.015370542041162,4.139504380568189,0.8490103824290516,0.15098961757094842,0,3330.3665243241585,1,Champions
16822,322,1,172.96,322,0.09921744070567688,0.28874896046472914,0.552780590043945,0.8490103824290516,0.15098961757094842,0,466.8112774560576,2,Loyal Customers
16823,23,6,1852.17,373,8.575477600249127e-08,2.384899502860101e-07,4.286515236344638e-07,1.7692829962467548e-07,0.9999998230717003,1,0.0007660102179836096,0,At-Risk
16824,29,1,215.1,29,0.9427232635514526,2.195773242217596,3.294510429580775,0.8490103824290516,0.15098961757094842,0,2874.8416986059897,1,Champions
16825,14,3,826.63,170,0.000984453392610353,0.002674061052385476,0.004670253261402787,0.0018000170014844873,0.9981999829985155,1,4.625575165342433,0,At-Risk
16827,29,5,280.04,225,8.75040003612133e-05,0.00023582320836059643,0.0004072115024223449,0.00013192350260365996,0.9998680764973963,1,0.18931656484731918,0,At-Risk
16829,24,1,301.55,24,1.1029021568127397,2.4760057164967324,3.60091939565437,0.8490103824290516,0.15098961757094842,0,3317.275228813507,1,Champions
16830,78,3,867.38,362,0.009907102442100572,0.028306705297355135,0.052800041497546156,0.037468033983301646,0.9625319660166983,1,53.882258529721646,0,At-Risk
16831,200,1,91.8,200,0.15812171482603543,0.45218290259638527,0.8453598357261295,0.8490103824290516,0.15098961757094842,0,676.489542023462,2,Loyal Customers
16832,64,2,209.91,94,0.47447679007601945,1.2453802732886394,2.091761785880824,0.7063130132000732,0.2936869867999268,0,1310.703692190025,1,Champions
16833,75,2,952.06,259,0.06571485022512374,0.18703942364886444,0.34721592953648617,0.2566274851321369,0.7433725148678632,0,397.8455971851869,0,At-Risk
16834,310,1,472.75,310,0.10299119653240012,0.2993920177836489,0.5722584052448215,0.8490103824290516,0.15098961757094842,0,577.6151372930924,2,Loyal Customers
16835,9,5,1278.46,205,3.8636303974164996e-07,1.0313137020561707e-06,1.7597990290719402e-06,5.336958199671457e-07,0.99999946630418,1,0.0022969843369474133,0,At-Risk
16836,42,2,526.5,210,0.04094986757632827,0.1152145592114861,0.21064113408137236,0.13052716412571588,0.8694728358742841,1,178.53320947745203,0,At-Risk
16838,166,2,534.16,299,0.13388971476474967,0.38365738370782965,0.7187101530995619,0.6013035690208415,0.3986964309791585,0,612.7078371373177,2,Loyal Customers
16839,5,11,3867.45,302,1.4848375449869743e-19,3.868273944408375e-19,6.392110654363028e-19,1.4313874714151327e-19,1.0,1,2.3148855256160586e-15,0,At-Risk
16840,239,2,137.85,310,0.16351159420033406,0.4692699626590663,0.8809562704887217,0.7606806357046557,0.23931936429534428,0,506.14248327531584,2,Loyal Customers
16841,64,6,2111.94,332,0.0001134543748827006,0.00031275470257102327,0.0005556552548982276,0.0002093781634367404,0.9997906218365633,1,1.117303246342169,0,At-Risk
16843,58,19,6822.5,365,5.032453440188657e-15,1.2730539413928995e-14,2.0283977228620442e-14,3.4860464737707012e-15,0.9999999999999966,1,1.3053873706817784e-10,0,At-Risk
16844,198,2,607.44,218,0.24869170688563932,0.7012616787371441,1.2858144147972228,0.821841096495531,0.17815890350446895,0,1162.7749604111552,2,Loyal Customers
16845,254,1,246.18,254,0.12521699135466371,0.36159077404911616,0.6848878046213027,0.8490103824290516,0.15098961757094842,0,606.0797948982537,2,Loyal Customers
16846,213,2,616.03,275,0.18422730703052193,0.5258862313817869,0.9800772823471139,0.7626115719741176,0.23738842802588245,0,891.8961821636059,2,Loyal Customers
16847,254,1,384.6,254,0.12521699135466371,0.36159077404911616,0.6848878046213027,0.8490103824290516,0.15098961757094842,0,658.2214671705481,2,Loyal Customers
16848,12,3,1128.2,68,0.02718212035413126,0.06534391427244239,0.09958050210942437,0.021506987613456572,0.9784930123865434,1,122.2514973717537,0,At-Risk
16854,53,2,1352.79,276,0.028881562009088677,0.08245805293033977,0.15370997268954747,0.11997865898441815,0.8800213410155818,1,219.31234507082246,0,At-Risk
16856,53,2,322.19,78,0.5625168698386304,1.442178412825858,2.3596054716963892,0.7055837596111395,0.2944162403888605,0,1665.82962426798,1,Champions
16857,78,1,340.05,78,0.38919651251499493,1.042451465674529,1.798141754039982,0.8490103824290516,0.15098961757094842,0,1687.4707687259122,1,Champions
16858,4,10,4065.58,360,1.2891524402856286e-19,3.4565268355723425e-19,5.920331835807468e-19,1.5992012357924563e-19,1.0,1,2.240792356304657e-15,0,At-Risk
16859,52,5,919.99,281,0.00046194068382663875,0.0012701236976888225,0.002249766168352992,0.0008598137358763082,0.9991401862641237,1,2.2559412048551257,0,At-Risk
16860,88,3,1171.92,298,0.031389307301283954,0.08879655703264643,0.16341617445333678,0.09827163051209566,0.9017283694879044,1,205.25060219127,0,At-Risk
16861,26,3,728.23,144,0.014065056545280064,0.03758931507619636,0.06435866569795909,0.02199717248469115,0.9780028275153089,1,58.872516651766524,0,At-Risk
16862,183,4,598.02,337,0.11258688167116394,0.31711667914315167,0.5800143825824375,0.30601554733644093,0.693984452663559,0,442.91763233957715,2,Loyal Customers
16863,2,2,490.82,45,0.009514500533687466,0.022301552803795043,0.033332787418535764,0.007338472979012513,0.9926615270209875,1,27.55005254845755,0,At-Risk
16864,70,2,345.9,234,0.0766039272452905,0.21687551774075664,0.3997632718355149,0.2711014685405578,0.7288985314594423,0,288.11709399631957,0,At-Risk
16865,37,1,125.19,37,0.7650146626461872,1.8593872357234449,2.899825922316683,0.8490103824290516,0.15098961757094842,0,2383.789675905489,1,Champions
16867,325,1,76.74000000000001,325,0.098316821354806,0.2862054004978811,0.5481166359514865,0.8490103824290516,0.15098961757094842,0,433.86852315555456,2,Loyal Customers
16868,30,3,357.19,229,0.0032012336269559034,0.008906817108247552,0.016037038180326767,0.007774804974975587,0.9922251950250244,1,10.055616408076613,0,At-Risk
16870,105,1,438.51,105,0.2940795169078141,0.8087193601401236,1.4388670115082947,0.8490103824290516,0.15098961757094842,0,1427.3978485673733,1,Champions
16872,63,3,293.37,99,0.51818767002217,1.3230989400205833,2.148794223381655,0.5732725228243333,0.4267274771756667,0,1244.3120607005326,1,Champions
16873,65,6,6465.52,304,0.00023604225786877242,0.000645953306046937,0.0011368136955614253,0.00040052033790421076,0.9995994796620958,1,6.541846457815702,0,At-Risk
16874,15,1,214.29,15,1.5893341066863198,3.215676772513155,4.32390075650617,0.8490103824290516,0.15098961757094842,0,3783.5430652958185,1,Champions
16875,73,6,1970.66,339,0.00022161207894939495,0.000611915754182765,0.0010895025058041423,0.00041721831945157177,0.9995827816805485,1,2.058336665238709,0,At-Risk
16876,39,1,135.01,39,0.7305907616749147,1.7908403864026374,2.815536723406649,0.8490103824290516,0.15098961757094842,0,2329.2911805435106,1,Champions
16880,129,1,218.73,129,0.24159795229633566,0.6743622922379073,1.2220040223371336,0.8490103824290516,0.15098961757094842,0,1063.9286518611198,2,Loyal Customers
16883,7,18,1829.76,371,9.44296186978286e-31,2.4083591460146317e-30,3.874901642686355e-30,6.979657210355127e-31,1.0,1,6.875987645353918e-27,0,At-Risk
16884,192,2,536.03,206,0.2653570007285805,0.7457221601079693,1.3612861667711609,0.8302758698554744,0.1697241301445256,0,1162.9268907370167,2,Loyal Customers
16885,21,1,229.08,21,1.2281487424271247,2.681486799703919,3.813684702852179,0.8490103824290516,0.15098961757094842,0,3362.4932623949817,1,Champions
16886,92,1,134.0,92,0.3332982021066714,0.9065770667361568,1.5919767735814851,0.8490103824290516,0.15098961757094842,0,1312.6860676120152,1,Champions
16887,36,2,451.99,374,0.004973507943320228,0.014378617521800575,0.027265409747552972,0.027799674670079013,0.972200325329921,1,21.667345050489175,0,At-Risk
16888,36,3,365.8,337,0.0011272990383145887,0.003209802766074321,0.005959092158968296,0.003976614057675103,0.9960233859423249,1,3.77369024690925,0,At-Risk
16889,33,3,872.68,201,0.007494322094740826,0.0206489749325827,0.036715635511133354,0.016066464520527495,0.9839335354794725,1,37.656840414250276,0,At-Risk
16890,112,3,186.11,218,0.1724049451620652,0.47798145771564454,0.856676312607172,0.3994234254161945,0.6005765745838054,0,423.94879247042957,0,At-Risk
16891,7,7,1207.94,371,1.5650744367321939e-12,4.312953690356016e-12,7.657370452940803e-12,2.7839220723330684e-12,0.9999999999972161,1,9.383508913248162e-09,0,At-Risk
16892,190,2,208.42,367,0.10253302419041062,0.2962254670390787,0.561188449870848,0.5626009875562463,0.4373990124437537,0,350.13230227662325,2,Loyal Customers
16893,2,2,244.82,12,0.42623696700844954,0.715238682780653,0.8424844035737306,0.12355831973741845,0.8764416802625815,1,554.589204812392,0,At-Risk
16894,138,3,1188.56,171,0.40468523479454693,1.0998296034671435,1.9221286969199314,0.7440607751431318,0.25593922485686815,0,2441.6288029669277,1,Champions
16895,74,4,870.83,301,0.006105093721223618,0.017073486271303135,0.030932666952214527,0.014880741823626302,0.9851192581763737,1,30.492164117868143,0,At-Risk
16896,191,1,94.45,191,0.16536421903212362,0.4718883891608814,0.8797197988451225,0.8490103824290516,0.15098961757094842,0,705.3095053017523,2,Loyal Customers
16898,4,3,487.66,212,8.160901630248532e-06,2.257846037780666e-05,4.035858360043637e-05,1.8408796457986054e-05,0.999981591203542,1,0.02937928997789344,0,At-Risk
16899,14,2,380.42,33,0.7707116984669569,1.6930018792451382,2.389672404035831,0.4591880520177294,0.5408119479822706,0,1791.989379929314,1,Champions
16901,365,1,170.71,365,0.08770225789322296,0.2561235347066736,0.492692453694038,0.8490103824290516,0.15098961757094842,0,415.41814310376293,2,Loyal Customers
16903,16,2,675.99,51,0.34891522999527397,0.8370602099662802,1.2790368731674913,0.2997491490277255,0.7002508509722745,0,1223.4131975631956,0,At-Risk
16904,3,7,1339.25,47,1.0851228061728677e-07,2.014176813747479e-07,2.448023608409519e-07,3.236718630253401e-08,0.9999999676328137,1,0.00033158268810811646,0,At-Risk
16905,7,11,1732.96,364,5.200302814443838e-19,1.3853204187642687e-18,2.353030150271377e-18,5.965292652119864e-19,1.0,1,3.961796197029857e-15,0,At-Risk
16906,64,3,807.48,211,0.047523449029840355,0.1314342655730085,0.23482839881901074,0.10671660241433036,0.8932833975856697,1,228.9899460749321,0,At-Risk
16907,1,5,705.5,162,8.179264908730369e-11,2.12342605964611e-10,3.50431234772346e-10,9.077780148430823e-11,0.9999999999092222,1,2.8865774872117373e-07,0,At-Risk
16908,358,1,252.59,358,0.08939116800436163,0.2609227863710301,0.5015677362884462,0.8490103824290516,0.15098961757094842,0,445.48851064518925,2,Loyal Customers
16911,271,2,252.8,297,0.18453623095338015,0.5286272897467673,0.989886944292123,0.8233531883708851,0.17664681162911489,0,648.561154705979,2,Loyal Customers
16912,57,4,1829.08,366,0.0007332352408509634,0.002075147033515193,0.003819937502591103,0.0021587113522849896,0.997841288647715,1,6.741598343216126,0,At-Risk
16913,287,2,158.32,287,0.19735113272535115,0.5644686653830335,1.0548040079357424,0.85162442782021,0.14837557217979003,0,621.2262525897347,2,Loyal Customers
16915,22,5,256.5,205,3.722531838853635e-05,9.936504522578565e-05,0.0001695531725830819,5.142054176349902e-05,0.9999485794582365,1,0.07548933934484583,0,At-Risk
16916,8,3,510.71,51,0.025014506495473487,0.05678906521639773,0.08194529844333293,0.015474229993468274,0.9845257700065317,1,61.43742069876539,0,At-Risk
16917,268,1,1178.16,268,0.11880723968444924,0.3437375375088079,0.6527670722090106,0.8490103824290516,0.15098961757094842,0,912.2109372233758,2,Loyal Customers
16918,58,10,2060.07,372,2.8320238320625447e-08,7.619045206365482e-08,1.3105963115859318e-07,3.62330690790046e-08,0.9999999637669309,1,0.00025926386101408964,0,At-Risk
16919,4,14,2455.16,113,1.740265646647856e-19,3.5716126709062775e-19,4.635581652227439e-19,5.795095701517077e-20,1.0,1,1.0959188725495823e-15,0,At-Risk
16920,47,1,307.2,47,0.6191609788056118,1.5607906492381476,2.522405309124176,0.8490103824290516,0.15098961757094842,0,2325.076255498894,1,Champions
16921,78,2,226.08,236,0.08908244731123585,0.2523210608899389,0.46538582047499494,0.31787247971290433,0.6821275202870957,0,296.2870798885977,0,At-Risk
16922,208,1,590.23,208,0.15219657729727018,0.4359993892699787,0.816996923631379,0.8490103824290516,0.15098961757094842,0,877.7813008990408,2,Loyal Customers
16923,11,13,5857.35,313,6.734885135579558e-19,1.7338447577038641e-18,2.8231440271283604e-18,5.7531245241453325e-19,1.0,1,1.5430734767914544e-14,0,At-Risk
16925,176,1,123.65,176,0.179031336738736,0.5088476574108715,0.9436509072939454,0.8490103824290516,0.15098961757094842,0,771.8105960417577,2,Loyal Customers
16926,7,5,985.35,162,4.727633208549419e-07,1.2273449591743893e-06,2.0255002879957887e-06,5.246977004476766e-07,0.9999994753022996,1,0.002145839824708669,0,At-Risk
16928,9,10,954.14,310,1.5974806293278218e-15,4.212400038158172e-15,7.066272057420345e-15,1.72279734842361e-15,0.9999999999999982,1,6.943932450516759e-12,0,At-Risk
16931,5,3,626.95,33,0.03451103592285875,0.07053159583103431,0.0932543585442128,0.015055414801967237,0.9849445851980327,1,78.54680235920655,0,At-Risk
16932,59,2,262.62,207,0.07962467087248652,0.22383241043384383,0.4087552315814786,0.25030395014755125,0.7496960498524488,0,270.76878714632477,0,At-Risk
16933,25,7,2447.49,366,1.3416721202618939e-08,3.693269068847274e-08,6.547779702130593e-08,2.355815818100382e-08,0.9999999764418418,1,0.00015115193757746613,0,At-Risk
16934,19,4,1139.08,257,4.5480051018504754e-05,0.00012576302900665836,0.00022451184401792623,9.525709972037272e-05,0.9999047429002796,1,0.2704032598460301,0,At-Risk
16935,17,3,535.1,57,0.15533540393744452,0.36096062231305265,0.5322234311834805,0.10555129798999423,0.8944487020100058,1,408.86623778135527,0,At-Risk
16936,21,1,288.49,21,1.2281487424271247,2.681486799703919,3.813684702852179,0.8490103824290516,0.15098961757094842,0,3487.9857342757264,1,Champions
16937,135,1,202.1,135,0.23127958141473795,0.6474735140703465,1.177645062943732,0.8490103824290516,0.15098961757094842,0,1014.4456947680762,2,Loyal Customers
16938,17,5,4161.86,296,1.0047410456419894e-06,2.7740785395249622e-06,4.940270276640683e-06,1.965325888693841e-06,0.9999980346741113,1,0.01841838272520899,0,At-Risk
16939,124,3,427.11,285,0.09287351678066005,0.26206047012215516,0.4806465224880575,0.278477838289418,0.721522161710582,0,327.21676837291005,0,At-Risk
16940,86,5,3306.14,367,0.0012207801310543753,0.003422471701639016,0.0062190290715446765,0.002935415840903914,0.997064584159096,1,18.70349983657549,0,At-Risk
16941,247,1,33.0,247,0.12868842172736128,0.3712315076270535,0.7021641813271967,0.8490103824290516,0.15098961757094842,0,539.054882402071,2,Loyal Customers
16944,245,1,97.36,245,0.12971589531409075,0.37408116722258455,0.7072616322587344,0.8490103824290516,0.15098961757094842,0,568.0096288716956,2,Loyal Customers
16945,29,14,3773.01,366,1.8048525025862297e-15,4.710084273094645e-15,7.795022122495682e-15,1.663138132191962e-15,0.9999999999999983,1,2.7756225628200007e-11,0,At-Risk
16946,19,5,1179.89,283,2.3559642919543238e-06,6.481559619478533e-06,1.1489349260533863e-05,4.414935938548407e-06,0.9999955850640615,1,0.01403148504371465,0,At-Risk
16947,98,3,523.13,282,0.05270060111818772,0.14861290228062882,0.2723474064214423,0.15641217523073642,0.8435878247692636,1,205.6128609550454,0,At-Risk
16948,65,4,365.22,292,0.004145786654003028,0.01157040373447896,0.02090604379067072,0.009814238048555468,0.9901857619514445,1,12.008466134161793,0,At-Risk
16950,3,8,2320.27,320,2.385911593621969e-16,6.43017481708841e-16,1.109063888159111e-15,3.2582890693486834e-16,0.9999999999999997,1,2.4446971385923633e-12,0,At-Risk
16952,77,3,609.07,364,0.009300014236094827,0.026578960624871695,0.04959470201256496,0.03536132291035151,0.9646386770896485,1,40.71912039537452,0,At-Risk
16954,15,11,3252.02,326,7.499323989729228e-15,1.9724695855957457e-14,3.297678850833175e-14,7.760847042884074e-15,0.9999999999999922,1,1.0098257945018818e-10,0,At-Risk
16955,4,4,598.4,313,2.939477885585586e-08,8.241553614158697e-08,1.4982115465430368e-07,7.439717456306868e-08,0.9999999256028255,1,0.0001144694544436262,0,At-Risk
16958,71,1,764.25,71,0.4248220561590045,1.1269214196452029,1.9227023024184036,0.8490103824290516,0.15098961757094842,0,2254.424529846038,1,Champions
16960,26,5,1503.03,283,1.1934348768906726e-05,3.2832922523266694e-05,5.82003308247297e-05,2.236425461241187e-05,0.9999776357453876,1,0.086891128797978,0,At-Risk
16961,24,2,528.34,168,0.025759508499849853,0.07140601410277804,0.128073389772613,0.06626237526343777,0.9337376247365622,1,108.76123984906809,0,At-Risk
16962,45,1,248.59,45,0.6437039131747054,1.6125650053888003,2.5897928023576973,0.8490103824290516,0.15098961757094842,0,2303.7680807687593,1,Champions
16964,369,2,207.85,369,0.15438281872658247,0.4461112543420577,0.8453717091120078,0.85162442782021,0.14837557217979003,0,527.096892741186,2,Loyal Customers
16970,262,1,71.4,262,0.12147211881643924,0.35116835005302677,0.6661564179127905,0.8490103824290516,0.15098961757094842,0,525.4499424008819,2,Loyal Customers
16972,18,2,748.8000000000001,92,0.0875295759689933,0.22915892867813242,0.38378617764509043,0.12773435638226574,0.8722656436177343,1,385.9059283060597,0,At-Risk
16973,22,1,127.0,22,1.183350105857577,2.60929209087968,3.7400339823139808,0.8490103824290516,0.15098961757094842,0,3085.3848395760374,1,Champions
16974,158,2,365.5,200,0.2534352586859434,0.7109109708155802,1.2946397581716933,0.7707025189090542,0.22929748109094583,0,951.1182046589565,2,Loyal Customers
16975,59,3,831.26,141,0.16627830623402196,0.44339759035802445,0.7571379155834844,0.25497841709956703,0.745021582900433,0,752.9888047376318,0,At-Risk
16977,31,4,466.1,267,0.0002908380964686244,0.0008065472255728892,0.0014452237004492867,0.0006318230859573881,0.9993681769140426,1,0.948942142139731,0,At-Risk
16978,302,2,300.05,302,0.18779025604675353,0.5383428640135628,1.0090821793923168,0.85162442782021,0.14837557217979003,0,694.5628509585232,2,Loyal Customers
16979,19,3,911.74,86,0.04340387906590362,0.1085463714726388,0.17233465361520936,0.04228142812676822,0.9577185718732317,1,182.43750346906697,0,At-Risk
16980,64,1,391.92,64,0.46762869042445254,1.2263107817086956,2.065867788512742,0.8490103824290516,0.15098961757094842,0,1998.8641549230235,1,Champions
16983,5,5,1556.18,82,5.951377882584792e-06,1.3774022030990907e-05,2.010668161308875e-05,3.602496257961852e-06,0.999996397503742,1,0.03106526939753725,0,At-Risk
16984,40,7,5698.16,278,3.7427872816903673e-06,1.0046241354493567e-05,1.724450854725114e-05,5.063644621237962e-06,0.9999949363553787,1,0.08884790897521574,0,At-Risk
16985,12,13,4035.09,365,2.3162615132951913e-19,6.083937425166961e-19,1.0150614909571667e-18,2.2806519129589425e-19,1.0,1,3.8501845007604214e-15,0,At-Risk
16986,81,9,2742.85,309,2.3195837228112502e-05,6.170316821974646e-05,0.00010466337068369434,2.7489339146191068e-05,0.9999725106608538,1,0.27080541384069023,0,At-Risk
16987,12,4,855.5,373,9.6018285467969e-07,2.7202821002385295e-06,5.014587934912945e-06,2.8792581297768344e-06,0.9999971207418702,1,0.0048788334843936545,0,At-Risk
16988,15,1,223.2,15,1.5893341066863198,3.215676772513155,4.32390075650617,0.8490103824290516,0.15098961757094842,0,3804.919092752946,1,Champions
16990,58,1,44.55,58,0.5118376748878953,1.3266231055824886,2.206773825523037,0.8490103824290516,0.15098961757094842,0,1713.0136876968197,1,Champions
16991,57,1,1036.53,57,0.5200317855065604,1.3449622991646004,2.2321551593052966,0.8490103824290516,0.15098961757094842,0,2954.216060394953,1,Champions
16992,23,8,3405.8900000000003,302,3.203083146931096e-09,8.581512355578633e-09,1.4690941754806448e-08,4.142171552209821e-09,0.9999999958578284,1,4.65062281448935e-05,0,At-Risk
16993,99,2,1544.4,212,0.1569791283067529,0.44192053386738006,0.8085436246307881,0.5049672652137301,0.49503273478626986,0,1262.7858109894464,1,Champions
16996,18,3,660.85,53,0.23812333323534013,0.5450625714258506,0.7924522983260622,0.15213816337323113,0.8478618366267688,1,686.426064019915,0,At-Risk
16998,80,1,107.0,80,0.38008976190222116,1.0205967970533638,1.7654710474525415,0.8490103824290516,0.15098961757094842,0,1429.9657429037366,1,Champions
17000,32,2,365.35,44,0.9741893901876045,2.2735400386248688,3.3844255020629297,0.7371333890123003,0.2628666109876997,0,2498.140600040044,1,Champions
17001,12,8,2460.46,260,6.712386138307887e-11,1.7684814341055193e-10,2.9653014398844014e-10,7.545710904082982e-11,0.9999999999245429,1,6.90876906985856e-07,0,At-Risk
17002,79,4,907.38,277,0.012288052095702589,0.03416828539429549,0.061439069870661944,0.027652594864809307,0.9723474051351907,1,62.401387405968435,0,At-Risk
17003,38,4,824.91,214,0.00217397573819433,0.005921019871340526,0.010367080600724415,0.0038247908280521774,0.9961752091719478,1,9.839433853076528,0,At-Risk
17004,28,2,832.76,60,0.512667942969187,1.2643660869190878,1.985755483012114,0.5079587016030633,0.49204129839693667,0,2117.261536701916,1,Champions
17005,106,2,435.43,224,0.15103900508595222,0.4265679294522892,0.7837557259416528,0.5124054208354443,0.48759457916455573,0,614.1388828436092,2,Loyal Customers
17006,28,4,840.39,280,0.00014778335234990917,0.0004112433481167002,0.0007402127855515554,0.00033602200276149145,0.9996639779972385,1,0.7114382667602465,0,At-Risk
17007,73,1,220.04,73,0.4139946420335804,1.1014201672914525,1.885381779834209,0.8490103824290516,0.15098961757094842,0,1644.9308262889429,1,Champions
17008,65,1,81.36,65,0.46099265386719185,1.2110507232230185,2.0441198103572096,0.8490103824290516,0.15098961757094842,0,1627.6969012777554,1,Champions
17009,187,1,159.63,187,0.1688005060601413,0.48120871460947523,0.8959047571241548,0.8490103824290516,0.15098961757094842,0,750.434550036055,2,Loyal Customers
17011,283,2,224.61,287,0.19640676938881724,0.5617675736545569,1.0497565667654412,0.8475492402343889,0.15245075976561107,0,667.0610925856739,2,Loyal Customers
17012,361,1,382.06,361,0.08865944947356304,0.258844114550551,0.4977251785304045,0.8490103824290516,0.15098961757094842,0,477.5045823906255,2,Loyal Customers
17016,212,1,495.22,212,0.1493974706790193,0.42833449241018473,0.8035179040550781,0.8490103824290516,0.15098961757094842,0,821.28284961629,2,Loyal Customers
17017,1,13,4650.349999999999,372,6.572349011373624e-32,1.7302934596547641e-31,2.8951103731720753e-31,6.586699159031581e-32,1.0,1,1.2612477924880448e-27,0,At-Risk
17018,23,4,1367.6,370,1.5034517360362952e-05,4.257520383289633e-05,7.843637499049763e-05,4.473176421727091e-05,0.9999552682357827,1,0.10898451161682282,0,At-Risk
17019,4,8,2636.01,373,4.802816275982619e-16,1.313059769093287e-15,2.3067321930436805e-15,7.583649502503772e-16,0.9999999999999992,1,5.726949253547694e-12,0,At-Risk
17020,178,2,927.77,282,0.15763809383139918,0.45051636226345476,0.8409470626329739,0.6687073166274554,0.3312926833725446,0,949.1331352621756,2,Loyal Customers
17021,78,6,965.36,224,0.006597615219862115,0.017520013965204615,0.029688321064539825,0.008392994132224935,0.9916070058677751,1,30.466589728281335,0,At-Risk
17022,68,1,174.3,68,0.44216870259997293,1.1674703104561752,1.9815471503690194,0.8490103824290516,0.15098961757094842,0,1679.2010709769488,1,Champions
17023,53,3,786.58,333,0.004113496281777718,0.011705493441765812,0.021713943342319224,0.014343181538049836,0.9856568184619502,1,20.806676576143133,0,At-Risk
17025,9,4,834.3199999999999,277,1.4009004109124838e-06,3.895358245248938e-06,7.004366319214398e-06,3.1525363993578417e-06,0.9999968474636006,1,0.006697630126384323,0,At-Risk
17026,5,2,48.9,53,0.034569658040191006,0.08349941307191697,0.1284368949185035,0.030710239100503953,0.969289760899496,1,66.08416009658022,0,At-Risk
17027,82,3,237.23,365,0.011197542222041874,0.03200608126702441,0.05973177176598909,0.04269020556316073,0.9573097944368393,1,31.892190235406567,0,At-Risk
17028,217,3,1542.66,357,0.14333101170838533,0.4092590631460785,0.7627031507132926,0.534776744866516,0.46522325513348395,0,1176.0419980293134,2,Loyal Customers
17029,18,5,575.77,299,1.2663130060143642e-06,3.4990180535354947e-06,6.237658189582735e-06,2.5009699548756846e-06,0.9999974990300451,1,0.004448755699150509,0,At-Risk
17031,14,4,1151.35,217,3.085270693848761e-05,8.413438489244351e-05,0.00014754129491319367,5.500213394974123e-05,0.9999449978660503,1,0.17924322709636786,0,At-Risk
17032,239,5,2816.64,365,0.1653761779304275,0.4634704085055238,0.8417827148422447,0.3955644264033887,0.6044355735966114,0,2185.3716371102296,2,Loyal Customers
17033,33,1,271.1,33,0.8446154414767705,2.0135846796796857,3.084563520714559,0.8490103824290516,0.15098961757094842,0,2785.6068409001045,1,Champions
17034,45,2,537.5,149,0.1205295671436638,0.33103211125345017,0.5868714279019817,0.2765039643736205,0.7234960356263795,0,502.2784317715229,0,At-Risk
17035,227,2,154.70999999999998,372,0.11714569509375564,0.33860803754136065,0.6419140503966091,0.651360152174552,0.348639847825448,0,376.31817542249377,2,Loyal Customers
17036,19,1,152.05,19,1.328774869330653,2.8386123780580657,3.969984316419223,0.8490103824290516,0.15098961757094842,0,3332.6071190386856,1,Champions
17038,51,1,598.11,51,0.5752938924454016,1.466632543165519,2.397663878110847,0.8490103824290516,0.15098961757094842,0,2594.36116494674,1,Champions
17039,240,1,1769.62,240,0.1323578239408342,0.3814004988316463,0.7203352381910111,0.8490103824290516,0.15098961757094842,0,1241.0901846663307,2,Loyal Customers
17040,186,1,13.52,186,0.16968200966933736,0.4835966246652375,0.9000445620594594,0.8490103824290516,0.15098961757094842,0,681.5525936242815,2,Loyal Customers
17041,33,3,590.46,236,0.003827750701706237,0.010672368267525243,0.01926849007256356,0.00956903265448342,0.9904309673455166,1,15.554106129886701,0,At-Risk
17043,11,4,768.07,366,7.410752774182559e-07,2.0973353132361544e-06,3.860781761072637e-06,2.181793134225129e-06,0.9999978182068657,1,0.003481820688602739,0,At-Risk
17044,10,11,7328.35,368,2.074819459576638e-17,5.533790398750393e-17,9.413570872832025e-17,2.40454973600207e-17,1.0,1,6.360837371638708e-13,0,At-Risk
17045,12,2,375.72,65,0.1090326959560117,0.2723056308613006,0.4332472881370895,0.11601153686368218,0.8839884631363178,1,322.39894975710985,0,At-Risk
17046,80,4,1152.87,256,0.01931859773954132,0.053404514864319685,0.09530074202812841,0.04031186484283138,0.9596881351571687,1,115.85133709427734,0,At-Risk
17047,67,3,1132.33,367,0.005788152378333075,0.016548540975086484,0.03089460694057617,0.022184902440049135,0.9778150975599509,1,37.84756955491505,0,At-Risk
17048,73,4,1114.74,326,0.0038137599055075772,0.010720278772121979,0.019554741879148844,0.010038947165830012,0.98996105283417,1,23.15370579162396,0,At-Risk
17049,11,10,3988.91,281,3.452984281294426e-14,8.99521844780178e-14,1.486714258430463e-13,3.39937193207049e-14,0.999999999999966,1,5.528977432812315e-10,0,At-Risk
17050,11,5,880.85,318,6.952885121224602e-08,1.930126604412909e-07,3.461769151481583e-07,1.45664027349553e-07,0.9999998543359726,1,0.0003356428499508002,0,At-Risk
17051,82,3,461.16,264,0.04093749705577514,0.11498173441005287,0.20960359632010264,0.11400253690328281,0.8859974630967172,1,148.22687983335362,0,At-Risk
17055,81,1,234.4,81,0.37569438108036607,1.0100098979615217,1.7495780374787264,0.8490103824290516,0.15098961757094842,0,1539.8783172604299,1,Champions
17056,374,1,127.7,374,0.08562235350531877,0.25020651357496504,0.4817327649632324,0.8490103824290516,0.15098961757094842,0,394.7782567199499,2,Loyal Customers
17057,232,1,277.39,232,0.13681629772038098,0.39372655691857816,0.7422896126492885,0.8490103824290516,0.15098961757094842,0,669.6824226412169,2,Loyal Customers
17059,5,5,2394.0,318,1.3776698177925104e-09,3.824422697997446e-09,6.8592746651355245e-09,2.8862397482304114e-09,0.9999999971137602,1,1.5375393458282107e-05,0,At-Risk
17062,1,4,658.5600000000001,75,3.9400248488872986e-07,9.270724767420885e-07,1.3786763689435353e-06,2.666438290311101e-07,0.999999733356171,1,0.0011262618455877024,0,At-Risk
17063,43,6,2157.79,374,4.039181504600931e-06,1.123540117245421e-05,2.0199162384690636e-05,8.355042644270331e-06,0.9999916449573557,1,0.04140166946329651,0,At-Risk
17065,273,2,165.3,273,0.20719675486627315,0.5912484007051014,1.1013760047723893,0.85162442782021,0.14837557217979003,0,654.089449306297,2,Loyal Customers
17066,362,1,228.34,362,0.088418198097437,0.25815856504837054,0.4964573800708087,0.8490103824290516,0.15098961757094842,0,434.3263748984514,2,Loyal Customers
17067,360,3,341.29,367,0.22075792262915486,0.6311550369473219,1.1783085176154289,0.8461237120723728,0.1538762879276272,0,723.7966760860154,2,Loyal Customers
17068,4,27,4537.89,257,1.887732493920994e-47,4.260125689765024e-47,5.99837649149623e-47,6.979522162522305e-48,1.0,1,2.6072723609780403e-43,0,At-Risk
17069,9,6,2858.53,372,2.90375387276814e-10,8.073980462122878e-10,1.4508114246569077e-09,5.975573583799812e-10,0.9999999994024427,1,3.847463760990901e-06,0,At-Risk
17070,46,1,132.73,46,0.6311938485938098,1.586254503197243,2.5556533045571,0.8490103824290516,0.15098961757094842,0,2109.77094037185,1,Champions
17071,17,4,1291.89,320,9.084208322297346e-06,2.5505651257106305e-05,4.645279249054087e-05,2.348747758218281e-05,0.9999765125224178,1,0.0616989191261563,0,At-Risk
17072,261,1,277.15,261,0.12192793188878992,0.3524381714756945,0.6684415879861427,0.8490103824290516,0.15098961757094842,0,602.895583967986,2,Loyal Customers
17074,198,1,124.3,198,0.1596757945409644,0.45641830606077577,0.85276120982931,0.8490103824290516,0.15098961757094842,0,697.668528333588,2,Loyal Customers
17075,65,6,1361.81,361,6.824413719944424e-05,0.00018933966159040354,0.0003392405242442479,0.00013645201667280706,0.9998635479833272,1,0.46329519229369037,0,At-Risk
17076,28,3,397.87,371,0.000333718373940269,0.000954588884583364,0.0017833436006499115,0.0012926624993659973,0.998707337500634,1,1.1733427786969115,0,At-Risk
17077,214,1,202.5,214,0.14803617621783932,0.42460224708564476,0.7969439318051815,0.8490103824290516,0.15098961757094842,0,686.2245085333998,2,Loyal Customers
17080,15,5,592.77,162,2.2250562795136092e-05,5.776487912813938e-05,9.532998725052303e-05,2.469484965788349e-05,0.9999753051503422,1,0.06947457695524703,0,At-Risk
17081,31,4,614.68,291,0.00018547261841846195,0.0005175108511980551,0.000934778342878111,0.0004376199728709625,0.999562380027129,1,0.7266895246010346,0,At-Risk
17082,30,4,2596.23,360,5.304204589392131e-05,0.00014997637224511935,0.0002757317707417028,0.00015367985190673116,0.9998463201480933,1,0.6586930923136513,0,At-Risk
17083,45,6,2248.56,304,2.3935736432645778e-05,6.550254272661381e-05,0.0001152779728327626,4.061454643989706e-05,0.9999593854535601,1,0.24538918786297784,0,At-Risk
17084,32,1,2064.37,32,0.8671752801207654,2.056228284374122,3.1344959520926903,0.8490103824290516,0.15098961757094842,0,5938.3291721905225,1,Champions
17085,12,23,6159.36,369,7.358047433608324e-34,1.8256392671186003e-33,2.843187454704939e-33,4.315360630649906e-34,1.0,1,1.6624742006278156e-29,0,At-Risk
17087,373,1,221.53,373,0.0858485693712795,0.2508504236976269,0.4829263635301265,0.8490103824290516,0.15098961757094842,0,420.6713141795472,2,Loyal Customers
17089,22,1,128.45,22,1.183350105857577,2.60929209087968,3.7400339823139808,0.8490103824290516,0.15098961757094842,0,3088.387850278556,1,Champions
17090,10,6,1007.64,144,5.060610327298368e-07,1.266428881185036e-06,2.002105489932633e-06,4.2897721344859254e-07,0.9999995710227866,1,0.002130981640106712,0,At-Risk
17091,3,11,3882.96,359,1.0285815444468015e-22,2.735862247865179e-22,4.638058299089031e-22,1.1647001813425473e-22,1.0,1,1.6851806872772731e-18,0,At-Risk
17092,73,7,3666.32,311,0.00011442232434792165,0.0003105317787635769,0.0005405252779060604,0.00017209228195561808,0.9998279077180444,1,1.8241101422136725,0,At-Risk
17093,228,1,231.18,228,0.13916010479892874,0.4001933158571182,0.7537767367004776,0.8490103824290516,0.15098961757094842,0,660.8990141635251,2,Loyal Customers
17094,59,1,100.2,59,0.5038978630062442,1.3087781411818866,2.18196512092429,0.8490103824290516,0.15098961757094842,0,1760.638762275498,1,Champions
17095,66,4,1028.84,360,0.0014866486083607668,0.004203498589234371,0.007728138052476204,0.004307298749885013,0.995692701250115,1,8.608970248209946,0,At-Risk
17096,19,7,2596.0,191,3.9254192260775803e-07,1.006868037368958e-06,1.635849553418532e-06,3.747537880158463e-07,0.999999625246212,1,0.003996543474535978,0,At-Risk
17097,1,2,356.23,66,0.0008689740615550192,0.002175283807100216,0.0034693528139137023,0.0009373155428559084,0.9990626844571441,1,2.5339501186146034,0,At-Risk
17098,17,3,530.62,176,0.0015766470191614856,0.004296012416871982,0.007532185990172415,0.0029790452751210996,0.997020954724879,1,5.7356162272972435,0,At-Risk
17099,169,1,558.97,169,0.1862135016987237,0.52815243737629,0.9767803884131306,0.8490103824290516,0.15098961757094842,0,1032.9373268859433,2,Loyal Customers
17101,30,3,828.9300000000001,186,0.007647855575731171,0.020938670855787177,0.03693262953131628,0.015228519605591092,0.9847714803944089,1,36.63695975908371,0,At-Risk
17103,358,1,418.21,358,0.08939116800436163,0.2609227863710301,0.5015677362884462,0.8490103824290516,0.15098961757094842,0,491.16353850871906,2,Loyal Customers
17104,59,1,454.78,59,0.5038978630062442,1.3087781411818866,2.18196512092429,0.8490103824290516,0.15098961757094842,0,2187.363492587792,1,Champions
17106,25,1,465.33,25,1.0666498486559604,2.4143585455321217,3.5351634737843702,0.8490103824290516,0.15098961757094842,0,3576.4858899880523,1,Champions
17107,33,4,4495.04,313,0.0001648929626401608,0.0004623182228586915,0.0008404368060825322,0.0004173384187007682,0.9995826615812993,1,3.3065495685492663,0,At-Risk
17108,299,1,174.95,299,0.10671177071896486,0.3098615798645901,0.5913596549318426,0.8490103824290516,0.15098961757094842,0,500.0690319045923,2,Loyal Customers
17109,42,2,406.42,133,0.1443984141397711,0.39277300988783087,0.688080052285216,0.2974244137884545,0.7025755862115455,0,525.7065675956673,0,At-Risk
17110,156,2,288.2,246,0.18065945207626735,0.5128432735518136,0.9486857627652778,0.6711067071182885,0.32889329288171154,0,645.2842272162161,2,Loyal Customers
17111,61,1,215.34,61,0.48873519626480666,1.2744929727439,2.1339896465010155,0.8490103824290516,0.15098961757094842,0,1857.257988700341,1,Champions
17112,138,1,205.17,138,0.22644402056412252,0.6348178726223725,1.1566533502380336,0.8490103824290516,0.15098961757094842,0,998.2803211202189,2,Loyal Customers
17113,210,6,2194.24,333,0.13872648111847186,0.3825127682058476,0.679803192326831,0.2567540121944268,0.7432459878055733,0,1415.024021838106,2,Loyal Customers
17115,184,4,1773.25,370,0.07812834835281306,0.22124623468247104,0.4076023381332896,0.23245301285271655,0.7675469871472834,0,700.8334450243178,2,Loyal Customers
17116,284,1,367.91,284,0.1122409452601516,0.325377542955536,0.6195607650698525,0.8490103824290516,0.15098961757094842,0,589.6870933528716,2,Loyal Customers
17121,38,1,300.04,38,0.7474063005016703,1.8244684065273973,2.857057746874633,0.8490103824290516,0.15098961757094842,0,2624.3411475583744,1,Champions
17122,24,3,432.18,135,0.014269305494500688,0.0378716556382497,0.064305764889378,0.021010332236436627,0.9789896677635633,1,44.105203303215525,0,At-Risk
17123,75,2,590.22,208,0.11471206456520346,0.322561161971187,0.58927630567345,0.36228296167315094,0.6377170383268491,0,525.8094589912205,0,At-Risk
17126,17,4,1001.87,101,0.0036419504348744296,0.009041268871677447,0.014208341336038377,0.003201442654938805,0.9967985573450612,1,15.572294993717486,0,At-Risk
17127,64,5,1104.78,371,0.00024285357338957742,0.0006813164835855488,0.0012391820857191424,0.0005900878282447541,0.9994099121717552,1,1.4343055471434314,0,At-Risk
17129,156,1,29.85,156,0.2012037920142508,0.5681864645471544,1.0449162887959311,0.8490103824290516,0.15098961757094842,0,800.8449248880439,2,Loyal Customers
17132,88,2,1108.1,124,0.37613484801247943,1.0165551614711494,1.7670122318917971,0.7251663382537187,0.2748336617462813,0,2221.2449801998127,1,Champions
17133,110,5,1183.68,264,0.03268730251870544,0.08940501740168502,0.15729811684606718,0.0573313867000758,0.9426686132999242,1,192.63497581289897,0,At-Risk
17134,78,1,203.6,78,0.38919651251499493,1.042451465674529,1.798141754039982,0.8490103824290516,0.15098961757094842,0,1552.2510674683326,1,Champions
17135,7,4,750.89,215,1.9009495883110254e-06,5.179566918818385e-06,9.073647436355224e-06,3.359256002462377e-06,0.9999966407439975,1,0.008064855267702429,0,At-Risk
17136,298,1,207.32,298,0.10706337840771217,0.31084978721858486,0.5931595812078014,0.8490103824290516,0.15098961757094842,0,512.151391354019,2,Loyal Customers
17137,52,6,1132.28,313,4.764987154917342e-05,0.00013072255013710094,0.00023079728163959815,8.313001740470994e-05,0.9999168699825953,1,0.2697510500278635,0,At-Risk
17138,25,6,3800.95,309,5.584140036310864e-07,1.5302891398174786e-06,2.698010901147627e-06,9.623501705169474e-07,0.9999990376498294,1,0.009344098824396916,0,At-Risk
17139,25,13,8084.37,333,1.1340966651451007e-14,2.94426498770869e-14,4.8427050984717305e-14,1.025648549645311e-14,0.9999999999999898,1,3.6347372120487874e-10,0,At-Risk
17141,54,4,730.69,320,0.0011769027984496882,0.0033043795646001783,0.006018182271726499,0.0030429154764258716,0.9969570845235741,1,5.245665890488209,0,At-Risk
17142,40,3,654.3000000000001,320,0.0019698582191125763,0.00559401582740817,0.010348346945688142,0.006608054791625846,0.9933919452083741,1,8.859383104713007,0,At-Risk
17143,53,2,827.5600000000001,151,0.15024821727066512,0.4130978573117966,0.7333441665608835,0.34908176971582894,0.6509182302841711,0,776.9752063623494,0,At-Risk
17145,148,4,2863.1800000000003,294,0.10160187467047346,0.283690721920414,0.512901974460134,0.24210395562428294,0.757896044375717,0,1337.1132276614162,0,At-Risk
17146,71,10,4736.29,311,1.6580581684553642e-06,4.373806756092193e-06,7.340486604990778e-06,1.7935003676371736e-06,0.9999982064996323,1,0.03223296818060911,0,At-Risk
17147,88,5,1215.61,333,0.0025178382775890937,0.007012712138409005,0.012632562898133214,0.005513477114755309,0.9944865228852446,1,15.801530269407511,0,At-Risk
17149,87,1,135.0,87,0.3513186791128613,0.9508348977291979,1.6599346554790424,0.8490103824290516,0.15098961757094842,0,1369.8154783353596,1,Champions
17150,12,6,1308.3,369,1.739697212892586e-09,4.834453116308819e-09,8.680292716095257e-09,3.5523724515505308e-09,0.9999999964476276,1,1.1454787126599657e-05,0,At-Risk
17151,371,1,231.90000000000003,371,0.08630460618609923,0.2521482388436866,0.4853313984359617,0.8490103824290516,0.15098961757094842,0,425.5351589981501,2,Loyal Customers
17152,61,1,277.95000000000005,61,0.48873519626480666,1.2744929727439,2.1339896465010155,0.8490103824290516,0.15098961757094842,0,1930.9427188554475,1,Champions
17155,163,5,519.29,372,0.030044444284731516,0.08430301433798727,0.1533659654543588,0.0731920572005633,0.9268079427994367,1,102.05492774774152,0,At-Risk
17156,127,1,589.98,127,0.2452451118898639,0.6838287467888592,1.2375435693156622,0.8490103824290516,0.15098961757094842,0,1330.423053666595,2,Loyal Customers
17157,116,17,3604.43,371,1.90324779589595e-08,4.882636981269264e-08,7.911879763267671e-08,1.4832388441206346e-08,0.9999999851676116,1,0.00027079179349616823,0,At-Risk
17158,183,2,687.13,278,0.16481146542692693,0.4707035622073049,0.877840041159901,0.6894812596605292,0.3105187403394708,0,842.6238630158695,2,Loyal Customers
17159,113,2,477.06,281,0.09948606338962425,0.2842759014748678,0.5305197200036084,0.4205668513779894,0.5794331486220106,0,431.0620390654517,0,At-Risk
17160,10,11,6586.45,371,1.8791446406199726e-17,5.016332946442502e-17,8.542815870592075e-17,2.1944302722058065e-17,1.0,1,5.197656393747196e-13,0,At-Risk
17161,80,1,841.21,80,0.38008976190222116,1.0205967970533638,1.7654710474525415,0.8490103824290516,0.15098961757094842,0,2144.289829086426,1,Champions
17163,81,2,397.02,311,0.04570580605783623,0.13119126481987822,0.24633000710936073,0.21329975820459493,0.7867002417954051,0,186.29758100136786,0,At-Risk
17165,17,5,1574.09,364,2.771161859615551e-07,7.764860812574925e-07,1.4099657010031385e-06,6.610855806730711e-07,0.9999993389144193,1,0.0021881350682541787,0,At-Risk
17167,15,3,840.96,81,0.026655109553537403,0.06603081618187699,0.10378212271426335,0.02461112624620706,0.9753888737537929,1,104.19983381441955,0,At-Risk
17168,134,1,389.42,134,0.23293766058025214,0.6518050003909027,1.1848128962426638,0.8490103824290516,0.15098961757094842,0,1142.8060609290599,2,Loyal Customers
17169,214,1,310.8,214,0.14803617621783932,0.42460224708564476,0.7969439318051815,0.8490103824290516,0.15098961757094842,0,733.7038012320633,2,Loyal Customers
17170,10,2,178.68,25,0.899026573797913,1.8477612800283854,2.4746463609416036,0.4305797545736609,0.5694202454263391,0,1505.572354604097,1,Champions
17171,297,1,142.28,297,0.10741731083493343,0.3118443186546561,0.5949705023598397,0.8490103824290516,0.15098961757094842,0,492.4361866568652,2,Loyal Customers
17172,66,2,500.07,362,0.019909920943470175,0.05749236858857044,0.10884180781404919,0.10778808599196327,0.8922119140080367,1,90.16696266169144,0,At-Risk
17176,162,2,541.49,313,0.11979288644464431,0.3439395912633741,0.646033092455097,0.5625583550412152,0.4374416449587848,0,554.0403930689175,2,Loyal Customers
17177,141,1,109.15,141,0.22180653325925534,0.6226477024145489,1.1363978674666304,0.8490103824290516,0.15098961757094842,0,920.7015952137723,2,Loyal Customers
17178,367,1,370.51,367,0.08723137113978932,0.25478458036697815,0.490214076228868,0.8490103824290516,0.15098961757094842,0,467.1798071729429,2,Loyal Customers
17179,18,3,795.47,198,0.0011521342048549578,0.003170654593867896,0.005629105940347095,0.0024348018487351064,0.9975651981512649,1,5.437654562828384,0,At-Risk
17180,58,7,1336.53,323,1.590801907787578e-05,4.332365733341969e-05,7.574860813581962e-05,2.4799968511393295e-05,0.9999752000314887,1,0.10136820584239002,0,At-Risk
17181,9,2,74.5,231,0.0011264078496665095,0.0031867365318824967,0.005868537481268266,0.003936865959359259,0.9960631340406407,1,3.1122159594624264,0,At-Risk
17182,58,2,321.3,354,0.016367383276140297,0.04722357246065364,0.08929904162977666,0.08669168801350915,0.9133083119864909,1,62.78503645232682,0,At-Risk
17184,205,2,197.96,366,0.11073529683564377,0.31989066570426616,0.6059382253315677,0.6059851104721462,0.3940148895278538,0,373.60914029754923,2,Loyal Customers
17185,227,3,229.46,234,0.33930963748506604,0.9454923412155963,1.705739024897134,0.8413391194684362,0.1586608805315638,0,901.1458057026233,2,Loyal Customers
17187,162,1,189.96,162,0.19399602950669112,0.5489802985941657,1.012323361013848,0.8490103824290516,0.15098961757094842,0,865.0170178104131,2,Loyal Customers
17188,82,6,2028.31,367,0.0002579752078005897,0.0007166052697645641,0.0012859975294384853,0.0005240324305610922,0.9994759675694389,1,2.492866580415423,0,At-Risk
17189,196,3,564.41,373,0.10698448940022413,0.30610022531778575,0.5720420660707961,0.4165829959034059,0.583417004096594,0,449.92760916672853,2,Loyal Customers
17190,39,5,812.87,280,0.00010514025416007097,0.00028900280833008094,0.0005117167594485006,0.00019503427508150265,0.9998049657249185,1,0.467034184358726,0,At-Risk
17191,4,11,2579.41,374,1.108641845297045e-21,2.962070859307026e-21,5.049944200904232e-21,1.304475720496013e-21,1.0,1,1.2377467240814068e-17,0,At-Risk
17192,172,1,72.58,172,0.1830660593861391,0.5197024129997161,0.9623011407206947,0.8490103824290516,0.15098961757094842,0,760.0473878580218,2,Loyal Customers
17193,22,2,414.96,373,0.0016959065897772338,0.004902466762755797,0.009295057044659074,0.009454516014848232,0.9905454839851517,1,7.145301250595542,0,At-Risk
17194,166,1,505.29,166,0.18947106979442438,0.5368818820589268,0.9917024821521263,0.8490103824290516,0.15098961757094842,0,1019.4499223498857,2,Loyal Customers
17195,291,1,496.77,291,0.10959104218180206,0.31794777954838876,0.6060726709789009,0.8490103824290516,0.15098961757094842,0,619.7856029264876,2,Loyal Customers
17196,63,1,342.2,63,0.4744586222190518,1.241960927972411,2.088085047693815,0.8490103824290516,0.15098961757094842,0,1963.2043224832619,1,Champions
17198,1,2,467.06,7,0.5513563955584256,0.7947402914383583,0.8725614805144056,0.12035001014108788,0.8796499898589121,1,714.5630140545085,0,At-Risk
17199,218,1,119.47,218,0.14538668109111177,0.41732957748877864,0.7841137188833538,0.8490103824290516,0.15098961757094842,0,639.3482204653931,2,Loyal Customers
17200,23,4,196.15,288,5.580842323768678e-05,0.0001556071964960961,0.0002808092672968252,0.0001303741866062028,0.9998696258133938,1,0.12266904515893465,0,At-Risk
17201,159,3,849.62,303,0.13065557693543545,0.36995015461728104,0.6816774727596536,0.41569511651550545,0.5843048834844946,0,686.4768875389142,2,Loyal Customers
17202,56,1,160.65,56,0.5284926147861599,1.3638165754876814,2.2581292216208526,0.8490103824290516,0.15098961757094842,0,1897.6958107640571,1,Champions
17203,24,4,1009.2,24,3.0350435132746276,5.27656790630034,6.226372243258635,0.8565900682038211,0.1434099317961789,0,6923.558489818457,1,Champions
17204,10,5,3261.24,183,1.3280930469020876e-06,3.5001789524977338e-06,5.880709173129785e-06,1.6500548930463823e-06,0.999998349945107,1,0.017494655377387116,0,At-Risk
17205,52,2,252.65,200,0.07020333641031255,0.19692730325181146,0.35862425356418687,0.21348997960183405,0.786510020398166,0,235.06582357536922,0,At-Risk
17207,288,1,288.06,288,0.11071123684405683,0.3210900002047095,0.6117806618143302,0.8490103824290516,0.15098961757094842,0,555.4098078812838,2,Loyal Customers
17208,31,1,115.35,31,0.8909744268178874,2.1007233476849643,3.186075398669065,0.8490103824290516,0.15098961757094842,0,2603.6971130869133,1,Champions
17209,285,3,306.05,372,0.18285018597577213,0.5231004416182792,0.9774099419615488,0.7101331272505704,0.28986687274942957,0,573.7858639761608,2,Loyal Customers
17210,28,1,251.48,28,0.9709216968192537,2.246610201014164,3.3515477052348936,0.8490103824290516,0.15098961757094842,0,2992.5149695280325,1,Champions
17211,5,6,1708.61,362,1.1127004078436536e-11,3.087758114711982e-11,5.533838553642829e-11,2.230718050876224e-11,0.9999999999776928,1,9.206903457277975e-08,0,At-Risk
17212,94,2,501.65,122,0.4006493965131204,1.0811374222362944,1.8757776881995527,0.76069401177418,0.23930598822582005,0,1558.9286520249298,1,Champions
17213,2,7,2352.7200000000003,360,6.022030014018922e-16,1.6554678824813401e-15,2.9297987344186606e-15,1.0408488932835323e-15,0.999999999999999,1,6.520946657169825e-12,0,At-Risk
17215,100,1,163.65,100,0.30801945681535453,0.8437464959454987,1.494128660316388,0.8490103824290516,0.15098961757094842,0,1256.1756754558903,1,Champions
17216,190,1,64.05,190,0.16621010708694378,0.4741844489714396,0.8837109196765645,0.8490103824290516,0.15098961757094842,0,693.7334616605393,2,Loyal Customers
17217,255,1,86.65,255,0.12473630306727639,0.36025425780828074,0.6824889446324767,0.8490103824290516,0.15098961757094842,0,544.07164794105,2,Loyal Customers
17218,4,9,2108.81,319,3.2016103429310945e-17,8.546390030922226e-17,1.456015038740801e-16,3.9091851613503466e-17,1.0,1,2.941701264110347e-13,0,At-Risk
17219,52,1,144.9,52,0.5652818068057578,1.4448451535824043,2.368389285060374,0.8490103824290516,0.15098961757094842,0,1970.2553499599667,1,Champions
17220,53,7,1266.02,324,8.090562543358526e-06,2.2039875381350395e-05,3.854914151332765e-05,1.2649914055104232e-05,0.9999873500859449,1,0.049211278007165384,0,At-Risk
17221,227,3,608.38,243,0.3205458198232649,0.895508656449312,1.6209957582590868,0.8241651463840289,0.17583485361597107,0,1330.887501714147,2,Loyal Customers
17222,113,5,1174.04,334,0.009057101358627934,0.025231257161284854,0.04546374315395932,0.019890145966846986,0.980109854033153,1,55.27975842168961,0,At-Risk
17223,4,2,355.04,11,1.4513848792613997,2.3750178431647275,2.761344412352239,0.3997945678830556,0.6002054321169443,0,2035.184127196797,1,Champions
17224,137,1,60.31,137,0.2280332481000082,0.6389810622220772,1.163566823542267,0.8490103824290516,0.15098961757094842,0,911.4775316091984,2,Loyal Customers
17225,217,1,131.15,217,0.14604012348521084,0.4191242830482266,0.7872823592435918,0.8490103824290516,0.15098961757094842,0,646.9936922757969,2,Loyal Customers
17226,80,2,364.43,301,0.04892275311339521,0.14022776437101575,0.26279452946093107,0.22114698218368672,0.7788530178163133,0,192.7508779637679,0,At-Risk
17227,4,7,798.09,329,9.826904412532606e-14,2.680672780500341e-13,4.696963887992834e-13,1.5589756671031512e-13,0.9999999999998441,1,4.0750974463419977e-10,0,At-Risk
17228,3,7,1260.07,273,7.103787244306858e-14,1.90317955092995e-13,3.2591234099566386e-13,9.448142781025746e-14,0.9999999999999055,1,4.1455742190866203e-10,0,At-Risk
17230,199,10,5285.44,367,0.009784586139385437,0.026287259456273502,0.04513883689584489,0.012359861214234389,0.9876401387857656,1,220.43296397347027,0,At-Risk
17231,25,15,3815.47,368,1.545807962289446e-17,4.0105582189581564e-17,6.589280418710779e-17,1.3428400967031963e-17,1.0,1,2.376639144871817e-13,0,At-Risk
17233,84,2,355.93,360,0.03237337466116835,0.09346302218194907,0.17688983914802442,0.17431423974951693,0.825685760250483,1,128.6621098762852,0,At-Risk
17235,8,7,1243.97,189,9.885242828850094e-10,2.531800668669159e-09,4.106287687612832e-09,9.34683366013348e-10,0.9999999990653167,1,5.171947798895206e-06,0,At-Risk
17236,46,6,716.64,278,5.2302224500590476e-05,0.00014198875905102533,0.0002473360789588096,8.152754136954763e-05,0.9999184724586304,1,0.20075444117289096,0,At-Risk
17237,11,2,678.54,17,1.8968961618199145,3.5163565014972074,4.387423416573396,0.6873734704991148,0.3126265295008852,0,4230.981943188125,1,Champions
17238,7,17,3902.08,374,3.8029670800558625e-29,9.767378088962465e-29,1.5848829737835256e-28,2.985705914846382e-29,1.0,1,5.8624195831281e-25,0,At-Risk
17239,23,3,506.2000000000001,162,0.005845873716717167,0.015807971285191055,0.027455892044816844,0.010213094929693923,0.9897869050703061,1,20.393043147242825,0,At-Risk
17240,232,1,122.95,232,0.13681629772038098,0.39372655691857816,0.7422896126492885,0.8490103824290516,0.15098961757094842,0,606.6242543227576,2,Loyal Customers
17241,21,12,2569.04,298,7.186051001113032e-14,1.8526374572226932e-13,3.0223791715378117e-13,6.316124189139591e-14,0.9999999999999368,1,7.398515489948223e-10,0,At-Risk
17242,92,3,1578.56,320,0.027048741486013616,0.07681318711983139,0.14209639994679255,0.09073727441390349,0.9092627255860966,1,223.0774332889512,0,At-Risk
17243,5,44,11221.28,374,1.3973440442053819e-80,3.215568699867676e-80,4.61123700988321e-80,4.569453158348904e-81,1.0,1,4.965138389422015e-76,0,At-Risk
17244,19,4,773.27,369,6.851970613252032e-06,1.940071875996014e-05,3.573476259661167e-05,2.0333058726022495e-05,0.9999796669412739,1,0.03237788648291275,0,At-Risk
17245,325,1,178.58,325,0.098316821354806,0.2862054004978811,0.5481166359514865,0.8490103824290516,0.15098961757094842,0,464.5630233281647,2,Loyal Customers
17246,182,2,36.47,374,0.09441716704122825,0.2729639417186643,0.5176070443477906,0.5277495395462071,0.47225046045379293,0,260.52980911134915,2,Loyal Customers
17248,117,1,227.51,117,0.2652676405638336,0.7354511944067456,1.3215831163531795,0.8490103824290516,0.15098961757094842,0,1157.22350162574,2,Loyal Customers
17249,64,1,68.03,64,0.46762869042445254,1.2263107817086956,2.065867788512742,0.8490103824290516,0.15098961757094842,0,1629.904086181011,1,Champions
17251,18,2,521.2,360,0.0012210817069261252,0.003525303983748782,0.006672055322791056,0.006574907053795179,0.9934250929462048,1,5.62616445815498,0,At-Risk
17254,37,1,197.84,37,0.7650146626461872,1.8593872357234449,2.899825922316683,0.8490103824290516,0.15098961757094842,0,2500.178439911697,1,Champions
17255,26,2,474.65,82,0.22958462022606468,0.5925160445605936,0.9765141837332606,0.30142189089270643,0.6985781091072936,0,793.9896861455447,0,At-Risk
17256,117,3,161.43,236,0.14870394604082296,0.41460988414800426,0.7485598544234878,0.37174649720027175,0.6282535027997282,0,356.1111256633571,0,At-Risk
17257,72,2,138.26,72,0.7300764942813126,1.8511097556271865,2.992551229118187,0.85162442782021,0.14837557217979003,0,1725.9797902048044,1,Champions
17258,32,2,417.3,301,0.007676978998511198,0.022004599773631887,0.041237828110757144,0.03470247747245944,0.9652975225275405,1,31.775625973334336,0,At-Risk
17259,4,5,1229.26,291,8.197411604933466e-10,2.2602640460640983e-09,4.018225827874929e-09,1.5775675450025749e-09,0.9999999984224325,1,5.073781073861787e-06,0,At-Risk
17260,47,1,88.5,47,0.6191609788056118,1.5607906492381476,2.522405309124176,0.8490103824290516,0.15098961757094842,0,2020.5840293180208,1,Champions
17261,145,1,225.54,145,0.21591085433715304,0.6071288899324897,1.1104703139168772,0.8490103824290516,0.15098961757094842,0,970.7925932764746,2,Loyal Customers
17262,2,7,827.22,360,6.022030014018922e-16,1.6554678824813401e-15,2.9297987344186606e-15,1.0408488932835323e-15,0.999999999999999,1,2.615907724959187e-12,0,At-Risk
17264,60,1,263.19,60,0.4962006894794898,1.2914076644591357,2.157709845004365,0.8490103824290516,0.15098961757094842,0,1934.9393923066223,1,Champions
17266,135,2,195.94,276,0.12779809672481254,0.3648688468031992,0.6801516466168072,0.5308938713556718,0.4691061286443282,0,418.54251336994975,2,Loyal Customers
17268,81,7,804.75,367,6.228627095038904e-05,0.00017149557157029272,0.00030413161044698297,0.00010965250059626618,0.9998903474994038,1,0.26556488278863544,0,At-Risk
17269,21,1,517.0600000000001,21,1.2281487424271247,2.681486799703919,3.813684702852179,0.8490103824290516,0.15098961757094842,0,3970.79694952201,1,Champions
17270,105,2,468.67,368,0.045397934851322555,0.13117093953012057,0.24853251160363526,0.24976441919427714,0.7502355808057228,0,200.41442956341837,0,At-Risk
17271,372,1,202.04,372,0.08607598374816994,0.2514976568564044,0.48412589324400473,0.8490103824290516,0.15098961757094842,0,416.52909121805317,2,Loyal Customers
17273,60,1,141.12,60,0.4962006894794898,1.2914076644591357,2.157709845004365,0.8490103824290516,0.15098961757094842,0,1789.6729440409986,1,Champions
17274,31,1,457.15,31,0.8909744268178874,2.1007233476849643,3.186075398669065,0.8490103824290516,0.15098961757094842,0,3205.77347655436,1,Champions
17275,19,1,96.37,19,1.328774869330653,2.8386123780580657,3.969984316419223,0.8490103824290516,0.15098961757094842,0,3210.111348076573,1,Champions
17276,38,1,446.54,38,0.7474063005016703,1.8244684065273973,2.857057746874633,0.8490103824290516,0.15098961757094842,0,2855.5551740765127,1,Champions
17278,201,1,25.2,201,0.15735596445047392,0.45009454913367103,0.8417071570782914,0.8490103824290516,0.15098961757094842,0,642.722226471835,2,Loyal Customers
17280,74,1,118.86,74,0.4087853399913022,1.0890980299855537,1.8672611300597888,0.8490103824290516,0.15098961757094842,0,1524.9253631781817,1,Champions
17281,10,6,447.45,309,2.0868245988276736e-09,5.7187767490152164e-09,1.0082618773542975e-08,3.596356816738267e-09,0.9999999964036432,1,5.847926825171028e-06,0,At-Risk
17282,92,2,592.31,184,0.19372938742407048,0.5404770558733639,0.9773605360805546,0.5437370492495419,0.4562629507504581,0,873.7196177573967,2,Loyal Customers
17283,14,1,156.05,14,1.6713069656713468,3.326174249726184,4.422257861047852,0.8490103824290516,0.15098961757094842,0,3728.0999442616217,1,Champions
17284,25,1,855.07,25,1.0666498486559604,2.4143585455321217,3.5351634737843702,0.8490103824290516,0.15098961757094842,0,4338.969545221547,1,Champions
17285,264,2,365.24,299,0.18085439112864016,0.5182334031736581,0.9708130857189224,0.8122236353241801,0.18777636467581993,0,712.6158249564812,2,Loyal Customers
17286,36,2,185.45,36,1.3313811155502286,2.9814489273445726,4.277572692529633,0.85162442782021,0.14837557217979003,0,2617.454263504232,1,Champions
17287,3,16,2719.41,372,6.898114514120237e-33,1.7810775158165064e-32,2.908834882685463e-32,5.700691000250759e-33,1.0,1,7.55639126678289e-29,0,At-Risk
17288,26,4,983.85,30,2.3337467575584903,4.349226389757295,5.355024579836939,0.7658275557878715,0.23417244421212846,0,5833.2002081901755,1,Champions
17289,12,6,1044.89,277,1.3796228353971429e-08,3.7441072736612634e-08,6.519228091934836e-08,2.1432009575467566e-08,0.9999999785679904,1,7.131910749085264e-05,0,At-Risk
17290,17,6,780.14,362,1.664821702161369e-08,4.619901892872934e-08,8.279726020965357e-08,3.3375990485155654e-08,0.9999999666240095,1,7.168061904981445e-05,0,At-Risk
17292,108,2,208.0,215,0.1674942216897901,0.4719164062624488,0.8643697939943378,0.5461515759873442,0.4538484240126558,0,539.4149184333203,2,Loyal Customers
17293,30,8,1654.93,372,4.0818343772091326e-09,1.1156859378917952e-08,1.9593969105312688e-08,6.4287851519004245e-09,0.9999999935712148,1,3.164006367076401e-05,0,At-Risk
17294,305,2,382.77,305,0.1859881758938518,0.5334051811473017,1.0004088840036736,0.85162442782021,0.14837557217979003,0,746.6216962148274,2,Loyal Customers
17296,366,1,277.17,366,0.08746618074328065,0.2554523028732746,0.4914501394789375,0.8490103824290516,0.15098961757094842,0,443.13689173631985,2,Loyal Customers
17298,10,3,386.9,277,4.3300919061411186e-05,0.00012197701435418337,0.00022322016953308196,0.00012631161663479186,0.9998736883833652,1,0.14503873335260326,0,At-Risk
17299,75,2,346.97,117,0.3708910613106993,0.9967700719121936,1.7209877855758067,0.6770351504203692,0.3229648495796308,0,1243.4148775183735,1,Champions
17300,26,2,334.29,117,0.08856791397857869,0.2380263511165782,0.4109678394847463,0.1616744031279665,0.8383255968720336,1,293.26336847420185,0,At-Risk
17301,260,1,132.8,260,0.12238717870512605,0.3537172109540277,0.6707424981388375,0.8490103824290516,0.15098961757094842,0,551.7220083043704,2,Loyal Customers
17304,170,1,91.75,170,0.18515239699032085,0.5253053857533035,0.9719057515594292,0.8490103824290516,0.15098961757094842,0,777.898444460557,2,Loyal Customers
17305,284,1,638.0600000000001,284,0.1122409452601516,0.325377542955536,0.6195607650698525,0.8490103824290516,0.15098961757094842,0,681.7339056238542,2,Loyal Customers
17306,29,2,129.06,39,1.0926553552090568,2.488793811500859,3.6242041759805486,0.7468573040808024,0.2531426959191976,0,2072.5130833664025,1,Champions
17307,31,11,1857.93,325,2.3634035501926006e-11,6.21390215843361e-11,1.0383971564742357e-10,2.4388427599855417e-11,0.9999999999756116,1,1.8667211895038372e-07,0,At-Risk
17308,29,2,167.67,88,0.22812835389180247,0.5940453358194551,0.9888416016289939,0.3195521543045997,0.6804478456954003,0,590.3712605855462,0,At-Risk
17309,17,2,227.19,309,0.001764335597417161,0.005062857326480166,0.009502677706292786,0.00818211382888688,0.9918178861711131,1,6.055057783066596,0,At-Risk
17310,23,2,137.7,170,0.02271855731291947,0.06303077539167048,0.11317545423148337,0.05910546690953156,0.9408945330904684,1,65.07285599825408,0,At-Risk
17311,28,4,1695.73,310,8.678455179447268e-05,0.00024317095201291343,0.0004416904656273418,0.00021761935665360336,0.9997823806433463,1,0.731815133472106,0,At-Risk
17314,29,9,2180.19,372,2.780559563697897e-10,7.538959544079047e-10,1.310017916924091e-09,3.924323271557409e-10,0.9999999996075677,1,2.729097052816706e-06,0,At-Risk
17315,11,5,3224.99,74,0.0005611748148548172,0.0012700664282296824,0.0018149798316605956,0.0003114373347569599,0.9996885626652431,1,5.366350964534098,0,At-Risk
17316,56,1,124.45,56,0.5284926147861599,1.3638165754876814,2.2581292216208526,0.8490103824290516,0.15098961757094842,0,1852.6022733957498,1,Champions
17318,361,1,161.38,361,0.08865944947356304,0.258844114550551,0.4977251785304045,0.8490103824290516,0.15098961757094842,0,417.11161885501235,2,Loyal Customers
17319,305,1,29.1,305,0.1046496862161627,0.3040618263591696,0.5807854805198482,0.8490103824290516,0.15098961757094842,0,444.53714181568284,2,Loyal Customers
17320,4,4,1654.91,323,2.493324054196535e-08,7.004578062992759e-08,1.2767194557058248e-07,6.504864047576911e-08,0.9999999349513595,1,0.00020727783239996145,0,At-Risk
17321,30,4,915.42,213,0.0008233950020231714,0.002241648188689405,0.00392280837992105,0.0014422256045793168,0.9985577743954207,1,4.01230455636668,0,At-Risk
17322,12,5,898.88,372,4.071441577034792e-08,1.1424235189448065e-07,2.0783229083397837e-07,9.918545404633192e-08,0.9999999008145459,1,0.00020459548943331247,0,At-Risk
17323,43,5,644.52,334,5.8390404607261474e-05,0.0001626638872704933,0.00029310109853098213,0.00012823017262529832,0.9998717698273747,1,0.2259312275229169,0,At-Risk
17324,2,9,1144.29,357,3.9391153128473935e-20,1.0637841680115955e-19,1.8391273744749513e-19,5.3472321622740964e-20,1.0,1,2.1293885595999705e-16,0,At-Risk
17325,46,2,447.05,277,0.021457189597541032,0.06127161450517553,0.11424260167682966,0.08945089796927232,0.9105491020307277,1,90.42231939946653,0,At-Risk
17326,44,2,304.71,165,0.08849164805954568,0.2449749627023125,0.4386459953275471,0.22374302855061243,0.7762569714493875,0,303.6529945558256,0,At-Risk
17327,45,2,141.92000000000002,198,0.05544000758388046,0.15541583774639747,0.28279424249645024,0.16697037017528377,0.8330296298247162,1,163.39011546120508,0,At-Risk
17328,309,1,63.45,309,0.10331867563716779,0.30031446777359777,0.5739437225031125,0.8490103824290516,0.15098961757094842,0,450.13686255363336,2,Loyal Customers
17329,367,3,476.91,372,0.21848996122236763,0.6250592231813484,1.1679192951208244,0.8485469052585721,0.15145309474142787,0,839.7004766509248,2,Loyal Customers
17330,180,2,15.0,283,0.15799454961147086,0.45160902344688425,0.8431729856090536,0.6725335214920353,0.32746647850796473,0,411.8370826931199,2,Loyal Customers
17332,164,5,737.85,292,0.11707973535429736,0.3229104504840831,0.5742624692087718,0.22605599275358154,0.7739440072464184,0,487.8468420695763,0,At-Risk
17334,42,1,308.13,42,0.6843992514661552,1.697021765679058,2.6979342514864806,0.8490103824290516,0.15098961757094842,0,2489.277189305697,1,Champions
17335,19,2,478.3,320,0.0020131467385465784,0.005785315384144038,0.01088042491065214,0.009660324705840434,0.9903396752941596,1,8.848695976657774,0,At-Risk
17336,108,1,45.63,108,0.28630524207214425,0.7890660409249213,1.4076331779880051,0.8490103824290516,0.15098961757094842,0,1091.7764077460238,2,Loyal Customers
17338,11,9,5371.71,275,9.439325993121669e-13,2.477001060245013e-12,4.131635549652916e-12,1.003424795563603e-12,0.9999999999989966,1,2.0407985301273312e-08,0,At-Risk
17339,1,2,119.0,145,7.055392226328385e-05,0.00019334281924530245,0.0003418192513865185,0.0001577228285048063,0.9998422771714952,1,0.19211496017199728,0,At-Risk
17340,2,8,8994.15,299,2.598951083406317e-17,6.955638966579088e-17,1.189185120612122e-16,3.3295356461974e-17,1.0,1,9.647312924670907e-13,0,At-Risk
17341,2,3,1060.57,176,2.519596113810739e-06,6.865338949608398e-06,1.2036978676071254e-05,4.760730085325829e-06,0.9999952392699146,1,0.01409799704885176,0,At-Risk
17342,15,4,1022.37,305,6.9380271030890275e-06,1.9419798802745577e-05,3.5224183884288927e-05,1.7127274456156912e-05,0.9999828727255439,1,0.039064776097970565,0,At-Risk
17343,12,5,983.9,372,4.071441577034792e-08,1.1424235189448065e-07,2.0783229083397837e-07,9.918545404633192e-08,0.9999999008145459,1,0.0002194445512580687,0,At-Risk
17344,364,1,302.29,364,0.08793961288116951,0.2567983036080873,0.49394106642584773,0.8490103824290516,0.15098961757094842,0,452.20695293278527,2,Loyal Customers
17345,11,6,897.54,374,9.328959254801336e-10,2.594946516510357e-09,4.6652313755460265e-09,1.929694229183358e-09,0.9999999980703058,1,4.509296376487472e-06,0,At-Risk
17346,9,12,2509.77,236,6.56283126226218e-17,1.6332572340543735e-16,2.557236488203319e-16,4.6654467961475846e-17,1.0,1,6.127770969488669e-13,0,At-Risk
17348,73,4,1232.62,275,0.00918911471193944,0.025538057238674125,0.045889552365187145,0.02053561137878351,0.9794643886212165,1,58.75501222274762,0,At-Risk
17349,16,4,535.0,267,1.8195834215293792e-05,5.0460375657535916e-05,9.04181782809377e-05,3.9529030980011905e-05,0.99996047096902,1,0.06443920064574248,0,At-Risk
17350,30,3,574.46,312,0.0008681674417748309,0.0024621212158382256,0.004546448391696146,0.002841672085334182,0.9971583279146659,1,3.612094830122772,0,At-Risk
17351,63,9,1367.48,365,4.1792529459275785e-07,1.131070419703835e-06,1.96085147868981e-06,5.793289222229037e-07,0.9999994206710778,1,0.00266122938607552,0,At-Risk
17352,332,1,36.25,332,0.09627764246597172,0.2804412025709942,0.5375343323771706,0.8490103824290516,0.15098961757094842,0,413.51681960462867,2,Loyal Customers
17353,127,2,270.0,260,0.13525610173981328,0.38504377908527254,0.714971114785308,0.5301787575600129,0.46982124243998713,0,477.1481707607355,2,Loyal Customers
17354,64,3,868.99,64,1.1379754052355973,2.7050425566988627,4.076637415128174,0.8541495009411079,0.14585049905889214,0,4186.195267588477,1,Champions
17355,22,1,236.32,22,1.183350105857577,2.60929209087968,3.7400339823139808,0.8490103824290516,0.15098961757094842,0,3311.791136127256,1,Champions
17356,190,4,651.61,324,0.1451163246963964,0.4077586385262907,0.7434095183627089,0.3797269203204414,0.6202730796795586,0,600.1411518232185,2,Loyal Customers
17358,12,3,475.35,289,6.423277074394664e-05,0.00018139122402398666,0.00033304809696439887,0.00019521382713292174,0.999804786172867,1,0.2391384538025105,0,At-Risk
17359,284,1,148.9,284,0.1122409452601516,0.325377542955536,0.6195607650698525,0.8490103824290516,0.15098961757094842,0,515.0649487833068,2,Loyal Customers
17360,21,3,601.84,70,0.13100659401717568,0.31657920417611873,0.48498972415562075,0.10631666805810358,0.8936833319418964,1,397.30550449542585,0,At-Risk
17361,312,2,392.44,312,0.1819148758983626,0.5222287044398948,0.9807390575816682,0.85162442782021,0.14837557217979003,0,738.5728375362852,2,Loyal Customers
17362,36,5,688.0600000000001,338,2.1457190763495005e-05,5.982508451632798e-05,0.00010791619706569898,4.7663934031836203e-05,0.9999523360659681,1,0.08713240306626845,0,At-Risk
17363,31,3,856.71,38,1.5445793640935317,3.2737765954038096,4.453761902446507,0.7519522492921688,0.24804775070783125,0,4544.381696661045,1,Champions
17364,12,17,6630.77,368,3.6667251363879178e-25,9.395800372544504e-25,1.5203981910746791e-24,2.8363616418011606e-25,1.0,1,9.478095901004784e-21,0,At-Risk
17365,22,7,3193.47,312,1.9991201648901874e-08,5.4270582306807955e-08,9.450199284952596e-08,3.0158502915954224e-08,0.9999999698414971,1,0.0002798563426028969,0,At-Risk
17366,68,2,979.74,92,0.5093591564362118,1.33354008983967,2.233359427748519,0.7433220519409496,0.2566779480590504,0,2608.3192660866093,1,Champions
17368,11,6,678.74,360,1.2291012375636021e-09,3.4093741422840785e-09,6.1069326739861414e-09,2.4510229788814716e-09,0.9999999975489771,1,4.754818362708118e-06,0,At-Risk
17369,91,1,22.95,91,0.33675284963786173,0.9150956275348721,1.6051184824409084,0.8490103824290516,0.15098961757094842,0,1225.357190322221,1,Champions
17371,259,3,232.66,367,0.17008690073364752,0.4862847178406235,0.9078489300967837,0.6519111890058737,0.34808881099412625,0,481.5148319347965,2,Loyal Customers
17372,17,19,2778.9,372,2.5865173430195353e-25,6.562094143719625e-25,1.0491299187895819e-24,1.8229636579271396e-25,1.0,1,2.7914751168585284e-21,0,At-Risk
17373,54,3,520.58,285,0.00836538350421431,0.023604536684488232,0.043293208117395815,0.025083296029559488,0.9749167039704405,1,32.59903043692948,0,At-Risk
17374,31,1,224.14,31,0.8909744268178874,2.1007233476849643,3.186075398669065,0.8490103824290516,0.15098961757094842,0,2795.329317831277,1,Champions
17375,67,1,259.55,67,0.4482701437171995,1.1816438777248677,2.001973333236756,0.8490103824290516,0.15098961757094842,0,1790.6786613732806,1,Champions
17376,40,2,240.64,158,0.08417549874646356,0.23226196766778393,0.4141635792406733,0.20420027835036472,0.7957997216496353,0,268.1010262198669,0,At-Risk
17377,1,60,13682.86,373,1.664261890967507e-144,3.6861280342085644e-144,5.0883484523298074e-144,4.0852953250107355e-145,1.0,1,6.711050828749465e-140,0,At-Risk
17378,10,1,7.5,10,2.1061364120249815,3.856155596013083,4.862891129602646,0.8490103824290516,0.15098961757094842,0,3705.5054000875593,1,Champions
17380,70,3,618.75,170,0.1338392506118044,0.36354623797120666,0.6349342704951036,0.24471745272611867,0.7552825472738813,0,526.8001468351277,0,At-Risk
17381,4,12,2774.52,184,1.6446301065574849e-19,3.9115123288055365e-19,5.828902699539421e-19,9.375937490157525e-20,1.0,1,1.5396881492774033e-15,0,At-Risk
17382,71,7,654.72,205,0.0028438974536734943,0.007365350262900859,0.01210305912587281,0.0028972097411465096,0.9971027902588535,1,8.997479678709674,0,At-Risk
17383,89,1,83.75,89,0.34388156966442257,0.9326226726933176,1.6320653236453146,0.8490103824290516,0.15098961757094842,0,1300.662349430075,1,Champions
17384,103,1,171.15,103,0.29950127429217266,0.8223750690549642,1.4604727661877337,0.8490103824290516,0.15098961757094842,0,1233.834894937902,1,Champions
17386,21,1,126.35,21,1.2281487424271247,2.681486799703919,3.813684702852179,0.8490103824290516,0.15098961757094842,0,3145.4954230361404,1,Champions
17388,56,7,576.88,365,4.521570536177207e-06,1.2443923763546826e-05,2.2055367932580997e-05,7.918629526332677e-06,0.9999920813704737,1,0.014867792435501395,0,At-Risk
17389,10,27,12035.86,371,8.355722940879049e-42,2.036971096535338e-41,3.108901666294602e-41,4.248220799744161e-42,1.0,1,3.551730000685397e-37,0,At-Risk
17390,56,1,149.3,56,0.5284926147861599,1.3638165754876814,2.2581292216208526,0.8490103824290516,0.15098961757094842,0,1883.5573674179168,1,Champions
17392,86,1,152.44,86,0.3551592027727262,0.9602106440711874,1.6742302168152294,0.8490103824290516,0.15098961757094842,0,1397.738697883663,1,Champions
17393,46,2,325.41,124,0.19634917331350027,0.5306601253171033,0.9224122486924854,0.37854990512916187,0.6214500948708381,0,652.3720611793789,0,At-Risk
17395,144,1,86.25,144,0.21735519287173619,0.6109355837719794,1.1168405059865412,0.8490103824290516,0.15098961757094842,0,890.747833364694,2,Loyal Customers
17396,7,7,1246.53,77,5.77194724441946e-07,1.2371199761852078e-06,1.676739300439227e-06,2.5053461506541955e-07,0.999999749465385,1,0.002126004327235794,0,At-Risk
17397,52,1,504.56,52,0.5652818068057578,1.4448451535824043,2.368389285060374,0.8490103824290516,0.15098961757094842,0,2440.26539299129,1,Champions
17400,217,3,2455.73,358,0.142332418946992,0.4064615657547727,0.7576263205001074,0.5324991853040605,0.4675008146959395,0,1702.3610606639377,2,Loyal Customers
17401,177,1,112.95,177,0.17805029368728803,0.5062044710953901,0.9391008667666626,0.8490103824290516,0.15098961757094842,0,762.5540714149839,2,Loyal Customers
17402,5,12,1599.45,359,3.0114962632378127e-22,7.950726454216139e-22,1.3351884225526825e-21,3.145160777224424e-22,1.0,1,2.085669399079099e-18,0,At-Risk
17403,86,1,91.25,86,0.3551592027727262,0.9602106440711874,1.6742302168152294,0.8490103824290516,0.15098961757094842,0,1341.2927986203276,1,Champions
17404,45,8,3534.22,337,2.793567584241451e-07,7.566966381305083e-07,1.3135592888537805e-06,4.0061730413512495e-07,0.9999995993826959,1,0.004306117195642305,0,At-Risk
17406,2,11,2433.66,369,1.5312585823076427e-24,4.085258001658841e-24,6.952050488729332e-24,1.7791292232685835e-24,1.0,1,1.6121529729529938e-20,0,At-Risk
17407,47,1,524.4,47,0.6191609788056118,1.5607906492381476,2.522405309124176,0.8490103824290516,0.15098961757094842,0,2627.4800576318885,1,Champions
17408,136,2,175.71,150,0.3557332890342908,0.9775433170486357,1.7342093050749456,0.8212890788653869,0.17871092113461307,0,1043.6699942825624,2,Loyal Customers
17409,57,8,3795.0,364,9.550787412147074e-07,2.605501343047903e-06,4.564479586984295e-06,1.473463704364438e-06,0.9999985265362956,1,0.016013364503006874,0,At-Risk
17411,22,2,644.34,372,0.001710682709673602,0.004944705093216798,0.00937389347710279,0.00951183523392459,0.9904881647660754,1,8.713562262564436,0,At-Risk
17412,8,10,2527.12,373,6.366472099894644e-17,1.7132504076065252e-16,2.948083668309419e-16,8.165937770392038e-17,0.9999999999999999,1,7.072034601875823e-13,0,At-Risk
17413,40,2,369.39,205,0.03994436781885902,0.11222046086308592,0.2047740987154004,0.12439694553441946,0.8756030544655805,1,150.99160862979107,0,At-Risk
17414,59,4,179.39,372,0.0007793281865019672,0.002207580050152733,0.004068659529319626,0.0023308623157265148,0.9976691376842735,1,1.721097913017424,0,At-Risk
17416,29,15,9104.98,361,1.9628254434050954e-16,5.079412916851737e-16,8.31942342838156e-16,1.67516182476122e-16,0.9999999999999998,1,7.064375623555925e-12,0,At-Risk
17417,184,1,163.73000000000002,184,0.17147292956720764,0.48844427520844214,0.9084401222473069,0.8490103824290516,0.15098961757094842,0,763.0001745091508,2,Loyal Customers
17418,23,1,188.96,23,1.1417088417099113,2.5408958453433734,3.669162588845515,0.8490103824290516,0.15098961757094842,0,3152.1248421539904,1,Champions
17419,3,8,2178.23,319,2.455670388362558e-16,6.616109119068077e-16,1.1406809454152205e-15,3.343669261056069e-16,0.9999999999999997,1,2.37101569603923e-12,0,At-Risk
17420,9,4,470.25,37,0.04251987783374341,0.0842876748787064,0.10830885900742816,0.01624482655840562,0.9837551734415944,1,72.12343633418658,0,At-Risk
17421,22,3,1045.69,371,0.0001536718695542117,0.0004395726157285283,0.0008212006487196374,0.0005952500026736545,0.9994047499973263,1,0.9510656794546539,0,At-Risk
17422,17,5,1546.81,170,3.140031957323653e-05,8.201995859473166e-05,0.00013634120540762892,3.643545515442219e-05,0.9999635645448456,1,0.20887659197919226,0,At-Risk
17423,29,1,336.06,29,0.9427232635514526,2.195773242217596,3.294510429580775,0.8490103824290516,0.15098961757094842,0,3095.2273547135,1,Champions
17426,88,7,2760.53,296,0.0006633036697821309,0.001791657337053963,0.0030999301328375767,0.0009520560106596374,0.9990479439893404,1,8.008186419344767,0,At-Risk
17428,4,18,11525.07,374,6.47542335775017e-35,1.6534629528501876e-34,2.664055529593293e-34,4.821604917855141e-35,1.0,1,2.8779812937059233e-30,0,At-Risk
17429,32,2,826.19,65,0.5052003772481348,1.2617215985691246,2.0074409010017775,0.5375366689301475,0.4624633310698525,0,2130.3996055757034,1,Champions
17430,1,3,465.07,115,2.677622432721175e-06,6.9738800397921354e-06,1.1583173535765448e-05,3.397910212316019e-06,0.9999966020897877,1,0.00824353101533804,0,At-Risk
17432,21,7,1331.88,372,3.381155302605908e-09,9.319626720716145e-09,1.6551065855366155e-08,6.029814237962708e-09,0.9999999939701858,1,2.2074084369441886e-05,0,At-Risk
17433,21,1,244.45,21,1.2281487424271247,2.681486799703919,3.813684702852179,0.8490103824290516,0.15098961757094842,0,3394.959501964197,1,Champions
17435,47,1,276.75,47,0.6191609788056118,1.5607906492381476,2.522405309124176,0.8490103824290516,0.15098961757094842,0,2282.6812473269347,1,Champions
17436,44,3,315.06,368,0.0014839071332031092,0.004243078096259897,0.007922795838388019,0.005702636719445637,0.9942973632805544,1,4.706239164788774,0,At-Risk
17437,165,1,355.27,165,0.1905824031022901,0.5398561999054226,0.9967784565977948,0.8490103824290516,0.15098961757094842,0,942.3874732251145,2,Loyal Customers
17438,80,4,945.88,277,0.012943536630466324,0.03599093250556441,0.06471642903359807,0.02912767392036674,0.9708723260796333,1,67.757691013993,0,At-Risk
17439,291,1,239.37,291,0.10959104218180206,0.31794777954838876,0.6060726709789009,0.8490103824290516,0.15098961757094842,0,533.9942515323382,2,Loyal Customers
17440,185,1,102.87,185,0.17057276865820864,0.4860083587244576,0.9042228373668602,0.8490103824290516,0.15098961757094842,0,729.1740664793061,2,Loyal Customers
17441,368,1,292.09000000000003,368,0.08699781890140383,0.2541203397362457,0.4889842168697388,0.8490103824290516,0.15098961757094842,0,444.9229923813966,2,Loyal Customers
17442,17,9,2300.1,298,2.079135173868464e-11,5.5081192071573284e-11,9.295716616190644e-11,2.381860026253351e-11,0.9999999999761814,1,2.0374773282329028e-07,0,At-Risk
17448,165,41,14335.37,281,1.1221200977448237e-08,2.4302686125280946e-08,3.287577313211457e-08,3.077990001445619e-09,0.99999999692201,1,0.0004522388232092771,0,At-Risk
17449,23,6,2378.5,366,9.833942565587312e-08,2.7311351923681887e-07,4.899920902459152e-07,1.9923750937180926e-07,0.9999998007624906,1,0.0010973165638073089,0,At-Risk
17450,3,7,4374.49,74,2.9030189592191482e-09,6.1576198691738704e-09,8.271779761970451e-09,1.2204881921316645e-09,0.9999999987795118,1,3.326036318661014e-05,0,At-Risk
17454,98,6,989.26,329,0.0017252097951018098,0.00475235692897053,0.008435274814013115,0.0031563650507261693,0.9968436349492739,1,8.820705627487932,0,At-Risk
17456,1,2,938.05,92,0.0003030669043964562,0.0007934516574590995,0.0013288409948455477,0.00044227400333300416,0.999557725996667,1,1.512991073520727,0,At-Risk
17457,15,9,2605.79,368,7.802709700865306e-13,2.1133804276078334e-12,3.667498766361066e-12,1.0900203699714435e-12,0.99999999999891,1,9.035215676188625e-09,0,At-Risk
17458,17,1,212.08,17,1.447398694507076,3.015370542041162,4.139504380568189,0.8490103824290516,0.15098961757094842,0,3614.7036205923478,1,Champions
17460,8,12,1551.44,322,2.773976683511421e-19,7.225893436606211e-19,1.1936070016338711e-18,2.6187052510333196e-19,1.0,1,1.8129537574431745e-15,0,At-Risk
17463,196,2,650.25,225,0.2370078606310943,0.6695328384534674,1.230578590521941,0.8075292820047573,0.19247071799524273,0,1149.7303397806554,2,Loyal Customers
17464,158,2,646.75,255,0.17141645966169905,0.48750769253608434,0.9040500605114892,0.6593672480676968,0.34063275193230325,0,842.2766272237958,2,Loyal Customers
17465,61,7,2458.0,372,7.172446545405479e-06,1.9769729129552555e-05,3.510978481988292e-05,1.279104815658129e-05,0.9999872089518435,1,0.08136837406969163,0,At-Risk
17467,31,1,87.9,31,0.8909744268178874,2.1007233476849643,3.186075398669065,0.8490103824290516,0.15098961757094842,0,2555.344286354375,1,Champions
17468,11,1,57.8,11,1.977449732652053,3.7084734174816703,4.745091359348486,0.8490103824290516,0.15098961757094842,0,3746.4745026555916,1,Champions
17469,36,12,3063.89,359,4.147512943279952e-12,1.0949952447188447e-11,1.838857093018909e-11,4.331599275573992e-12,0.9999999999956684,1,5.3280610128760013e-08,0,At-Risk
17470,3,7,1605.28,144,1.3271521837710417e-11,3.256649395469138e-11,5.033681521109718e-11,9.81734544162647e-12,0.9999999999901826,1,7.941806650104513e-08,0,At-Risk
17471,110,1,321.65000000000003,110,0.2813468152607817,0.7764863975540227,1.3875545805783471,0.8490103824290516,0.15098961757094842,0,1287.0703461013593,1,Champions
17472,264,1,222.81,264,0.12057064100147505,0.34865596556166795,0.6616326560376026,0.8490103824290516,0.15098961757094842,0,576.9739703672761,2,Loyal Customers
17473,44,2,587.2,92,0.35642506919621086,0.9331472945780832,1.562797641932572,0.5201410644147344,0.4798589355852656,0,1393.870104878167,1,Champions
17474,235,1,750.45,235,0.1351096090304919,0.38901202241449306,0.7339015737211474,0.8490103824290516,0.15098961757094842,0,853.0716199091253,2,Loyal Customers
17476,31,2,417.31,373,0.003613987097248142,0.010447186025507807,0.019807822217375697,0.02014763023762743,0.9798523697623726,1,15.25931785772065,0,At-Risk
17477,248,2,917.5,283,0.19019640975847535,0.5436542911470936,1.0150253604478352,0.8096067968456213,0.1903932031543787,0,1138.2895020466979,2,Loyal Customers
17478,44,2,1219.1,269,0.0214116475959764,0.06105611586015323,0.11362681986719142,0.0867521610002235,0.9132478389997765,1,151.47221652451833,0,At-Risk
17479,268,1,389.2600000000001,268,0.11880723968444924,0.3437375375088079,0.6527670722090106,0.8490103824290516,0.15098961757094842,0,628.9910119745152,2,Loyal Customers
17480,80,1,390.21,80,0.38008976190222116,1.0205967970533638,1.7654710474525415,0.8490103824290516,0.15098961757094842,0,1705.5050633267756,1,Champions
17482,123,2,736.14,214,0.19107362772867484,0.538202943315469,0.9854247572550333,0.6202388451391911,0.37976115486080886,0,980.1458616165207,2,Loyal Customers
17483,50,1,151.44,50,0.5856671790483223,1.4890884698630558,2.4276739288246696,0.8490103824290516,0.15098961757094842,0,2028.6027597337193,1,Champions
17484,212,2,165.47,260,0.19977883288139742,0.5687255199907595,1.0560417830944775,0.7830958606776932,0.2169041393223068,0,627.3338823476927,2,Loyal Customers
17487,364,1,148.10000000000002,364,0.08793961288116951,0.2567983036080873,0.49394106642584773,0.8490103824290516,0.15098961757094842,0,410.3312174658032,2,Loyal Customers
17488,277,1,336.5,277,0.11502217486955624,0.333162898490252,0.6336631619320732,0.8490103824290516,0.15098961757094842,0,592.1774644958895,2,Loyal Customers
17490,24,2,647.28,205,0.013875354861641022,0.03898168383270943,0.07113176253117254,0.04321139267547442,0.9567886073245255,1,66.32036969931907,0,At-Risk
17491,3,8,1835.18,226,5.8404781102877285e-15,1.5118026326691473e-14,2.4814224552987566e-14,5.766566538719058e-15,0.9999999999999942,1,4.409511778413162e-11,0,At-Risk
17492,114,2,711.65,154,0.314150315895834,0.8650889713364962,1.538738580774048,0.7436893817958178,0.2563106182041822,0,1504.9921150482128,1,Champions
17493,21,1,100.91,21,1.2281487424271247,2.681486799703919,3.813684702852179,0.8490103824290516,0.15098961757094842,0,3091.758198921578,1,Champions
17494,137,1,49.8,137,0.2280332481000082,0.6389810622220772,1.163566823542267,0.8490103824290516,0.15098961757094842,0,904.745935179443,2,Loyal Customers
17495,26,1,281.46,26,1.032707500007532,2.3557168280528478,3.4717633488883806,0.8490103824290516,0.15098961757094842,0,3158.494980165068,1,Champions
17496,199,3,1042.99,330,0.15286715786115118,0.4348038675785859,0.8060698760819871,0.5283599434384413,0.4716400565615587,0,932.010909549809,2,Loyal Customers
17497,26,2,265.5,246,0.009279227885869412,0.026341215753347736,0.048727433209874604,0.03447011490136188,0.9655298850986381,1,32.367829148102956,0,At-Risk
17499,197,1,636.63,197,0.1604643469050757,0.4585659087056444,0.8565107509486746,0.8490103824290516,0.15098961757094842,0,942.1612533483217,2,Loyal Customers
17504,16,9,5472.02,305,9.48847303164401e-12,2.5203526423761662e-11,4.267378249060168e-11,1.1108490057624255e-11,0.9999999999888916,1,2.145383599841046e-07,0,At-Risk
17505,186,3,1205.96,241,0.2803791448866554,0.7828593767480814,1.4160553142818382,0.7151860154837836,0.2848139845162164,0,1816.461607803022,2,Loyal Customers
17508,17,7,3637.1,368,8.226459002293198e-10,2.265525999305693e-09,4.01885783744636e-09,1.4520028921957083e-09,0.9999999985479971,1,1.3454157948691107e-05,0,At-Risk
17510,56,1,195.37,56,0.5284926147861599,1.3638165754876814,2.2581292216208526,0.8490103824290516,0.15098961757094842,0,1940.9457449471408,1,Champions
17511,3,31,40779.87,373,4.391121235302864e-63,1.0540618244339962e-62,1.581206104480541e-62,1.9756065428584024e-63,1.0,1,6.125903697812111e-58,3,Hibernating/Lost
17512,88,8,1697.13,365,3.3127135174163986e-05,9.03945377119686e-05,0.0001584088597533209,5.124080976573165e-05,0.9999487591902343,1,0.26172293296262644,0,At-Risk
17513,44,2,639.6,115,0.22008927734222125,0.5904752590674563,1.0174101346423758,0.3953109989980853,0.6046890010019147,0,944.2980497793957,0,At-Risk
17514,305,1,333.18,305,0.1046496862161627,0.3040618263591696,0.5807854805198482,0.8490103824290516,0.15098961757094842,0,541.6542873290978,2,Loyal Customers
17515,30,5,729.36,186,0.00033969653419003884,0.0008969690665253084,0.001510466832699534,0.00042848129946018417,0.9995715187005398,1,1.2739525378226382,0,At-Risk
17516,14,1,179.57,14,1.6713069656713468,3.326174249726184,4.422257861047852,0.8490103824290516,0.15098961757094842,0,3785.832042417992,1,Champions
17518,61,2,312.6,257,0.046564367055594795,0.13248120122602877,0.24580719813241447,0.1804776199121611,0.8195223800878388,1,171.39175051876782,0,At-Risk
17519,4,10,2768.1800000000003,374,8.407054402328006e-20,2.2629951753788126e-19,3.895403688468404e-19,1.0810538328579562e-19,1.0,1,1.019019962886353e-15,0,At-Risk
17521,30,2,522.9,70,0.40415114771042154,1.0205767116377615,1.6427677573780277,0.45960296055420735,0.5403970394457926,0,1392.2575465152918,1,Champions
17524,74,2,376.78,74,0.7121985692369855,1.8127819210919331,2.9427959039304183,0.85162442782021,0.14837557217979003,0,2190.9752616101855,1,Champions
17525,33,2,615.45,64,0.5367993949327611,1.3374461462581757,2.122654394034825,0.5633000014477293,0.4366999985522707,0,1937.8959216126711,1,Champions
17526,1,9,2263.24,358,2.879414965436839e-22,7.778184524953484e-22,1.3452054936508617e-21,3.9190616011862266e-22,1.0,1,2.9025291704414288e-18,0,At-Risk
17529,246,2,1175.95,333,0.14883944435534488,0.42842066758632086,0.8075094479511018,0.7425641883417893,0.2574358116582107,0,1051.7468332504543,2,Loyal Customers
17530,1,3,692.84,369,1.9522293461366093e-08,5.5828942874796144e-08,1.0426317572346522e-07,7.52225744040719e-08,0.9999999247774256,1,9.234631144634986e-05,0,At-Risk
17531,163,2,916.91,254,0.17667836494512826,0.5023721543722,0.9313666519202154,0.6770198471359508,0.32298015286404924,0,1044.2391675734114,2,Loyal Customers
17532,21,1,65.34,21,1.2281487424271247,2.681486799703919,3.813684702852179,0.8490103824290516,0.15098961757094842,0,3016.6232515255488,1,Champions
17533,70,1,34.8,70,0.43045100637090405,1.1401206592473256,1.941923864039726,0.8490103824290516,0.15098961757094842,0,1496.1505648908046,1,Champions
17534,87,4,1405.57,288,0.014993709136129959,0.04180603766234971,0.07544331540503285,0.035026838592223164,0.9649731614077768,1,107.20285619773996,0,At-Risk
17536,56,2,233.38,318,0.021099918199743505,0.06062052416290712,0.11396846229039846,0.10063238001642008,0.89936761998358,1,73.11239130662413,0,At-Risk
17539,264,3,1138.82,362,0.17871039791786086,0.5106137336318262,0.9524395736545318,0.6758714065478115,0.3241285934521885,0,1171.584123630201,2,Loyal Customers
17540,19,4,1011.7,235,7.25731618870655e-05,0.00019925878552078124,0.00035247173435364135,0.0001395593390779439,0.9998604406609221,1,0.38805371233454994,0,At-Risk
17541,145,1,114.66,145,0.21591085433715304,0.6071288899324897,1.1104703139168772,0.8490103824290516,0.15098961757094842,0,903.0216954609227,2,Loyal Customers
17542,277,2,170.95,277,0.20428488957050872,0.5833413060036055,1.0876558256479811,0.85162442782021,0.14837557217979003,0,650.2391104780739,2,Loyal Customers
17543,185,1,119.05,185,0.17057276865820864,0.4860083587244576,0.9042228373668602,0.8490103824290516,0.15098961757094842,0,737.2237936861861,2,Loyal Customers
17544,26,3,912.44,26,2.3362478381805243,4.469598405336791,5.6360438412745895,0.8541495009411079,0.14585049905889214,0,6010.317079999128,1,Champions
17545,26,3,664.4300000000001,213,0.002745033512983009,0.007597277649722106,0.013586185748592276,0.0062199842844489605,0.9937800157155511,1,11.746121823644184,0,At-Risk
17547,11,2,587.25,301,0.0007395683523712285,0.002119831981086473,0.003972681519274069,0.003343092913564529,0.9966569070864355,1,3.5346422301400255,0,At-Risk
17548,14,3,616.71,32,0.6861525123850754,1.3908384432112078,1.8275534659298764,0.2923990049854363,0.7076009950145636,0,1525.053006411712,0,At-Risk
17550,33,6,2071.82,306,3.3324546563638253e-06,9.124733163929081e-06,1.6070293850786298e-05,5.68994973874739e-06,0.9999943100502613,1,0.031765755919790785,0,At-Risk
17552,8,10,2038.2,263,3.1805139283565607e-15,8.213131068130147e-15,1.3432350334810995e-14,2.9456537319269487e-15,0.999999999999997,1,2.6338402452118015e-11,0,At-Risk
17553,108,3,297.0,246,0.10940405603163232,0.30589232578332193,0.5543009751062367,0.2846314731425409,0.7153685268574591,0,321.73545639146516,0,At-Risk
17555,61,3,574.03,222,0.0337889006567375,0.09380227387890472,0.16840879199224237,0.07965635700033286,0.9203436429996672,1,133.82288106879633,0,At-Risk
17556,15,1,142.77,15,1.5893341066863198,3.215676772513155,4.32390075650617,0.8490103824290516,0.15098961757094842,0,3611.959060387432,1,Champions
17557,368,1,30.0,368,0.08699781890140383,0.2541203397362457,0.4889842168697388,0.8490103824290516,0.15098961757094842,0,374.45807837638904,2,Loyal Customers
17558,29,1,247.02,29,0.9427232635514526,2.195773242217596,3.294510429580775,0.8490103824290516,0.15098961757094842,0,2932.9990245232493,1,Champions
17559,148,1,145.57,148,0.21169076655253954,0.5959883313290045,1.091788942348196,0.8490103824290516,0.15098961757094842,0,906.37497051505,2,Loyal Customers
17560,31,4,811.09,296,0.00016966437661658962,0.00047395089041363454,0.0008574035792684123,0.00040693287273779814,0.9995930671272621,1,0.803542728861834,0,At-Risk
17561,26,3,543.47,369,0.00026898330372630207,0.0007692258866883576,0.0014365655100203154,0.001036436452409979,0.99896356354759,1,1.106689226892785,0,At-Risk
17563,214,2,387.13,247,0.21601214265159793,0.6133301744032824,1.134892595838948,0.8055973518506176,0.19440264814938235,0,850.6981803697047,2,Loyal Customers
17565,222,1,130.38,222,0.14283036012407385,0.41030189749879126,0.7716903452614915,0.8490103824290516,0.15098961757094842,0,633.8365927755883,2,Loyal Customers
17567,8,2,1002.4,77,0.028784759784922686,0.07366947000194703,0.12030421227607262,0.03568423540280862,0.9643157645971914,1,142.5044560993903,0,At-Risk
17568,269,1,382.79,269,0.11837441968636292,0.3425295396985246,0.6505876936952829,0.8490103824290516,0.15098961757094842,0,624.5737540952925,2,Loyal Customers
17571,178,1,193.09,178,0.1770799441602455,0.5035886108967981,0.9345945351515491,0.8490103824290516,0.15098961757094842,0,800.1009001741755,2,Loyal Customers
17572,9,7,483.21,360,1.1330592802623154e-11,3.1148022229299254e-11,5.5124860513912064e-11,1.9583819661147905e-11,0.9999999999804162,1,3.265001642883401e-08,0,At-Risk
17575,303,1,133.35,303,0.10532813519389936,0.30597079986749165,0.5842679192224918,0.8490103824290516,0.15098961757094842,0,480.70039055688255,2,Loyal Customers
17576,1,23,5018.28,372,9.748118354944343e-56,2.421962871266865e-55,3.777781169902969e-55,5.758868651882684e-56,1.0,1,1.8035502034845197e-51,0,At-Risk
17577,281,2,348.75,304,0.18131878414687652,0.5199398298612464,0.9749664222073104,0.827587931089826,0.17241206891017402,0,704.374681862927,2,Loyal Customers
17578,110,6,892.64,165,0.343516888869141,0.8774881004948356,1.4198623824120806,0.3294508694963856,0.6705491305036144,0,1369.7232830546077,0,At-Risk
17579,214,1,246.48,214,0.14803617621783932,0.42460224708564476,0.7969439318051815,0.8490103824290516,0.15098961757094842,0,705.5055731029954,2,Loyal Customers
17580,12,2,324.3,58,0.15093838984536043,0.3701982760193238,0.578166908972354,0.1451331899135344,0.8548668100864656,1,409.50472470172616,0,At-Risk
17581,8,20,7465.57,372,5.2440373526113455e-33,1.3231637907294655e-32,2.1016526500560575e-32,3.524751093381123e-33,1.0,1,1.480942063554294e-28,0,At-Risk
17582,82,4,1053.74,259,0.02014416909657759,0.0557362731131514,0.09957646849879397,0.0425055875940141,0.9574944124059859,1,113.01203998284714,0,At-Risk
17583,196,1,135.95,196,0.16126072664667845,0.46073382243631555,0.8602934376999265,0.8490103824290516,0.15098961757094842,0,709.3538810271939,2,Loyal Customers
17584,103,4,3169.26,319,0.017811908566801215,0.050000476267761995,0.09104070061907416,0.04591435513466355,0.9540856448653364,1,259.9738702037668,0,At-Risk
17585,81,3,825.66,114,0.522487735938652,1.3593309881191733,2.254918790609498,0.6577248532370613,0.3422751467629387,0,2234.298637564957,1,Champions
17586,255,1,167.4,255,0.12473630306727639,0.36025425780828074,0.6824889446324767,0.8490103824290516,0.15098961757094842,0,574.3828460379607,2,Loyal Customers
17587,264,1,167.31,264,0.12057064100147505,0.34865596556166795,0.6616326560376026,0.8490103824290516,0.15098961757094842,0,556.7782252636216,2,Loyal Customers
17588,32,4,1431.15,273,0.000296028006854493,0.0008222765537291763,0.0014765378671855918,0.0006569415930059868,0.999343058406994,1,2.1290813120518632,0,At-Risk
17589,21,14,11099.2,278,1.266450095014521e-15,3.177153426827399e-15,5.017623231500705e-15,9.07200651322757e-16,0.9999999999999991,1,5.174494551429993e-11,0,At-Risk
17591,3,2,464.5,327,3.680772189904747e-05,0.0001058703955382694,0.00019935085350463944,0.00018040006018311353,0.9998195999398168,1,0.16019232981171422,0,At-Risk
17592,374,1,148.3,374,0.08562235350531877,0.25020651357496504,0.4817327649632324,0.8490103824290516,0.15098961757094842,0,400.23452816367785,2,Loyal Customers
17593,45,6,3968.85,371,5.678768399431041e-06,1.5786932294459376e-05,2.836021188197473e-05,1.165606265888588e-05,0.9999883439373412,1,0.10227296021958256,0,At-Risk
17594,85,2,1477.5,240,0.09724471379306024,0.2756903306878122,0.5091008433493628,0.3526950610137715,0.6473049389862284,0,771.0657867758189,0,At-Risk
17596,4,7,1665.79,360,4.688441270382182e-14,1.2888617167216476e-13,2.280989843688078e-13,8.103511434087678e-14,0.999999999999919,1,3.707847529266505e-10,0,At-Risk
17597,54,4,1311.1,219,0.008436680637232193,0.0230251887873047,0.040419212933109384,0.015171847266150883,0.9848281527338492,1,54.36024676213597,0,At-Risk
17598,17,1,408.18,17,1.447398694507076,3.015370542041162,4.139504380568189,0.8490103824290516,0.15098961757094842,0,4064.8045616497584,1,Champions
17599,113,1,52.05,113,0.27422307554846775,0.7583519048040864,1.3584900716445014,0.8490103824290516,0.15098961757094842,0,1058.3672454970638,2,Loyal Customers
17601,16,1,290.55,16,1.515042330418168,3.112296521995405,4.229730648334781,0.8490103824290516,0.15098961757094842,0,3878.7708662264486,1,Champions
17602,108,8,2196.41,255,0.004832528368770254,0.012702417614818063,0.021238272997519785,0.005335241583493853,0.9946647584165061,1,44.51891150550352,0,At-Risk
17603,253,3,1381.96,365,0.1674663454610355,0.47867124374549586,0.8933265289120559,0.6384590985127133,0.3615409014872867,0,1266.5686674982749,2,Loyal Customers
17604,58,4,622.44,317,0.0016721295889479367,0.004692030003598084,0.008538712385730026,0.004284237192957303,0.9957157628070427,1,6.690776741587941,0,At-Risk
17605,226,1,152.75,226,0.1403623831755942,0.4035070306398039,0.7596547503465181,0.8490103824290516,0.15098961757094842,0,633.28608644769,2,Loyal Customers
17606,373,1,87.30000000000001,373,0.0858485693712795,0.2508504236976269,0.4829263635301265,0.8490103824290516,0.15098961757094842,0,385.0299842400704,2,Loyal Customers
17607,12,1,323.31,12,1.8636235669201655,3.571647596249409,4.632576817824151,0.8490103824290516,0.15098961757094842,0,4339.163817089216,1,Champions
17608,85,2,305.11,243,0.09433302914471807,0.26761278761921786,0.4946192678168047,0.3462796949365344,0.6537203050634657,0,342.30758033857666,0,At-Risk
17609,38,6,675.43,245,3.970495920536911e-05,0.00010645931605553255,0.00018256637391575976,5.4935493590478665e-05,0.9999450645064095,1,0.14176255675126734,0,At-Risk
17610,176,5,1496.53,369,0.04544807454611999,0.12745875542391247,0.23171552394073172,0.1098559511451835,0.8901440488548165,1,344.48878835100965,0,At-Risk
17611,57,13,4207.83,374,1.0833717313317219e-10,2.8540171789610497e-10,4.779126434649548e-10,1.0911718654038921e-10,0.9999999998908828,1,1.8882260274623096e-06,0,At-Risk
17612,15,12,3271.52,358,1.137320829989999e-16,3.001679907509643e-16,5.038747895258367e-16,1.1847153199530393e-16,0.9999999999999999,1,1.555385834060629e-12,0,At-Risk
17615,23,3,381.2,121,0.01959372299892726,0.05135125320277135,0.08590919034850746,0.026060096920099904,0.9739399030799001,1,55.552761402118115,0,At-Risk
17616,3,2,137.7,87,0.002617575248799313,0.006806514305615828,0.011312062862057541,0.0036282556534374373,0.9963717443465626,1,6.515530873573591,0,At-Risk
17617,194,1,395.33,194,0.1628774391313785,0.46513174701119037,0.8679600231818348,0.8490103824290516,0.15098961757094842,0,839.5462374255417,2,Loyal Customers
17618,19,8,2943.87,320,3.9960449416980003e-10,1.0769580742534101e-09,1.857516075677501e-09,5.457146689326856e-10,0.9999999994542853,1,5.119682293152612e-06,0,At-Risk
17621,40,3,1509.37,67,0.6696659708493478,1.6054792937059255,2.4400543722299255,0.5230490288743134,0.47695097112568663,0,3717.3836607520707,1,Champions
17622,233,2,1088.81,234,0.24029117308881012,0.6802950507393642,1.253977295962752,0.8503909948783299,0.14960900512167008,0,1557.3477299945814,2,Loyal Customers
17623,45,6,1676.47,361,6.918617134775135e-06,1.91953284300964e-05,3.4392336106279715e-05,1.3833558447197906e-05,0.9999861664415528,1,0.056270397810917194,0,At-Risk
17624,73,2,692.05,355,0.025777324395877863,0.07438124026889809,0.14067428193183126,0.13691005811308904,0.8630899418869109,1,135.4771670702437,0,At-Risk
17625,82,4,3930.81,360,0.00371580273846422,0.010506431365936606,0.019316088803449122,0.010765874598876462,0.9892341254011235,1,67.11253166507268,0,At-Risk
17626,238,1,249.1,238,0.133444976204803,0.3844090768386619,0.7257011015020165,0.8490103824290516,0.15098961757094842,0,643.4059702725698,2,Loyal Customers
17627,114,1,170.98,114,0.27192799820698454,0.752493971080513,1.3490710795626588,0.8490103824290516,0.15098961757094842,0,1139.3588045076463,2,Loyal Customers
17629,24,2,599.55,57,0.4761293799146114,1.1644125086959825,1.8132830406173681,0.45084800282522963,0.5491519971747704,0,1635.9444549520304,1,Champions
17631,10,4,468.96,366,5.012053086248279e-07,1.418473433120603e-06,2.6111305734456403e-06,1.4755940921473472e-06,0.9999985244059079,1,0.001719570652159716,0,At-Risk
17633,15,3,683.35,25,1.4988459302672998,2.8352030521899603,3.5480556019754514,0.5329001849533713,0.4670998150466287,0,3150.2990265307435,1,Champions
17635,60,3,1136.28,226,0.029945103136417288,0.08323843518316286,0.14969179112851197,0.07181337878282026,0.9281866212171798,1,183.98280783571593,0,At-Risk
17638,283,2,157.95,357,0.144549731035837,0.4171902086553107,0.7892436156975003,0.7719755358514109,0.22802446414858912,0,464.5019633935409,2,Loyal Customers
17639,23,5,473.25,119,0.0013479369771719392,0.0033448862799608523,0.005245281487514721,0.0011302673073709986,0.998869732692629,1,3.298789872621159,0,At-Risk
17640,15,5,2009.19,262,1.1287825007195311e-06,3.0853686447687225e-06,5.423785519376822e-06,1.965551947557549e-06,0.9999980344480525,1,0.010407774739018109,0,At-Risk
17642,65,3,1080.02,370,0.005079661101435809,0.014528383301852304,0.027137046016932655,0.01962444747607404,0.9803755525239259,1,32.14794176831507,0,At-Risk
17643,9,2,430.65,141,0.005501680574783764,0.015041191901897148,0.02651487014489478,0.011976671003776545,0.9880233289962235,1,20.706237999813357,0,At-Risk
17644,30,9,3023.73,297,3.771323643688524e-09,9.987271854521943e-09,1.684686044820201e-08,4.306892522538688e-09,0.9999999956931075,1,4.7825830207652974e-05,0,At-Risk
17646,1,10,2871.32,359,1.259155310858577e-24,3.375114475438504e-24,5.778760069735955e-24,1.557908001370568e-24,1.0,1,1.5655691630781766e-20,0,At-Risk
17647,305,2,153.9,305,0.1859881758938518,0.5334051811473017,1.0004088840036736,0.85162442782021,0.14837557217979003,0,586.0445562509535,2,Loyal Customers
17648,21,1,414.87,21,1.2281487424271247,2.681486799703919,3.813684702852179,0.8490103824290516,0.15098961757094842,0,3754.9397587882404,1,Champions
17649,105,2,685.6700000000001,108,0.4979690668479777,1.3273962845367866,2.2697604310931703,0.8433744468830809,0.15662555311691906,0,2180.5030400129926,1,Champions
17651,134,6,1684.17,162,0.6938123497397579,1.7676126697263006,2.851493920285205,0.6543619942257112,0.3456380057742888,0,4695.602790400754,1,Champions
17655,2,3,887.47,52,0.00040288249922996506,0.0009184675100310303,0.0013303798448746787,0.00025331520979136364,0.9997466847902087,1,1.386721786477463,0,At-Risk
17657,66,1,126.0,66,0.4545423694114992,1.196166328744852,2.0228263693129556,0.8490103824290516,0.15098961757094842,0,1660.4579616723186,1,Champions
17659,8,3,798.1800000000001,22,0.5907728424355128,1.076152687004387,1.3145344398374539,0.19223319343643736,0.8077668065635626,1,1286.1335295277993,0,At-Risk
17660,373,1,158.19,373,0.0858485693712795,0.2508504236976269,0.4829263635301265,0.8490103824290516,0.15098961757094842,0,403.8530035309108,2,Loyal Customers
17662,297,2,363.72,358,0.14745615848017524,0.42562289981301493,0.8053122572668083,0.7896572413964693,0.2103427586035307,0,590.152002231136,2,Loyal Customers
17663,53,10,2744.75,281,2.612222501343112e-07,6.804986678084709e-07,1.1247165126056791e-06,2.5716641397683686e-07,0.9999997428335861,1,0.0029212188156332503,0,At-Risk
17664,110,2,544.7900000000001,256,0.11852878707405055,0.33716222520728323,0.6254102385608757,0.4576665954987765,0.5423334045012236,0,537.9416168838438,0,At-Risk
17665,129,1,344.4,129,0.24159795229633566,0.6743622922379073,1.2220040223371336,0.8490103824290516,0.15098961757094842,0,1148.4708930033448,2,Loyal Customers
17666,113,3,916.53,163,0.3636778790331481,0.9840039941328643,1.7102840016745995,0.6390668355928885,0.36093316440711154,0,1813.007561555787,1,Champions
17667,71,4,1817.29,290,0.006222960749225312,0.01735937752248948,0.03134644901180623,0.014634481800537625,0.9853655181994624,1,55.04354831543444,0,At-Risk
17669,98,3,1799.58,253,0.07823537013321302,0.2191476540311059,0.39807136097053425,0.2091133623977789,0.7908866376022211,0,693.1470286286084,0,At-Risk
17671,1,2,815.29,11,0.17746488910616762,0.29040007525563266,0.33763730553084215,0.048884000149374836,0.9511159998506251,1,359.3543488492147,0,At-Risk
17672,53,4,2301.21,277,0.002308014626615431,0.006417689463082912,0.011539849506068314,0.005193873928494403,0.9948061260715056,1,24.809986918161993,0,At-Risk
17673,11,7,2374.81,266,5.503132911949539e-10,1.4703001186182228e-09,2.5092049002338033e-09,7.142880913454744e-10,0.9999999992857119,1,5.637834429672431e-06,0,At-Risk
17674,4,1,144.24,4,3.459163950590388,5.057804924838033,5.693613931946437,0.8490103824290516,0.15098961757094842,0,4794.72463305714,1,Champions
17675,3,40,14888.11,365,7.213075372970663e-81,1.6704499967562148e-80,2.411480143097823e-80,2.520768537840507e-81,1.0,1,3.436963057083338e-76,0,At-Risk
17676,2,5,1357.96,255,7.924548981526284e-11,2.1609134436801343e-10,3.787148995184661e-10,1.344868696019409e-10,0.9999999998655131,1,5.193435146849931e-07,0,At-Risk
17677,2,28,11332.85,359,9.092273443637265e-61,2.1933378176080326e-60,3.308687677590642e-60,4.3424333260629265e-61,1.0,1,3.564107034692744e-56,0,At-Risk
17678,239,1,261.0,239,0.13289917675823593,0.38289887700010616,0.7230082082933794,0.8490103824290516,0.15098961757094842,0,645.7480075328828,2,Loyal Customers
17679,157,5,1521.24,372,0.024991871813402174,0.0701257812543099,0.12757441984446585,0.060883353141108806,0.9391166468588912,1,192.30973305034823,0,At-Risk
17680,19,2,190.8,147,0.02383973792868217,0.06540323675963353,0.11579152172587977,0.05399187059385181,0.9460081294061482,1,70.91491630252088,0,At-Risk
17681,233,5,485.24,329,0.22976081203123488,0.6393857444154307,1.1504785502746442,0.497317084441191,0.5026829155588091,0,732.8201004944834,2,Loyal Customers
17682,4,6,1958.35,277,2.1478169437256302e-11,5.828880789133312e-11,1.0149229337624769e-10,3.336566496525691e-11,0.9999999999666344,1,1.907637376683312e-07,0,At-Risk
17683,21,3,766.8,190,0.0022418843438754437,0.006148896833999121,0.01087014240280378,0.004555303204047476,0.9954446967959525,1,10.260508959786536,0,At-Risk
17685,8,6,2087.71,302,6.482456132752572e-10,1.7729780478104335e-09,3.1179736369267236e-09,1.0930701580635757e-09,0.9999999989069298,1,6.206021667274601e-06,0,At-Risk
17686,59,2,2448.15,169,0.1337599346755397,0.37094680663955015,0.665694079545607,0.34603591157988517,0.6539640884201148,0,1462.4379529412888,0,At-Risk
17687,56,1,426.68,56,0.5284926147861599,1.3638165754876814,2.2581292216208526,0.8490103824290516,0.15098961757094842,0,2229.0834833080025,1,Champions
17688,29,1,301.5,29,0.9427232635514526,2.195773242217596,3.294510429580775,0.8490103824290516,0.15098961757094842,0,3032.260024397069,1,Champions
17689,24,2,316.45,110,0.09079898098015228,0.24250076590715508,0.41559844604246443,0.1564390921158836,0.8435609078841164,1,291.40778198646615,0,At-Risk
17690,2,8,2444.21,310,1.863712315575973e-17,5.006707480747242e-17,8.600447273440033e-17,2.4701343118242754e-17,1.0,1,1.9903096016557488e-13,0,At-Risk
17691,4,3,479.85,182,1.5539944515169227e-05,4.246712574194172e-05,7.473099851399017e-05,3.0310985751368488e-05,0.9999696890142487,1,0.05396835554233413,0,At-Risk
17692,32,8,2144.93,176,6.705061436889264e-06,1.6727081019464982e-05,2.630937290599427e-05,5.271946875504171e-06,0.9999947280531245,1,0.054029139728637356,0,At-Risk
17694,147,2,1137.51,198,0.24731766853251072,0.6933094766682866,1.2615440685649375,0.7448542030461075,0.2551457969538925,0,1610.2892920949976,2,Loyal Customers
17695,30,3,674.3100000000001,316,0.0008226012040545098,0.0023344801744697046,0.0043146914344249845,0.0027260050641059234,0.9972739949358941,1,3.7606220180364045,0,At-Risk
17696,18,19,4703.63,365,1.111210966718323e-24,2.811017563724829e-24,4.47888454667209e-24,7.697504046850235e-25,1.0,1,1.9965324284457765e-20,0,At-Risk
17699,112,2,411.25,197,0.20502096798319744,0.5745531456169338,1.0450183041805408,0.614465135798331,0.38553486420166905,0,801.3035551336083,2,Loyal Customers
17700,17,10,3788.21,374,1.0706777824320249e-13,2.8820304235904785e-13,4.960979176835066e-13,1.3767727256927046e-13,0.9999999999998623,1,1.7535394956746914e-09,0,At-Risk
17702,19,2,1280.57,36,0.9047292090405544,2.026019370656681,2.906789734002206,0.5787144537219668,0.42128554627803316,0,4025.7548994851227,1,Champions
17703,54,1,290.25,54,0.5462682904126415,1.4031598348552563,2.3119407458723025,0.8490103824290516,0.15098961757094842,0,2108.452416825442,1,Champions
17705,91,2,234.02,212,0.1421775710078622,0.40025185998601914,0.7323060705195225,0.4573539169250352,0.5426460830749649,0,470.3807422875941,0,At-Risk
17706,2,17,8905.02,325,2.1119171054886968e-36,5.311256797722818e-36,8.407191977803174e-36,1.4587575809312481e-36,1.0,1,7.020912713407252e-32,0,At-Risk
17707,12,6,347.25,368,1.774156592798288e-09,4.9292407063871715e-09,8.84817853898897e-09,3.6133159200154874e-09,0.9999999963866841,1,4.367951525922065e-06,0,At-Risk
17708,38,2,614.85,59,0.6969762744406447,1.7142353815311284,2.684852063648722,0.6803719280936376,0.31962807190636244,0,2450.8466030333407,1,Champions
17709,106,4,465.31,239,0.08044463561478259,0.22117701020505978,0.3919379937037846,0.15720415867768012,0.8427958413223199,1,257.1590747100022,0,At-Risk
17710,59,1,268.19,59,0.5038978630062442,1.3087781411818866,2.18196512092429,0.8490103824290516,0.15098961757094842,0,1962.808900030482,1,Champions
17713,18,4,1149.09,184,0.0002072639192310625,0.00055641221018319,0.0009568519593150558,0.00031619540453191834,0.9996838045954681,1,1.1611976462238673,0,At-Risk
17714,60,4,1166.19,149,0.0883800346880755,0.2317644536043541,0.3874503916851109,0.11072845461355256,0.8892715453864475,1,475.90155383848827,0,At-Risk
17715,228,1,22.95,228,0.13916010479892874,0.4001933158571182,0.7537767367004776,0.8490103824290516,0.15098961757094842,0,574.5609014412443,2,Loyal Customers
17716,32,13,8854.37,373,5.716973530905954e-14,1.5055862623280727e-13,2.5201400555651825e-13,5.743795475499201e-14,0.9999999999999426,1,2.0685129404946612e-09,0,At-Risk
17717,57,1,366.62,57,0.5200317855065604,1.3449622991646004,2.2321551593052966,0.8490103824290516,0.15098961757094842,0,2129.36907363331,1,Champions
17718,280,1,286.78,280,0.11381351891913508,0.3297811546859499,0.6275413899218287,0.8490103824290516,0.15098961757094842,0,569.2912985953429,2,Loyal Customers
17720,3,7,1441.22,214,5.224767902963692e-13,1.3607539964660523e-12,2.251014165905574e-12,5.537908638133854e-13,0.9999999999994462,1,3.222397471004418e-09,0,At-Risk
17721,295,1,307.21000000000004,295,0.10813224274338264,0.3138525981936265,0.5986257349051636,0.8490103824290516,0.15098961757094842,0,549.7594795850846,2,Loyal Customers
17722,2,2,1761.77,11,0.5290636087235479,0.8657493466012894,1.0065743832684384,0.14573443602355868,0.8542655639764414,1,1748.805982078008,0,At-Risk
17723,11,1,45.9,11,1.977449732652053,3.7084734174816703,4.745091359348486,0.8490103824290516,0.15098961757094842,0,3715.0906826416276,1,Champions
17726,31,7,1076.41,318,1.988269867453267e-07,5.407127389204206e-07,9.436768677611685e-07,3.0541095670757337e-07,0.9999996945890433,1,0.001048358278691206,0,At-Risk
17728,40,2,1297.25,89,0.3428465309006967,0.8940107532021501,1.490486961428552,0.4852645773403774,0.5147354226596226,0,2073.6711318844236,1,Champions
17729,232,1,429.2,232,0.13681629772038098,0.39372655691857816,0.7422896126492885,0.8490103824290516,0.15098961757094842,0,731.6667565730046,2,Loyal Customers
17730,18,7,2248.84,225,6.996533146112684e-08,1.8337023662432902e-07,3.056420417973594e-07,7.768105566248304e-08,0.9999999223189443,1,0.0006534246348112709,0,At-Risk
17731,257,2,466.18,304,0.17455106589533192,0.5005330911010385,0.9385758293558238,0.7966982360571387,0.20330176394286126,0,755.3817769184632,2,Loyal Customers
17732,8,8,2000.25,123,2.5613873828805174e-09,5.978917562815982e-09,8.762936940478998e-09,1.4686603270747204e-09,0.9999999985313397,1,1.690240256031245e-05,0,At-Risk
17734,161,3,694.09,278,0.1692735779089158,0.4769395380598993,0.8730569836134886,0.49550442177895027,0.5044955782210497,0,774.4376487076366,2,Loyal Customers
17735,3,8,3796.07,133,7.477452705193352e-13,1.7735160506233127e-12,2.641937013531085e-12,4.587531285215805e-13,0.9999999999995413,1,9.307832710871214e-09,0,At-Risk
17738,31,9,2176.93,266,1.5653571370068944e-08,4.090749331359315e-08,6.789138987843892e-08,1.6134407619414708e-08,0.9999999838655924,1,0.0001413862174511753,0,At-Risk
17739,10,11,4710.7300000000005,368,2.074819459576638e-17,5.533790398750393e-17,9.413570872832025e-17,2.40454973600207e-17,1.0,1,4.126575147155072e-13,0,At-Risk
17740,25,6,296.46000000000004,333,3.2537376222544014e-07,8.971583326193962e-07,1.5944333084564439e-06,6.021995097160524e-07,0.9999993978004903,1,0.0007176563540726368,0,At-Risk
17741,42,2,87.45,196,0.05007958847398901,0.14029793321234774,0.25507139023903164,0.14935927114867972,0.8506407288513202,1,137.6249670470283,0,At-Risk
17742,64,9,1374.22,374,3.767754593719428e-07,1.0220730806178492e-06,1.7771765175432547e-06,5.344658638285186e-07,0.9999994655341362,1,0.002422490469799148,0,At-Risk
17743,84,1,198.45,84,0.36309782352951797,0.9795285793482343,1.703574899712572,0.8490103824290516,0.15098961757094842,0,1465.5077481675771,1,Champions
17744,16,1,260.31,16,1.515042330418168,3.112296521995405,4.229730648334781,0.8490103824290516,0.15098961757094842,0,3807.8265061061566,1,Champions
17745,113,2,487.19,191,0.21849341993285784,0.6110842311979825,1.1085887436897952,0.6356425368110183,0.36435746318898166,0,909.1783948263102,2,Loyal Customers
17746,107,3,611.33,246,0.10704449976834475,0.29929503698641524,0.5423461684473303,0.2784927247309824,0.7215072752690176,0,446.508833518635,0,At-Risk
17748,163,1,324.65,163,0.19284464664188805,0.5459048443713446,1.0070880747059199,0.8490103824290516,0.15098961757094842,0,935.18178882901,2,Loyal Customers
17749,182,1,323.76,182,0.17330205894076497,0.49339012545858735,0.9169939284293535,0.8490103824290516,0.15098961757094842,0,850.9387660058176,2,Loyal Customers
17751,57,1,145.52,57,0.5200317855065604,1.3449622991646004,2.2321551593052966,0.8490103824290516,0.15098961757094842,0,1857.1329989770138,1,Champions
17753,100,4,384.76,338,0.011769557686524932,0.033156494261754745,0.0606584869516122,0.03208185958431808,0.9679181404156819,1,35.797287130605476,0,At-Risk
17754,10,8,1957.77,364,7.110542224878551e-13,1.9397905656613305e-12,3.398245970438971e-12,1.0969907961079821e-12,0.999999999998903,1,6.39823833374374e-09,0,At-Risk
17756,11,3,703.53,30,0.4725572790941911,0.9412201812370677,1.2208571367259526,0.1918312955774697,0.8081687044225303,1,1101.84263644373,0,At-Risk
17757,4,28,3544.52,331,2.1660357068483933e-52,5.1421271933985444e-52,7.623981670992847e-52,9.632657145196844e-53,1.0,1,2.5939202390412433e-48,0,At-Risk
17758,63,4,1409.61,204,0.022935083366572753,0.062193036010433994,0.10829612239358895,0.038563554333192585,0.9614364456668074,1,154.36268702140737,0,At-Risk
17759,29,2,410.03,219,0.016884568808009263,0.04762386078899392,0.08735240118513485,0.05604502837151638,0.9439549716284836,1,66.89368276268671,0,At-Risk
17760,9,5,514.23,285,4.989848440924973e-08,1.373554433463853e-07,2.4365895078576986e-07,9.413711201864068e-08,0.999999905862888,1,0.00016119066518199016,0,At-Risk
17762,92,1,122.82,92,0.3332982021066714,0.9065770667361568,1.5919767735814851,0.8490103824290516,0.15098961757094842,0,1302.8810951955509,1,Champions
17763,289,3,68.7,295,0.27274773691673543,0.7711321781447084,1.4180704353403917,0.8455756310284577,0.15442436897154233,0,572.7867132476036,2,Loyal Customers
17764,38,3,781.37,372,0.0008833279623136742,0.002527037337775978,0.004721753646410945,0.0034305704690330407,0.9965694295309669,1,4.504790301297486,0,At-Risk
17765,84,1,117.02,84,0.36309782352951797,0.9795285793482343,1.703574899712572,0.8490103824290516,0.15098961757094842,0,1389.070108971503,1,Champions
17766,17,2,295.81,17,2.350167962215989,4.35660557487764,5.435817815359112,0.85162442782021,0.14837557217979003,0,3766.7175887633966,1,Champions
17767,46,1,141.85,46,0.6311938485938098,1.586254503197243,2.5556533045571,0.8490103824290516,0.15098961757094842,0,2122.636909141185,1,Champions
17768,23,4,1061.47,373,1.4411602158409415e-05,4.0829330784455774e-05,7.526508722178065e-05,4.3215438054819224e-05,0.9999567845619451,1,0.08583640690288544,0,At-Risk
17769,19,7,2913.67,325,5.0322174521269955e-09,1.3712306788493447e-08,2.3992267719790625e-08,7.891114813633882e-09,0.9999999921088852,1,6.517579628211411e-05,0,At-Risk
17771,72,2,117.8,225,0.08873223769807127,0.2506631923942325,0.46071042415892316,0.3023270199064373,0.6976729800935627,0,258.33143717330614,0,At-Risk
17772,28,1,186.85,28,0.9709216968192537,2.246610201014164,3.3515477052348936,0.8490103824290516,0.15098961757094842,0,2872.7034575133384,1,Champions
17773,150,2,579.5699999999999,326,0.10152556699910113,0.2919827098158647,0.5497016004428132,0.49610471121613775,0.5038952887838622,0,486.0832057435544,2,Loyal Customers
17774,33,5,1946.77,305,2.5857386558724978e-05,7.155695026908025e-05,0.00012781772844138215,5.204833835674525e-05,0.9999479516616433,1,0.23847780312160266,0,At-Risk
17776,22,2,316.57,359,0.0019189748913705162,0.0055395740426961,0.010482810281304189,0.010304601646505897,0.9896953983534941,1,7.335455831437429,0,At-Risk
17778,297,1,143.10000000000002,297,0.10741731083493343,0.3118443186546561,0.5949705023598397,0.8490103824290516,0.15098961757094842,0,492.70448108746905,2,Loyal Customers
17780,303,3,346.76,320,0.2475626328878602,0.7030299303842352,1.3005321860502863,0.8304696381748292,0.16953036182517078,0,804.5211648280459,2,Loyal Customers
17782,18,2,634.71,18,2.2594822058048107,4.255706119399348,5.364045474341992,0.85162442782021,0.14837557217979003,0,5004.209576249264,1,Champions
17783,148,1,91.61,148,0.21169076655253954,0.5959883313290045,1.091788942348196,0.8490103824290516,0.15098961757094842,0,873.950016194604,2,Loyal Customers
17784,186,1,103.83,186,0.16968200966933736,0.4835966246652375,0.9000445620594594,0.8490103824290516,0.15098961757094842,0,726.2748721092405,2,Loyal Customers
17785,81,2,238.94,201,0.1381835937882717,0.3877401947953083,0.7064011941865259,0.42224340546899386,0.5777565945310061,0,456.22131453827814,0,At-Risk
17787,7,1,687.78,7,2.6176613686920605,4.378387745769531,5.2507565053184635,0.8490103824290516,0.15098961757094842,0,5999.272021808966,1,Champions
17789,297,1,169.25,297,0.10741731083493343,0.3118443186546561,0.5949705023598397,0.8490103824290516,0.15098961757094842,0,501.2604559170964,2,Loyal Customers
17790,14,6,777.01,180,7.824444686228343e-07,2.0228879643505006e-06,3.319371613090361e-06,8.126696275032816e-07,0.9999991873303725,1,0.0028705249429814253,0,At-Risk
17792,103,2,355.0,114,0.4603760520726079,1.2340530526193871,2.124098226334969,0.8201574995305124,0.17984250046948758,0,1546.7543782475263,1,Champions
17794,322,2,147.3,324,0.17496423733497415,0.5030628764029045,0.9467678231592854,0.8498374475136035,0.15016255248639654,0,550.1998093462124,2,Loyal Customers
17796,5,4,642.94,57,0.0004673487876941876,0.0010364117097955735,0.0014581850597773045,0.0002509270566786495,0.9997490729433214,1,1.1744266846115736,0,At-Risk
17797,31,5,1186.79,360,6.649460441159563e-06,1.861851314927208e-05,3.377553670590967e-05,1.5694867445866377e-05,0.9999843051325541,1,0.041423931417411984,0,At-Risk
17798,217,1,177.19,217,0.14604012348521084,0.4191242830482266,0.7872823592435918,0.8490103824290516,0.15098961757094842,0,666.9328488899216,2,Loyal Customers
17799,25,10,3128.83,362,7.468501249579566e-12,2.0036417365800062e-11,3.434344481243547e-11,9.313139383501685e-12,0.9999999999906869,1,1.0100627635631454e-07,0,At-Risk
17801,87,3,777.3299999999999,327,0.020992726542124755,0.059682244691123015,0.11057329997213156,0.07191706911814143,0.9280829308818586,1,105.16616144499118,0,At-Risk
17802,8,8,3659.14,362,1.2872755223003374e-13,3.5100201711591957e-13,6.145156972403712e-13,1.9756008992563928e-13,0.9999999999998025,1,2.082043709944329e-09,0,At-Risk
17803,28,1,179.41,28,0.9709216968192537,2.246610201014164,3.3515477052348936,0.8490103824290516,0.15098961757094842,0,2858.9111373928163,1,Champions
17804,12,3,372.84,374,2.1514861428566392e-05,6.156505358082714e-05,0.00011507232133370864,8.399485080900601e-05,0.999916005149191,1,0.07348663613949893,0,At-Risk
17805,246,1,17.28,246,0.129200115744668,0.3726508887534968,0.7047036836484107,0.8490103824290516,0.15098961757094842,0,534.9136299031317,2,Loyal Customers
17807,31,3,417.32,340,0.0006705634102162951,0.0019101639963880718,0.003548395632253415,0.002385921167367677,0.9976140788326323,1,2.3882206653487987,0,At-Risk
17808,184,4,223.79,217,0.4191038613921387,1.1428833669141893,2.0042042513870557,0.7471502182645821,0.25284978173541794,0,921.1724470181393,2,Loyal Customers
17809,7,11,4359.9,373,3.860242043989553e-19,1.0310822961245997e-18,1.7572209463327857e-18,4.53072429341444e-19,1.0,1,7.143750899688255e-15,0,At-Risk
17810,304,2,322.81,319,0.17501255100114635,0.5028803041055618,0.9455984602000697,0.8372552183618364,0.16274478163816364,0,665.916678280976,2,Loyal Customers
17811,10,8,1649.66,81,6.580499841116721e-07,1.3899284301324203e-06,1.857550792028696e-06,2.6665237292334696e-07,0.999999733347627,1,0.00301237193137451,0,At-Risk
17812,4,4,416.33,166,8.042576108246164e-07,2.1355973147919946e-06,3.6239166764965693e-06,1.1141496315460925e-06,0.9999988858503684,1,0.002235414977071127,0,At-Risk
17814,11,2,1459.03,58,0.12795669441529955,0.31383233732787424,0.49013591948481916,0.12303538715571238,0.8769646128442876,1,738.8524928832878,0,At-Risk
17815,29,1,385.5,29,0.9427232635514526,2.195773242217596,3.294510429580775,0.8490103824290516,0.15098961757094842,0,3185.3056189161734,1,Champions
17816,1,3,75.76,360,2.1680209756661933e-08,6.192888310316603e-08,1.1547402077182553e-07,8.155198175528929e-08,0.9999999184480183,1,4.725819783961285e-05,0,At-Risk
17817,14,3,418.72,58,0.08219453938688201,0.19167080482845186,0.2835531656984921,0.05668612746152067,0.9433138725384793,1,192.19049125020842,0,At-Risk
17818,373,1,130.18,373,0.0858485693712795,0.2508504236976269,0.4829263635301265,0.8490103824290516,0.15098961757094842,0,396.4156672304955,2,Loyal Customers
17819,7,6,1747.72,362,7.936601941025028e-11,2.2024173689421618e-10,3.947142779544306e-10,1.5911130334510923e-10,0.9999999998408887,1,6.699725898342645e-07,0,At-Risk
17820,10,1,165.53,10,2.1061364120249815,3.856155596013083,4.862891129602646,0.8490103824290516,0.15098961757094842,0,4132.85125317734,1,Champions
17821,42,1,286.92,42,0.6843992514661552,1.697021765679058,2.6979342514864806,0.8490103824290516,0.15098961757094842,0,2457.6789878037134,1,Champions
17822,56,5,1760.86,196,0.006328921739405783,0.016811184679354295,0.02851452093685038,0.008382681463917487,0.9916173185360825,1,48.80123876295279,0,At-Risk
17823,57,2,460.55,57,0.8993794099058198,2.199504334611236,3.4251812634522794,0.85162442782021,0.14837557217979003,0,2754.868628724503,1,Champions
17825,234,4,525.53,361,0.1666301066314147,0.47122041701189943,0.8665223524852466,0.484079838011989,0.5159201619880109,0,610.5362923626378,2,Loyal Customers
17826,10,1,134.14,10,2.1061364120249815,3.856155596013083,4.862891129602646,0.8490103824290516,0.15098961757094842,0,4047.9661912999222,1,Champions
17827,257,1,391.96,257,0.12378591406782347,0.35761065268166614,0.6777413131219712,0.8490103824290516,0.15098961757094842,0,654.0890044498254,2,Loyal Customers
17829,45,4,3439.51,291,0.0008942787717865958,0.002495241466594647,0.004507147391835903,0.0021100378869152382,0.9978899621130848,1,13.863854319526594,0,At-Risk
17833,359,1,339.46,359,0.08914592350164455,0.2602261958089932,0.5002803063488692,0.8490103824290516,0.15098961757094842,0,468.23974803349523,2,Loyal Customers
17834,50,2,474.34,81,0.5073077686775909,1.3071738683837184,2.150522655057585,0.6586168643843652,0.3413831356156348,0,1748.1642909114335,1,Champions
17838,1,10,3627.86,266,3.609494641566533e-23,9.335220206739006e-23,1.5295523463075148e-22,3.378037128126851e-23,1.0,1,5.191504894941503e-19,0,At-Risk
17840,79,1,183.27,79,0.38458922506009746,1.0314082435707084,1.781656236511831,0.8490103824290516,0.15098961757094842,0,1518.0082616390605,1,Champions
17841,1,91,25981.75,373,4.724342180506283e-219,9.984287584581948e-219,1.3197920503352328e-218,7.901224326015351e-220,1.0,1,3.320196195131246e-214,3,Hibernating/Lost
17842,238,1,402.39,238,0.133444976204803,0.3844090768386619,0.7257011015020165,0.8490103824290516,0.15098961757094842,0,704.5941809391144,2,Loyal Customers
17843,47,1,120.75,47,0.6191609788056118,1.5607906492381476,2.522405309124176,0.8490103824290516,0.15098961757094842,0,2065.4851463474365,1,Champions
17845,191,4,559.39,212,0.4546785741625742,1.237312849654173,2.1640984047670595,0.7928533251939125,0.2071466748060875,0,1586.1085048829932,2,Loyal Customers
17847,151,2,123.74,281,0.1380221018638536,0.39439049143133664,0.7360171298400963,0.5834738939676148,0.41652610603238516,0,415.63720111655323,2,Loyal Customers
17848,53,21,1815.89,369,1.703516749585684e-17,4.2699652609988975e-17,6.729570496888459e-17,1.0865461878983702e-17,1.0,1,1.1861362088904825e-13,0,At-Risk
17849,116,4,336.23,271,0.06264740470551176,0.17392256436877826,0.3120897128577747,0.13804974737596384,0.8619502526240361,1,171.9285212178316,0,At-Risk
17850,8,155,50352.27,370,2.246179687014395e-253,4.505563488117586e-253,5.700516509136781e-253,2.27252733998672e-254,1.0,1,2.791597204600223e-248,3,Hibernating/Lost
17851,58,6,1519.49,372,2.701098235238421e-05,7.510489984056227e-05,0.0001349557968929628,5.558532840234233e-05,0.9999444146715977,1,0.20258410626148987,0,At-Risk
17852,24,3,546.42,367,0.00021278733993292855,0.0006083668472587493,0.0011357650592902723,0.000815573963560561,0.9991844260364394,1,0.877554354319905,0,At-Risk
17853,43,3,1500.29,372,0.0013162839798219635,0.0037656441390284874,0.007036082798915891,0.005112036687043082,0.9948879633129569,1,10.61844165063055,0,At-Risk
17854,98,4,711.3,367,0.0070976116638325724,0.0200901747458417,0.03698963973009374,0.020951341108126756,0.9790486588918732,1,31.650714086533224,0,At-Risk
17855,8,1,206.52,8,2.4215182764993903,4.189503128122878,5.115473883143818,0.8490103824290516,0.15098961757094842,0,4469.677293672061,1,Champions
17857,1,2,131.22,277,8.702059473655371e-06,2.4848978056847924e-05,4.633159947148067e-05,3.6277212845697696e-05,0.9999637227871543,1,0.026407550040172013,0,At-Risk
17858,5,19,5354.37,369,5.392068422250854e-35,1.366305207801333e-34,2.181249897451785e-34,3.7723814172266335e-35,1.0,1,1.1047720652470232e-30,0,At-Risk
17860,4,4,713.59,364,1.3334324456809949e-08,3.7726251069661274e-08,6.941793626593753e-08,3.9049584735866e-08,0.9999999609504152,1,5.952852406125815e-05,0,At-Risk
17861,21,10,2708.71,365,1.174041691804528e-12,3.152403208792826e-12,5.4092430156260135e-12,1.4754344803970696e-12,0.9999999999985245,1,1.3861594217148027e-08,0,At-Risk
17862,21,3,887.39,199,0.0018452564522831877,0.005080162951141502,0.00902382614630744,0.003918348164671804,0.9960816518353282,1,9.357958650617109,0,At-Risk
17863,5,7,2361.57,288,1.2847984247257725e-12,3.4609997908849044e-12,5.967747951697883e-12,1.7970397718478205e-12,0.999999999998203,1,1.3336482916187234e-08,0,At-Risk
17864,21,2,325.35,63,0.31611132384070567,0.7856721577503413,1.2437824001512974,0.3270895532104496,0.6729104467895504,0,881.5640237703138,0,At-Risk
17865,11,26,14125.77,374,2.517754750705064e-39,6.173979958710302e-39,9.485736450825598e-39,1.3348726119243997e-39,1.0,1,1.2696957604393118e-34,0,At-Risk
17866,120,2,568.5,361,0.059278817454806926,0.17115748888843765,0.3239816174761174,0.32005468441282015,0.6799453155871799,0,283.9397146707091,0,At-Risk
17867,46,8,326.95,373,1.3129587863957318e-07,3.589546761376098e-07,6.30597575814819e-07,2.073162635233405e-07,0.9999997926837365,1,0.0002774285933025273,0,At-Risk
17868,22,1,229.75,22,1.183350105857577,2.60929209087968,3.7400339823139808,0.8490103824290516,0.15098961757094842,0,3298.1843910820535,1,Champions
17869,4,3,453.46,183,1.518496838028395e-05,4.1516607343597635e-05,7.310155024780002e-05,2.977307911264058e-05,0.9999702269208873,1,0.05129950370446563,0,At-Risk
17870,2,2,206.55,17,0.1692811875663387,0.3138036843877461,0.39153869424320026,0.06134199632522248,0.9386580036747775,1,246.53176746253652,0,At-Risk
17871,33,4,857.7,329,0.00012702741060139266,0.0003572689928178667,0.0006521813976796505,0.00033734425875251643,0.9996626557412475,1,0.6358240619194329,0,At-Risk
17872,17,1,216.97,17,1.447398694507076,3.015370542041162,4.139504380568189,0.8490103824290516,0.15098961757094842,0,3625.9274533397765,1,Champions
17873,9,14,4011.69,359,2.1494431642029833e-22,5.595400111789039e-22,9.232079262660428e-22,1.9455836612221573e-22,1.0,1,3.4903010160044826e-18,0,At-Risk
17875,324,1,167.1,324,0.09861520557401111,0.28704825954807067,0.5496625148796239,0.8490103824290516,0.15098961757094842,0,462.40459183097283,2,Loyal Customers
17876,35,3,188.73,311,0.001445623198531783,0.004099078030514002,0.007567429815526032,0.004717082120718359,0.9952829178792817,1,3.757888954751036,0,At-Risk
17878,31,2,1004.89,31,1.5031284256645527,3.254944012533188,4.54044263042921,0.85162442782021,0.14837557217979003,0,5409.183603992781,1,Champions
17880,275,2,366.0,366,0.137022521638195,0.3958288541762465,0.7497806567957761,0.7498386719036324,0.2501613280963676,0,550.6431704869638,2,Loyal Customers
17882,15,2,302.66,15,2.5549907848415803,4.5716109014837905,5.582235058730844,0.85162442782021,0.14837557217979003,0,3898.471447713377,1,Champions
17883,175,3,288.28,287,0.17804606447422835,0.5025949923412268,0.9223103869918146,0.5374877588167322,0.46251224118326784,0,528.9849281149246,2,Loyal Customers
17884,4,18,2213.45,371,7.556369904887836e-35,1.92719750667857e-34,3.100742178245067e-34,5.585204347751285e-35,1.0,1,6.610192492201072e-31,0,At-Risk
17886,73,3,534.83,225,0.05417733674690464,0.15054897214960186,0.27062835618287745,0.12937512917221677,0.8706248708277833,1,206.84608869593518,0,At-Risk
17888,10,17,998.9,354,3.59235594768728e-26,9.153396318586782e-26,1.4712667404089396e-25,2.681959781093828e-26,1.0,1,1.4749931817184265e-22,0,At-Risk
17889,10,5,556.95,254,1.7369049278969165e-07,4.7346384426094076e-07,8.294078059671511e-07,2.9367172015953315e-07,0.9999997063282798,1,0.000578640613273839,0,At-Risk
17894,2,11,1298.42,105,6.403479862609168e-18,1.3559235390742882e-17,1.8100786186273577e-17,2.4562323664590726e-18,1.0,1,2.3494738335842174e-14,0,At-Risk
17897,3,8,1674.89,212,1.0503448557732751e-14,2.6950987368886717e-14,4.378108315202156e-14,9.77900181981228e-15,0.9999999999999902,1,7.15991511287559e-11,0,At-Risk
17898,88,2,128.77,203,0.15007233795531139,0.4213602167005474,0.7682689901750983,0.46296749861338393,0.5370325013866161,0,436.7742682493574,0,At-Risk
17901,157,2,75.0,157,0.35318917960537666,0.9740614229190007,1.7358496994298658,0.85162442782021,0.14837557217979003,0,921.8175490766688,2,Loyal Customers
17902,182,1,157.45,182,0.17330205894076497,0.49339012545858735,0.9169939284293535,0.8490103824290516,0.15098961757094842,0,767.0272615901456,2,Loyal Customers
17903,30,1,376.74,30,0.9161179766487617,2.1471934053186486,3.2393842631163787,0.8490103824290516,0.15098961757094842,0,3115.8462761039195,1,Champions
17905,9,10,1020.39,316,1.288977798233283e-15,3.406590066059293e-15,5.730487774479269e-15,1.4151576211483736e-15,0.9999999999999986,1,5.9730246090335265e-12,0,At-Risk
17907,276,1,85.75,276,0.11543078519895683,0.3343056138990179,0.6357303933474605,0.8490103824290516,0.15098961757094842,0,506.4425211371946,2,Loyal Customers
17908,9,5,1074.16,361,1.1448598735285555e-08,3.2061943174689347e-08,5.817712862162799e-08,2.7094699511083466e-08,0.9999999729053005,1,6.584409121562114e-05,0,At-Risk
17909,373,1,122.4,373,0.0858485693712795,0.2508504236976269,0.4829263635301265,0.8490103824290516,0.15098961757094842,0,394.3498879938932,2,Loyal Customers
17910,362,1,260.8,362,0.088418198097437,0.25815856504837054,0.4964573800708087,0.8490103824290516,0.15098961757094842,0,443.1869794265799,2,Loyal Customers
17912,11,1,61.54,11,1.977449732652053,3.7084734174816703,4.745091359348486,0.8490103824290516,0.15098961757094842,0,3756.337988945694,1,Champions
17913,36,12,3023.2,372,2.5938885939895913e-12,6.876561418776085e-12,1.1607583697721774e-11,2.800494866278437e-12,0.9999999999971995,1,3.319814555105415e-08,0,At-Risk
17915,187,1,225.38,187,0.1688005060601413,0.48120871460947523,0.8959047571241548,0.8490103824290516,0.15098961757094842,0,782.844517140152,2,Loyal Customers
17916,264,2,38.65,369,0.1320420455254961,0.3815543921347479,0.7230377746776692,0.72838566102368,0.27161433897632004,0,365.04048843637815,2,Loyal Customers
17918,136,3,300.57,141,0.5470307132262151,1.458711635870074,2.490870296629826,0.838840787606775,0.16115921239322495,0,1454.569568683747,2,Loyal Customers
17919,74,1,326.52,74,0.4087853399913022,1.0890980299855537,1.8672611300597888,0.8490103824290516,0.15098961757094842,0,1738.652874469353,1,Champions
17920,4,39,14207.45,369,1.0751754095335724e-74,2.5037979922671614e-74,3.6353978141807524e-74,3.8818706201078376e-75,1.0,1,4.9421672683850127e-70,0,At-Risk
17921,15,6,1483.08,147,5.088502295666207e-06,1.2775510241710828e-05,2.0270264165778737e-05,4.394362146142161e-06,0.9999956056378538,1,0.029879707977062683,0,At-Risk
17922,179,1,168.5,179,0.17612011425697902,0.5009996551138697,0.930131285095562,0.8490103824290516,0.15098961757094842,0,783.6889388017834,2,Loyal Customers
17923,163,2,170.1,180,0.29870230975644735,0.8320845605145901,1.5017849059987052,0.8208634583750386,0.1791365416249614,0,897.5423543734656,2,Loyal Customers
17924,9,2,472.9500000000001,50,0.1331276834897298,0.31824273510553436,0.48460658833972203,0.11242030706893867,0.8875796929310613,1,394.23129327451204,0,At-Risk
17925,8,1,91.53,8,2.4215182764993903,4.189503128122878,5.115473883143818,0.8490103824290516,0.15098961757094842,0,4142.161793015202,1,Champions
17926,80,3,598.6500000000001,215,0.08245927487475399,0.22837794989394808,0.4087754939076524,0.1885227368089394,0.8114772631910606,1,332.6248986536838,0,At-Risk
17927,357,1,294.0,357,0.08963776560096937,0.2616231166183881,0.5028618115011542,0.8490103824290516,0.15098961757094842,0,458.0884556250655,2,Loyal Customers
17928,207,1,90.75,207,0.15291282030740708,0.43795867870987254,0.8204376887588551,0.8490103824290516,0.15098961757094842,0,656.0442392452383,2,Loyal Customers
17929,23,8,1563.25,366,5.454705724684507e-10,1.4887962782784686e-09,2.6098119424208417e-09,8.459259184906458e-10,0.9999999991540741,1,4.002776806504089e-06,0,At-Risk
17930,29,8,1560.67,281,4.099069908069216e-08,1.0896708907518962e-07,1.8473670324473085e-07,4.9543820953573485e-08,0.9999999504561791,1,0.00028313036233817523,0,At-Risk
17931,33,12,2619.2,297,1.7595461115171264e-11,4.534187682506886e-11,7.392942776517603e-11,1.5417684745939748e-11,0.9999999999845823,1,1.8435899179856184e-07,0,At-Risk
17933,268,1,105.99,268,0.11880723968444924,0.3437375375088079,0.6527670722090106,0.8490103824290516,0.15098961757094842,0,527.2953493743825,2,Loyal Customers
17934,42,1,342.90000000000003,42,0.6843992514661552,1.697021765679058,2.6979342514864806,0.8490103824290516,0.15098961757094842,0,2541.0767869588794,1,Champions
17935,36,5,508.7,371,1.2007395382578825e-05,3.3686292052028166e-05,6.126880921109398e-05,2.9175678847499777e-05,0.9999708243211525,1,0.04022528978147859,0,At-Risk
17938,56,1,143.39,56,0.5284926147861599,1.3638165754876814,2.2581292216208526,0.8490103824290516,0.15098961757094842,0,1876.195411455301,1,Champions
17940,81,5,198.45,372,0.0008201443860954947,0.0023012788416048456,0.004186538928577555,0.001997975208026341,0.9980020247919736,1,1.6570873546231812,0,At-Risk
17941,226,3,294.84,338,0.17268203835847162,0.49175705903567163,0.913144201697118,0.610903156342915,0.38909684365708497,0,528.2235613606558,2,Loyal Customers
17944,59,1,74.96,59,0.5038978630062442,1.3087781411818866,2.18196512092429,0.8490103824290516,0.15098961757094842,0,1730.2632978018046,1,Champions
17945,332,3,330.75,332,0.24567936231295315,0.6990064871087183,1.29640524274973,0.8541495009411079,0.14585049905889214,0,785.8970845461909,2,Loyal Customers
17949,7,73,4961.88,373,1.6654056442609887e-123,3.605543068458634e-123,4.871128882452213e-123,3.4135701437859014e-124,1.0,1,2.3413669460797446e-119,0,At-Risk
17950,1,6,869.51,340,4.182060915627835e-15,1.155017385313307e-14,2.057102492531175e-14,7.895569184182813e-15,0.9999999999999921,1,1.9391837076691596e-11,0,At-Risk
17951,9,2,547.74,40,0.24802600556242582,0.5679040605471106,0.8308510554086935,0.17315954925420662,0.8268404507457934,1,720.481685718628,0,At-Risk
17952,14,4,688.06,177,8.917086196178281e-05,0.00023842619691936566,0.0004080052724557235,0.00013117246170527854,0.9998688275382948,1,0.341951053665738,0,At-Risk
17953,176,1,147.32,176,0.179031336738736,0.5088476574108715,0.9436509072939454,0.8490103824290516,0.15098961757094842,0,784.1010015616368,2,Loyal Customers
17954,3,9,1586.44,366,7.385128004302332e-19,1.999232687557956e-18,3.4670877307213504e-18,1.0263803829684698e-18,1.0,1,5.383748748717659e-15,0,At-Risk
17955,291,2,76.57,301,0.18619410502648653,0.533689979106622,1.0001643224252093,0.8416587744266931,0.15834122557330688,0,531.667720847127,2,Loyal Customers
17958,364,1,346.82,364,0.08793961288116951,0.2567983036080873,0.49394106642584773,0.8490103824290516,0.15098961757094842,0,464.300645781509,2,Loyal Customers
17959,228,1,64.2,228,0.13916010479892874,0.4001933158571182,0.7537767367004776,0.8490103824290516,0.15098961757094842,0,591.6643310613475,2,Loyal Customers
17960,158,2,60.85,277,0.14775586829909093,0.4219210797455449,0.7866833972255891,0.6159658066822444,0.38403419331775557,0,409.55558224579823,2,Loyal Customers
17961,8,62,1636.47,374,1.440758307922012e-101,3.180898112559377e-101,4.3774046030002185e-101,3.439383154704127e-102,1.0,1,6.989563711956758e-98,0,At-Risk
17962,185,3,565.6,331,0.1345338734177804,0.38271695939500705,0.7096551970098495,0.466362875574042,0.533637124425958,0,558.9072963098287,2,Loyal Customers
17963,107,4,587.36,325,0.01892713907232329,0.053193066913949275,0.09700426140316835,0.04967431148398261,0.9503256885160174,1,73.23897153976642,0,At-Risk
17964,8,1,234.34,8,2.4215182764993903,4.189503128122878,5.115473883143818,0.8490103824290516,0.15098961757094842,0,4548.914455410245,1,Champions
17965,1,17,4438.47,361,3.472672193964091e-41,8.873899127112773e-41,1.4312096670824102e-40,2.639428853389088e-41,1.0,1,6.007945897693497e-37,0,At-Risk
17966,227,5,613.28,326,0.2214166457947968,0.6157624670401259,1.1070172677572567,0.47506025944143443,0.5249397405585656,0,824.2945634652783,2,Loyal Customers
17967,7,2,226.42,52,0.07230950066064573,0.17407275528062802,0.2668795062796831,0.0631784909495227,0.9368215090504773,1,170.71040994591957,0,At-Risk
17968,9,4,522.49,148,3.671252222271183e-05,9.619499776318497e-05,0.0001606582953047216,4.570991225154489e-05,0.9999542900877485,1,0.11304138089314535,0,At-Risk
17969,138,18,1950.17,369,1.6749377818854685e-07,4.2684019564934683e-07,6.861106199351692e-07,1.2319120449194525e-07,0.9999998768087955,1,0.0012944645737087558,0,At-Risk
17971,184,1,161.04,184,0.17147292956720764,0.48844427520844214,0.9084401222473069,0.8490103824290516,0.15098961757094842,0,761.6556184954381,2,Loyal Customers
17974,17,3,1064.82,42,0.457554598348989,0.993850087165965,1.379687689262202,0.24129052701763834,0.7587094729823617,0,1630.226648670513,0,At-Risk
17975,2,12,2457.27,126,1.5047407728519283e-20,3.2843944477169796e-20,4.500121929683651e-20,6.221085376528269e-21,1.0,1,1.0606429966929486e-16,0,At-Risk
17976,8,1,344.04,8,2.4215182764993903,4.189503128122878,5.115473883143818,0.8490103824290516,0.15098961757094842,0,4861.362932860959,1,Champions
17977,36,1,1049.94,36,0.7834733096968532,1.8956728209940945,2.9438982191432057,0.8490103824290516,0.15098961757094842,0,3924.461254418271,1,Champions
17978,1,4,631.31,367,1.0372913791840032e-10,2.936109505166829e-10,5.405907822016541e-10,3.0619659884390005e-10,0.9999999996938034,1,4.2739242633768067e-07,0,At-Risk
17980,29,1,211.47,29,0.9427232635514526,2.195773242217596,3.294510429580775,0.8490103824290516,0.15098961757094842,0,2868.2279425571282,1,Champions
17981,46,1,197.97,46,0.6311938485938098,1.586254503197243,2.5556533045571,0.8490103824290516,0.15098961757094842,0,2201.8077608226636,1,Champions
17982,316,1,135.57,316,0.1010691039553404,0.2939741799742076,0.5623508254318035,0.8490103824290516,0.15098961757094842,0,463.3382885473711,2,Loyal Customers
17983,31,1,158.01,31,0.8909744268178874,2.1007233476849643,3.186075398669065,0.8490103824290516,0.15098961757094842,0,2678.8421618450207,1,Champions
17984,28,4,981.76,374,3.248106254979203e-05,9.203516983786619e-05,0.0001696919050060155,9.765272509912748e-05,0.9999023472749009,1,0.182523602233544,0,At-Risk
17987,12,4,728.36,186,3.6418781720608346e-05,9.787549542331672e-05,0.00016854191910199273,5.61269387432742e-05,0.9999438730612568,1,0.14676832462362163,0,At-Risk
17988,123,6,275.52,368,0.0031673724062744363,0.008800091863745944,0.015796506725474637,0.006450793118637838,0.9935492068813622,1,6.824192415282108,0,At-Risk
17989,15,1,220.85,15,1.5893341066863198,3.215676772513155,4.32390075650617,0.8490103824290516,0.15098961757094842,0,3799.281195499943,1,Champions
17990,16,3,896.77,368,5.742764438610097e-05,0.00016420837568756092,0.00030661453925927827,0.0002206937255436865,0.9997793062744563,1,0.3198502608617963,0,At-Risk
17991,227,1,205.4,227,0.13975865831155793,0.4018433405746317,0.756704321369574,0.8490103824290516,0.15098961757094842,0,652.7384321541714,2,Loyal Customers
17992,25,1,249.08,25,1.0666498486559604,2.4143585455321217,3.5351634737843702,0.8490103824290516,0.15098961757094842,0,3153.416432287424,1,Champions
17993,253,1,229.94,253,0.12570139884396522,0.36293724556065293,0.6873035965795703,0.8490103824290516,0.15098961757094842,0,602.0809681301341,2,Loyal Customers
17994,24,7,1382.34,256,1.8863673585489433e-07,5.018946682479904e-07,8.52109103329679e-07,2.3620800406309666e-07,0.999999763791996,1,0.001175204326799734,0,At-Risk
17995,18,2,389.78,23,1.709305999542585,3.4388267823660517,4.533861724883408,0.7687759225628746,0.23122407743712536,0,3437.196876718491,1,Champions
17996,15,3,414.67,182,0.000919582482031638,0.0025130092875430814,0.00442223696687693,0.0017936648025261945,0.9982063351974738,1,2.9707568958912884,0,At-Risk
17998,16,3,461.65,374,5.361668047487436e-05,0.00015342482298672555,0.00028676902730405537,0.00020932159346290967,0.9997906784065371,1,0.20279844215296663,0,At-Risk
17999,2,2,331.24,14,0.2862257419342606,0.5021265009985276,0.606121389489274,0.09125372244749516,0.9087462775525048,1,435.78796326410145,0,At-Risk
18000,200,1,75.95,200,0.15812171482603543,0.45218290259638527,0.8453598357261295,0.8490103824290516,0.15098961757094842,0,669.1180659779204,2,Loyal Customers
18001,85,4,482.46,373,0.00359496777452762,0.010184858478069929,0.018774842667400902,0.01078007187969143,0.9892199281203086,1,12.57003398695277,0,At-Risk
18002,11,4,203.37,367,7.305558009912032e-07,2.0678778156166877e-06,3.8073364902585796e-06,2.156517503357242e-06,0.9999978434824967,1,0.0016848499574507847,0,At-Risk
18003,12,1,309.14,12,1.8636235669201655,3.571647596249409,4.632576817824151,0.8490103824290516,0.15098961757094842,0,4302.697103587493,1,Champions
18006,17,3,474.84,358,7.832352055084401e-05,0.00022367006079183178,0.00041691106722250047,0.0002930267833008803,0.9997069732166991,1,0.29909585913683656,0,At-Risk
18007,28,1,209.87,28,0.9709216968192537,2.246610201014164,3.3515477052348936,0.8490103824290516,0.15098961757094842,0,2915.3780824023725,1,Champions
18008,51,14,1458.94,338,1.741947316806033e-11,4.4983175777055406e-11,7.350098708854638e-11,1.4914358307314237e-11,0.9999999999850856,1,1.0527029246984482e-07,0,At-Risk
18009,178,7,1799.54,288,0.11519918762796377,0.3103244498261219,0.535087608120921,0.16112840572340822,0.8388715942765917,1,932.8795516610313,0,At-Risk
18011,9,2,393.09,203,0.0017090888159043947,0.004798632736996488,0.00874938017628153,0.005272474493220646,0.9947275255067793,1,6.597037409828314,0,At-Risk
18012,359,1,76.15,359,0.08914592350164455,0.2602261958089932,0.5002803063488692,0.8490103824290516,0.15098961757094842,0,395.8101114852501,2,Loyal Customers
18016,46,2,471.2,317,0.014181673246015462,0.04073892197323896,0.0765767551407016,0.06742930076319245,0.9325706992368076,1,61.89678247782828,0,At-Risk
18017,67,1,44.55,67,0.4482701437171995,1.1816438777248677,2.001973333236756,0.8490103824290516,0.15098961757094842,0,1553.3673395634864,1,Champions
18018,35,2,123.05,56,0.713976289966927,1.7409099937847752,2.702992726653152,0.6656155899903335,0.33438441000966646,0,1531.6000473095937,1,Champions
18020,179,1,181.03,179,0.17612011425697902,0.5009996551138697,0.930131285095562,0.8490103824290516,0.15098961757094842,0,790.1016518755824,2,Loyal Customers
18021,145,2,213.26,148,0.37099480493019144,1.0183720251278692,1.8041943900639665,0.8456567546737658,0.15434324532623422,0,1133.3907839673548,2,Loyal Customers
18022,21,4,953.83,182,0.0004178215743151408,0.0011204142532738213,0.0019241114139791668,0.0006309040763708456,0.9993690959236291,1,2.0290462063187604,0,At-Risk
18025,15,6,1135.43,255,9.720458912341774e-08,2.616959517003289e-07,4.510767149824576e-07,1.3965155807991192e-07,0.9999998603484419,1,0.0005287137758371196,0,At-Risk
18026,136,2,954.78,141,0.38631524593239625,1.0561575994306327,1.8618126664493182,0.8409740517254921,0.1590259482745079,0,2139.222972015812,1,Champions
18028,219,1,133.4,219,0.14473906033293427,0.4155501795640359,0.7809704997805555,0.8490103824290516,0.15098961757094842,0,642.7663664118209,2,Loyal Customers
18029,278,1,351.15,278,0.11461644724145457,0.33202796952293595,0.6316093373149331,0.8490103824290516,0.15098961757094842,0,595.344900112408,2,Loyal Customers
18031,14,1,452.68,14,1.6713069656713468,3.326174249726184,4.422257861047852,0.8490103824290516,0.15098961757094842,0,4456.206758722673,1,Champions
18034,11,1,349.81,11,1.977449732652053,3.7084734174816703,4.745091359348486,0.8490103824290516,0.15098961757094842,0,4516.59124906546,1,Champions
18035,21,2,220.05,21,2.024790050994232,3.977059762908622,5.155460436498516,0.85162442782021,0.14837557217979003,0,3291.012412327885,1,Champions
18036,21,8,1024.86,357,3.280044587282248e-10,8.93249861633864e-10,1.5613241758042653e-09,4.96790779704009e-10,0.9999999995032092,1,1.651079750391994e-06,0,At-Risk
18037,57,9,79.05,374,1.2967196702438283e-07,3.5175918046072325e-07,6.116374329780388e-07,1.839430837283215e-07,0.9999998160569162,1,0.0001259467255927237,0,At-Risk
18038,192,1,136.51,192,0.16452689757788055,0.4696144636229735,0.8757645964336512,0.8490103824290516,0.15098961757094842,0,722.3994614216058,2,Loyal Customers
18039,10,4,543.11,276,2.1957312587545714e-06,6.1038904831881425e-06,1.0971876471421864e-05,4.9240812689470746e-06,0.999995075918731,1,0.007891312969863505,0,At-Risk
18041,1,20,3863.05,330,1.7864499576156705e-47,4.420009574115847e-47,6.863875548385667e-47,1.0776865423185183e-47,1.0,1,2.525267742946571e-43,0,At-Risk
18042,177,1,108.75,177,0.17805029368728803,0.5062044710953901,0.9391008667666626,0.8490103824290516,0.15098961757094842,0,760.3837966500836,2,Loyal Customers
18043,2,1,308.11,2,4.401931235516357,5.625224617031011,6.014179430559708,0.8490103824290516,0.15098961757094842,0,5631.3114845967975,1,Champions
18044,23,8,1248.96,196,1.6994946821620096e-07,4.3114431450462794e-07,6.911815201849671e-07,1.4729139867579778e-07,0.9999998527086014,1,0.0008697160934061731,0,At-Risk
18046,285,1,141.98000000000002,285,0.11185456870993689,0.3242949568696742,0.617597238504164,0.8490103824290516,0.15098961757094842,0,511.08060202926276,2,Loyal Customers
18047,17,2,307.39,17,2.350167962215989,4.35660557487764,5.435817815359112,0.85162442782021,0.14837557217979003,0,3811.3540173403376,1,Champions
18048,129,1,221.74,129,0.24159795229633566,0.6743622922379073,1.2220040223371336,0.8490103824290516,0.15098961757094842,0,1065.9535754374551,2,Loyal Customers
18049,73,2,538.95,226,0.08966021573158886,0.2533483263430767,0.46579982498584105,0.30680201947773805,0.6931979805222619,0,398.8199286050332,0,At-Risk
18050,29,1,316.14,29,0.9427232635514526,2.195773242217596,3.294510429580775,0.8490103824290516,0.15098961757094842,0,3058.9336851561125,1,Champions
18051,270,7,1644.26,366,0.23321348801845268,0.641975150805404,1.1381547846520241,0.40949499939000705,0.590505000609993,0,1828.638825176178,2,Loyal Customers
18052,200,1,283.5,200,0.15812171482603543,0.45218290259638527,0.8453598357261295,0.8490103824290516,0.15098961757094842,0,765.6448705995072,2,Loyal Customers
18053,161,2,263.7,163,0.3393394410472076,0.9385504385282073,1.6786091793299762,0.8480488345380196,0.1519511654619804,0,1113.720023077967,2,Loyal Customers
18054,28,1,176.5,28,0.9709216968192537,2.246610201014164,3.3515477052348936,0.8490103824290516,0.15098961757094842,0,2853.5165605714833,1,Champions
18055,3,6,3960.45,49,9.784225609081404e-07,1.9130424471998626e-06,2.4161355411693974e-06,3.3805161410686154e-07,0.9999996619483859,1,0.008778998552722246,0,At-Risk
18056,254,1,190.95,254,0.12521699135466371,0.36159077404911616,0.6848878046213027,0.8490103824290516,0.15098961757094842,0,585.2751094510725,2,Loyal Customers
18057,29,3,1009.75,326,0.0006463967731870894,0.00183741412768409,0.0034034530665149887,0.0022078547198512827,0.9977921452801487,1,3.847914803953799,0,At-Risk
18058,177,2,388.8,303,0.13817183270387595,0.39615743655367314,0.7427114867770086,0.6286298101610521,0.3713701898389479,0,557.4432270607743,2,Loyal Customers
18060,44,2,1107.44,200,0.051627599372325965,0.14482052332007966,0.26373261207983734,0.15700073102608916,0.8429992689739109,1,331.0685322323125,0,At-Risk
18061,2,19,2752.04,371,9.410186431948306e-42,2.3864256701196156e-41,3.813518953193089e-41,6.616007413316821e-42,1.0,1,1.0051340594943243e-37,0,At-Risk
18062,22,3,868.4,233,0.0011014076649470655,0.0030681790588740856,0.005533083767240599,0.002719802036607174,0.9972801979633928,1,5.654886171656682,0,At-Risk
18063,26,2,186.6,269,0.00698851800620695,0.01992802109996995,0.03708650037651105,0.02831491768720098,0.971685082312799,1,22.57960465549411,0,At-Risk
18064,82,9,2145.42,312,2.3538357985650045e-05,6.268130928293751e-05,0.00010646448995556622,2.81488197617311e-05,0.9999718511802382,1,0.21859778903934154,0,At-Risk
18065,24,14,3249.24,366,1.2660908410816395e-16,3.304089697270368e-16,5.468151054548031e-16,1.1666792458688854e-16,0.9999999999999999,1,1.6835830664213104e-12,0,At-Risk
18066,22,2,995.1,51,0.5412028395536385,1.2983651144068769,1.9839156567095946,0.4649412712932856,0.5350587287067143,0,2343.759241701975,1,Champions
18069,19,6,2412.26,285,1.850272940962723e-07,5.034590002653307e-07,8.795602827947685e-07,2.952926222413686e-07,0.9999997047073778,1,0.001996423619034538,0,At-Risk
18070,305,1,314.1,305,0.1046496862161627,0.3040618263591696,0.5807854805198482,0.8490103824290516,0.15098961757094842,0,535.560512215983,2,Loyal Customers
18071,1,5,965.13,370,4.838286883627139e-13,1.357128905955121e-12,2.4677842493797743e-12,1.1725549922008173e-12,0.9999999999988275,1,2.5667668056049854e-09,0,At-Risk
18074,9,2,894.0400000000001,141,0.005501680574783764,0.015041191901897148,0.02651487014489478,0.011976671003776545,0.9880233289962235,1,29.334604275177732,0,At-Risk
18075,10,10,3017.55,134,5.172843562217943e-11,1.1848634141396233e-10,1.701407015074424e-10,2.631796236998889e-11,0.999999999973682,1,4.855066882151454e-07,0,At-Risk
18076,16,1,95.72,16,1.515042330418168,3.112296521995405,4.229730648334781,0.8490103824290516,0.15098961757094842,0,3421.691180967308,1,Champions
18077,2,8,1703.45,368,3.8395979182920695e-18,1.0484780890044786e-17,1.839097188359567e-17,5.985436101845699e-18,1.0,1,3.048773923817965e-14,0,At-Risk
18078,61,2,487.36,264,0.043138696348482504,0.12289909245378174,0.2284373003546022,0.17162301753200335,0.8283769824679966,1,187.27762333985612,0,At-Risk
18079,127,1,228.98,127,0.2452451118898639,0.6838287467888592,1.2375435693156622,0.8490103824290516,0.15098961757094842,0,1084.4716123374535,2,Loyal Customers
18083,33,1,393.86,33,0.8446154414767705,2.0135846796796857,3.084563520714559,0.8490103824290516,0.15098961757094842,0,2994.901464258064,1,Champions
18084,19,2,168.75,24,1.6651523735526361,3.386996716821789,4.501339018828448,0.7732089352282621,0.22679106477173794,0,2707.667612388617,1,Champions
18085,9,3,955.8,264,3.8167764989465656e-05,0.00010720234827900761,0.00019542232380237608,0.00010628940090790319,0.999893710599092,1,0.21287267883422803,0,At-Risk
18087,15,15,4561.2,374,5.791027593675876e-21,1.5056785506902603e-20,2.4802342001657523e-20,5.106372633455157e-21,1.0,1,1.0652895660402261e-16,0,At-Risk
18089,82,1,360.5,82,0.37139951182992176,0.9996406158613096,1.733969349801774,0.8490103824290516,0.15098961757094842,0,1646.5816396635394,1,Champions
18090,57,1,301.28,57,0.5200317855065604,1.3449622991646004,2.2321551593052966,0.8490103824290516,0.15098961757094842,0,2048.917218734882,1,Champions
18091,229,1,309.2,229,0.13856665647477887,0.3985567887763258,0.7508717318885929,0.8490103824290516,0.15098961757094842,0,690.5732462724161,2,Loyal Customers
18092,1,8,4034.43,371,4.539896300470984e-20,1.2405950830049152e-19,2.178099285940512e-19,7.131943347336294e-20,1.0,1,8.102326856861932e-16,0,At-Risk
18093,80,4,1074.81,254,0.020099053313087183,0.05552847708808733,0.09901356506200007,0.041627126771387024,0.958372873228613,1,114.0759557607563,0,At-Risk
18094,82,6,2683.66,337,0.0004775545978053497,0.0013180128332983907,0.002345268503704749,0.0008939974929674389,0.9991060025070325,1,5.868285425042808,0,At-Risk
18095,63,3,1111.98,235,0.029685130647093882,0.08274256205472641,0.14933111540656485,0.07390813262542634,0.9260918673745737,1,180.7215374248145,0,At-Risk
18096,78,3,840.94,149,0.2569115124809963,0.6890276349463178,1.1847569936302642,0.41486560812311096,0.585134391876889,0,1186.9492510762634,0,At-Risk
18097,21,5,1735.16,358,9.13604063256519e-07,2.55715775188829e-06,4.636634342385362e-06,2.1448573020822527e-06,0.9999978551426979,1,0.00782349010776872,0,At-Risk
18098,32,1,512.19,32,0.8671752801207654,2.056228284374122,3.1344959520926903,0.8490103824290516,0.15098961757094842,0,3248.814199419126,1,Champions
18100,186,1,429.55,186,0.16968200966933736,0.4835966246652375,0.9000445620594594,0.8490103824290516,0.15098961757094842,0,887.5741805814013,2,Loyal Customers
18101,10,3,387.61,310,2.687284119706891e-05,7.618497739813511e-05,0.0001406145800130529,8.741290501030058e-05,0.9999125870949896,1,0.09142587837839573,0,At-Risk
18102,1,89,48952.57,374,2.408826123855837e-214,5.106532297604341e-214,6.768673361350662e-214,4.121196798118913e-215,1.0,1,3.206538859214901e-209,3,Hibernating/Lost
18103,185,1,80.25,185,0.17057276865820864,0.4860083587244576,0.9042228373668602,0.8490103824290516,0.15098961757094842,0,717.920368740145,2,Loyal Customers
18106,112,5,1001.01,329,0.009488971465794189,0.02640621362170675,0.04751401267714996,0.020538870758660496,0.9794611292413395,1,50.8639368022961,0,At-Risk
18107,78,1,154.79,78,0.38919651251499493,1.042451465674529,1.798141754039982,0.8490103824290516,0.15098961757094842,0,1503.8811618737375,1,Champions
18108,232,2,565.51,373,0.118593393854405,0.3428255867146539,0.649995918195714,0.661146756673053,0.338853243326947,0,568.2790622417843,2,Loyal Customers
18109,5,13,1681.24,162,3.858625113567807e-19,8.81788197903369e-19,1.2611198043735594e-18,1.837296388616682e-19,1.0,1,2.071911249071339e-15,0,At-Risk
18110,47,1,198.23,47,0.6191609788056118,1.5607906492381476,2.522405309124176,0.8490103824290516,0.15098961757094842,0,2173.3592098339204,1,Champions
18111,225,1,368.3,225,0.14097134670223382,0.4051845565540938,0.7626282922301314,0.8490103824290516,0.15098961757094842,0,726.1921877063814,2,Loyal Customers
18112,54,2,389.57,187,0.08984708231298928,0.25093327962780154,0.45440527976159284,0.2561200611197691,0.7438799388802309,0,341.5493997184834,0,At-Risk
18113,4,1,28.62,4,3.459163950590388,5.057804924838033,5.693613931946437,0.8490103824290516,0.15098961757094842,0,4426.867420003334,1,Champions
18115,333,1,9.7,333,0.09599321608486332,0.2796366468640617,0.5360558507735766,0.8490103824290516,0.15098961757094842,0,404.5525401880376,2,Loyal Customers
18116,12,5,702.4300000000001,47,0.0134725690493504,0.027166669862107744,0.0352129268097294,0.005193907666179041,0.994806092333821,1,29.110470113254102,0,At-Risk
18118,5,4,1024.85,17,0.1718501820973476,0.26739761734354506,0.29813641396478024,0.039406789553765365,0.9605932104462347,1,336.20222122114654,0,At-Risk
18119,3,1,166.85,3,3.8744753382827906,5.329139293536701,5.852334758934876,0.8490103824290516,0.15098961757094842,0,5008.7903387032675,1,Champions
18123,149,1,91.8,149,0.21032049479231993,0.5923651516110703,1.085700888214569,0.8490103824290516,0.15098961757094842,0,869.180888308173,2,Loyal Customers
18124,108,1,111.53,108,0.28630524207214425,0.7890660409249213,1.4076331779880051,0.8490103824290516,0.15098961757094842,0,1142.8612189892212,2,Loyal Customers
18127,39,1,207.9,39,0.7305907616749147,1.7908403864026374,2.815536723406649,0.8490103824290516,0.15098961757094842,0,2442.646648220854,1,Champions
18128,173,1,416.8,173,0.18204042450992486,0.51694552441084,0.9575697414456136,0.8490103824290516,0.15098961757094842,0,937.6776142570573,2,Loyal Customers
18131,267,1,103.86,267,0.11924323645024239,0.344954087199194,0.6549611082514041,0.8490103824290516,0.15098961757094842,0,528.3023178515917,2,Loyal Customers
18132,140,1,225.9,140,0.22333111064578398,0.6266522207405624,1.1430702995675146,0.8490103824290516,0.15098961757094842,0,999.576347795137,2,Loyal Customers
18134,234,2,424.35,330,0.14648520750232238,0.4214918096824268,0.7940563671995441,0.7243821923300044,0.27561780766999555,0,615.716093344187,2,Loyal Customers
18135,28,5,353.21,270,2.349048766093548e-05,6.437379481554548e-05,0.00011353798238083547,4.209096933564974e-05,0.9999579090306644,1,0.05974600975914448,0,At-Risk
18136,45,2,832.53,87,0.4069612829638241,1.0582266147250736,1.758716055029185,0.5640944138362202,0.43590558616377983,0,1872.3012512125742,1,Champions
18137,187,2,134.84,187,0.2987503974955469,0.834377868526833,1.510942308398422,0.85162442782021,0.14837557217979003,0,865.5596018703196,2,Loyal Customers
18140,109,1,531.8199999999999,109,0.28380437064769737,0.7827256441628218,1.397521628663345,0.8490103824290516,0.15098961757094842,0,1458.0871806194743,1,Champions
18141,37,2,859.63,225,0.025828706494457943,0.07296453006566296,0.1341063252008656,0.08800314367229406,0.9119968563277059,1,144.99648343866932,0,At-Risk
18144,9,8,1682.55,359,3.5107034437448474e-13,9.565485551619168e-13,1.6730560132170227e-12,5.345527620026465e-13,0.9999999999994654,1,2.742756955650778e-09,0,At-Risk
18145,18,7,2450.75,367,1.2621220069128797e-09,3.4750568891717744e-09,6.162693522762494e-09,2.221915552237938e-09,0.9999999977780845,1,1.424370584317452e-05,0,At-Risk
18148,282,1,114.1,282,0.11302176210684446,0.32756454756638415,0.6235255306747763,0.8490103824290516,0.15098961757094842,0,506.4312080437214,2,Loyal Customers
18149,40,4,991.93,271,0.0007886211310063502,0.0021893805507950006,0.003928663022615069,0.0017378045973737728,0.9982621954026262,1,4.260701507507849,0,At-Risk
18151,56,4,1114.04,281,0.00270196607735342,0.0075207793940066745,0.013541417811505203,0.006164648182677795,0.9938353518173222,1,16.030405687913362,0,At-Risk
18152,282,1,389.14,282,0.11302176210684446,0.32756454756638415,0.6235255306747763,0.8490103824290516,0.15098961757094842,0,600.7444777421655,2,Loyal Customers
18153,295,1,246.22,295,0.10813224274338264,0.3138525981936265,0.5986257349051636,0.8490103824290516,0.15098961757094842,0,529.6815473184231,2,Loyal Customers
18154,24,3,455.2,126,0.01895837293880351,0.049924798358762214,0.08399190980528028,0.02617914696263073,0.9738208530373693,1,59.11594813039306,0,At-Risk
18156,5,1,206.23,5,3.124224385165734,4.810316561525754,5.539975039477771,0.8490103824290516,0.15098961757094842,0,4851.903848869022,1,Champions
18157,207,1,197.08,207,0.15291282030740708,0.43795867870987254,0.8204376887588551,0.8490103824290516,0.15098961757094842,0,704.0359971771469,2,Loyal Customers
18160,22,1,361.57,22,1.183350105857577,2.60929209087968,3.7400339823139808,0.8490103824290516,0.15098961757094842,0,3571.1891295688956,1,Champions
18161,15,1,179.16,15,1.5893341066863198,3.215676772513155,4.32390075650617,0.8490103824290516,0.15098961757094842,0,3699.262499126473,1,Champions
18162,368,1,362.15,368,0.08699781890140383,0.2541203397362457,0.4889842168697388,0.8490103824290516,0.15098961757094842,0,463.75916268621876,2,Loyal Customers
18163,220,1,667.51,220,0.14409718375468955,0.41378589422077494,0.7778523970396838,0.8490103824290516,0.15098961757094842,0,868.7365665911327,2,Loyal Customers
18166,259,1,175.5,259,0.12284989821365307,0.35500556924419874,0.6730593116383553,0.8490103824290516,0.15098961757094842,0,569.4364683184017,2,Loyal Customers
18168,8,11,2456.83,372,1.6533280014205327e-18,4.414807842734301e-18,7.521180888433034e-18,1.935609471112705e-18,1.0,1,1.7598883553373166e-14,0,At-Risk
18170,10,6,1746.8300000000002,336,1.1396670724884968e-09,3.1446546763907476e-09,5.593878463343033e-09,2.1274418966044443e-09,0.9999999978725581,1,9.492093139249932e-06,0,At-Risk
18171,106,4,1021.0,339,0.014726458697158917,0.041493829879059314,0.07592927133895955,0.040256670768133225,0.9597433292318668,1,84.10762369804237,0,At-Risk
18172,23,32,8095.03,364,7.462222206812149e-38,1.7757210200570852e-37,2.6386745194026446e-37,3.1917280934262633e-38,1.0,1,2.0397859834532497e-33,0,At-Risk
18173,248,1,357.11,248,0.12818076490945063,0.3698228997549173,0.6996429263724826,0.8490103824290516,0.15098961757094842,0,661.8399495235092,2,Loyal Customers
18174,239,1,52.65,239,0.13289917675823593,0.38289887700010616,0.7230082082933794,0.8490103824290516,0.15098961757094842,0,562.8906784668436,2,Loyal Customers
18175,311,1,165.6,311,0.10266578685323613,0.2984752178792404,0.5705829602260988,0.8490103824290516,0.15098961757094842,0,479.54965489180097,2,Loyal Customers
18177,196,3,813.11,360,0.11831055017428785,0.3379506155083821,0.630150495852735,0.44503535425006585,0.5549646457499342,0,616.6648992456267,2,Loyal Customers
18178,38,7,4378.5,295,1.5899202453487534e-06,4.293130985693749e-06,7.42486983431121e-06,2.274771430811707e-06,0.9999977252285692,1,0.02968281306150157,0,At-Risk
18179,158,2,342.88,299,0.12784329154947624,0.36633152028629645,0.686253397460121,0.5741488628842086,0.42585113711579137,0,492.97579513646104,2,Loyal Customers
18181,36,4,799.49,371,9.775651087849472e-05,0.0002768710318659419,0.0005101825093408619,0.0002916141282638647,0.9997083858717362,1,0.47313303141768404,0,At-Risk
18182,99,1,287.71000000000004,99,0.3109675689217405,0.8511195006320442,1.5056954026306186,0.8490103824290516,0.15098961757094842,0,1368.8161050009724,1,Champions
18186,358,1,264.99,358,0.08939116800436163,0.2609227863710301,0.5015677362884462,0.8490103824290516,0.15098961757094842,0,448.9082084202633,2,Loyal Customers
18187,267,1,697.94,267,0.11924323645024239,0.344954087199194,0.6549611082514041,0.8490103824290516,0.15098961757094842,0,742.2983028546197,2,Loyal Customers
18188,66,3,1212.95,259,0.023147182920792014,0.06493574251379829,0.1181858499252513,0.06328259526934268,0.9367174047306573,1,152.2224482940481,0,At-Risk
18189,261,1,307.40000000000003,261,0.12192793188878992,0.3524381714756945,0.6684415879861427,0.8490103824290516,0.15098961757094842,0,614.0165802054172,2,Loyal Customers
18190,239,3,454.41,353,0.16815616669482766,0.47988563345731655,0.893670856448172,0.6205568743315639,0.3794431256684361,0,627.0418282524859,2,Loyal Customers
18191,113,1,307.95,113,0.27422307554846775,0.7583519048040864,1.3584900716445014,0.8490103824290516,0.15098961757094842,0,1249.7946811687407,2,Loyal Customers
18193,16,2,867.8100000000001,78,0.11225051469217533,0.2877874030055085,0.4708604183628758,0.14079958205966567,0.8592004179403343,1,513.144052106253,0,At-Risk
18194,74,5,1573.11,316,0.0014094219124932172,0.0039107528330494905,0.007009842756344547,0.002934955299872378,0.9970650447001276,1,10.87587897807472,0,At-Risk
18195,23,1,101.16,23,1.1417088417099113,2.5408958453433734,3.669162588845515,0.8490103824290516,0.15098961757094842,0,2973.7717761419917,1,Champions
18196,107,2,744.33,268,0.10321122849054794,0.2942575932166627,0.5474873982158128,0.41666242715694857,0.5833375728430514,0,547.516085261028,0,At-Risk
18197,211,1,223.35,211,0.1500875500734796,0.43022533395064605,0.8068457596472755,0.8490103824290516,0.15098961757094842,0,704.0167543397423,2,Loyal Customers
18199,319,1,324.25,319,0.1001347128424309,0.29133814076375275,0.5575246261490637,0.8490103824290516,0.15098961757094842,0,517.2032155210665,2,Loyal Customers
18201,358,1,415.38,358,0.08939116800436163,0.2609227863710301,0.5015677362884462,0.8490103824290516,0.15098961757094842,0,490.38307522618203,2,Loyal Customers
18203,17,3,281.0,367,7.048877865688893e-05,0.00020153001608144662,0.000376238040739525,0.00027017026771358993,0.9997298297322864,1,0.21359626068689544,0,At-Risk
18206,189,1,314.66,189,0.16706469388970258,0.4765029679011229,0.8877384508353448,0.8490103824290516,0.15098961757094842,0,819.3047341442617,2,Loyal Customers
18207,135,1,532.12,135,0.23127958141473795,0.6474735140703465,1.177645062943732,0.8490103824290516,0.15098961757094842,0,1228.384526061402,2,Loyal Customers
18208,201,1,302.28,201,0.15735596445047392,0.45009454913367103,0.8417071570782914,0.8490103824290516,0.15098961757094842,0,771.0282627675497,2,Loyal Customers
18210,18,1,146.55,18,1.38554773057497,2.9243146507784505,4.052993553670138,0.8490103824290516,0.15098961757094842,0,3390.8820127108957,1,Champions
18212,313,1,271.8,313,0.10202109779997778,0.29665836192564415,0.5672613418261605,0.8490103824290516,0.15098961757094842,0,509.88303541949097,2,Loyal Customers
18214,166,4,969.88,190,0.4900575260149824,1.3198338360778148,2.2787365950342915,0.7705289524420017,0.2294710475579983,0,2432.5101483720427,1,Champions
18215,73,4,1910.8,259,0.01249525236397317,0.03457272399954592,0.06176641475954673,0.026365845189236826,0.9736341548107632,1,113.18614545419743,0,At-Risk
18217,149,2,227.89,162,0.33246697256535623,0.9191159896495209,1.6428885893245697,0.826004461961374,0.173995538038626,0,1048.7319450784669,2,Loyal Customers
18218,232,2,338.79,296,0.17257087815153319,0.49427724084835406,0.9253770526028487,0.767439255329127,0.23256074467087295,0,662.1060950895373,2,Loyal Customers
18219,4,8,1374.67,368,5.438947770773826e-16,1.4852121722768176e-15,2.605156520481214e-15,8.478615479019653e-16,0.9999999999999991,1,3.5609434297522034e-12,0,At-Risk
18220,30,5,853.1,360,5.6069734879347186e-06,1.569954593105721e-05,2.8480286562585637e-05,1.3234262605865895e-05,0.9999867657373941,1,0.02694267590810788,0,At-Risk
18221,26,1,378.08,26,1.032707500007532,2.3557168280528478,3.4717633488883806,0.8490103824290516,0.15098961757094842,0,3344.0973570557303,1,Champions
18223,23,12,6742.83,371,1.194368949301309e-14,3.1653703147226107e-14,5.341063869652045e-14,1.2862616540376437e-14,0.9999999999999871,1,3.3390084603799653e-10,0,At-Risk
18225,1,15,6434.78,371,1.2121586974639194e-36,3.1482982503350346e-36,5.179363261498778e-36,1.0609242556690797e-36,1.0,1,3.1206329170210843e-32,0,At-Risk
18226,14,15,5674.87,280,2.244211744693646e-19,5.590515435679778e-19,8.756130824013886e-19,1.5193565765398883e-19,1.0,1,4.6669351361943135e-15,0,At-Risk
18227,120,1,7.5,120,0.2589257746435574,0.719163744690735,1.2951947562854045,0.8490103824290516,0.15098961757094842,0,977.168936675325,2,Loyal Customers
18229,2,10,2889.71,372,1.9038088319335798e-22,5.121851515005e-22,8.810394901513548e-22,2.435743518105573e-22,1.0,1,2.4012340743345537e-18,0,At-Risk
18230,14,2,1444.53,161,0.009335268556104661,0.025795553445033263,0.046081411713011125,0.023056478378386612,0.9769435216216134,1,68.77614305807111,0,At-Risk
18231,42,23,4036.61,334,2.070767843785656e-20,5.048432209992391e-20,7.708404384008185e-20,1.1109650399325998e-20,1.0,1,2.970200143625534e-16,0,At-Risk
18234,187,1,174.6,187,0.1688005060601413,0.48120871460947523,0.8959047571241548,0.8490103824290516,0.15098961757094842,0,757.813671063406,2,Loyal Customers
18236,24,6,862.8100000000001,239,2.7677871113507105e-06,7.401900998829412e-06,1.2652498599750786e-05,3.741338657379537e-06,0.9999962586613427,1,0.011865214943077244,0,At-Risk
18238,151,1,270.02,151,0.2076324924561681,0.5852494145839225,1.0737264660172026,0.8490103824290516,0.15098961757094842,0,964.8949809982704,2,Loyal Customers
18239,8,2,576.4,58,0.06823953173740965,0.16736734128035022,0.26139035387061094,0.06561498986045108,0.9343850101395489,1,231.5471803152412,0,At-Risk
18241,51,4,904.3,253,0.003144447083593841,0.008684641322730998,0.015479587575664549,0.0064879530414054115,0.9935120469585946,1,15.686233656750854,0,At-Risk
18242,81,4,1309.08,333,0.0052870676779084936,0.014881032924555473,0.027191553708234378,0.01420561020539,0.98579438979461,1,36.49373895977922,0,At-Risk
18243,50,1,512.18,50,0.5856671790483223,1.4890884698630558,2.4276739288246696,0.8490103824290516,0.15098961757094842,0,2511.8885031469345,1,Champions
18244,66,2,320.38,138,0.2433989197158957,0.6642094706104171,1.168225345120752,0.5191638328622504,0.48083616713774957,0,821.8785209111413,0,At-Risk
18245,15,13,3692.59,277,2.0367674139310453e-16,5.150715416673068e-16,8.211987443357951e-16,1.5560643179204014e-16,0.9999999999999999,1,2.8602768365572716e-12,0,At-Risk
18246,245,1,91.53,245,0.12971589531409075,0.37408116722258455,0.7072616322587344,0.8490103824290516,0.15098961757094842,0,565.7416893749707,2,Loyal Customers
18247,50,3,767.53,267,0.008597012067207274,0.024163473551406727,0.04408909295634992,0.02420332995538524,0.9757966700446148,1,41.612829479668434,0,At-Risk
18251,81,8,2619.9,353,2.278309083565979e-05,6.198113532299378e-05,0.0001081943684206394,3.414005371242726e-05,0.9999658599462876,1,0.2671111339737894,0,At-Risk
18252,184,5,867.62,357,0.06686620203932381,0.18712248388092256,0.33920678928695086,0.1565585893035252,0.8434414106964748,1,325.03785018000355,0,At-Risk
18253,278,1,274.59,278,0.11461644724145457,0.33202796952293595,0.6316093373149331,0.8490103824290516,0.15098961757094842,0,568.7511894802415,2,Loyal Customers
18254,217,1,267.9,217,0.14604012348521084,0.4191242830482266,0.7872823592435918,0.8490103824290516,0.15098961757094842,0,706.2178379530678,2,Loyal Customers
18255,92,1,199.85,92,0.3332982021066714,0.9065770667361568,1.5919767735814851,0.8490103824290516,0.15098961757094842,0,1370.4371797429799,1,Champions
18256,23,1,108.18,23,1.1417088417099113,2.5408958453433734,3.669162588845515,0.8490103824290516,0.15098961757094842,0,2988.0318959985325,1,Champions
18257,82,4,2170.51,295,0.01038910781269751,0.0290149360107601,0.052473810829665825,0.024836860434951886,0.9751631395650481,1,107.22107113363407,0,At-Risk
18258,100,6,1203.8300000000002,208,0.050314216746020754,0.13247305536450155,0.2221546901609984,0.05973342574527076,0.9402665742547293,1,273.6348022278109,0,At-Risk
18259,2,5,1953.05,367,8.215251349349977e-12,2.3031555437192554e-11,4.185101450457541e-11,1.9753908451197666e-11,0.9999999999802461,1,7.827618916207814e-08,0,At-Risk
18260,10,17,5634.34,360,2.6470595050998626e-26,6.761434350449185e-26,1.0899812489004746e-25,2.0068173988128592e-26,1.0,1,5.786530468348012e-22,0,At-Risk
18262,29,2,415.88,238,0.013021653481122782,0.03689998167325999,0.06810030739987467,0.046846550011428595,0.9531534499885714,1,52.42332587115409,0,At-Risk
18264,134,1,554.7,134,0.23293766058025214,0.6518050003909027,1.1848128962426638,0.8490103824290516,0.15098961757094842,0,1250.6040323809136,2,Loyal Customers
18266,70,1,251.1,70,0.43045100637090405,1.1401206592473256,1.941923864039726,0.8490103824290516,0.15098961757094842,0,1727.707040092593,1,Champions
18267,308,1,269.37,308,0.10364824397138404,0.30124262024706805,0.5756389995467953,0.8490103824290516,0.15098961757094842,0,516.6511531691422,2,Loyal Customers
18268,227,5,1412.23,364,0.14088181457766838,0.3947541632845462,0.7168059338011887,0.33608623716145825,0.6639137628385418,0,1014.9116542374194,2,Loyal Customers
18269,2,1,168.6,2,4.401931235516357,5.625224617031011,6.014179430559708,0.8490103824290516,0.15098961757094842,0,5161.126751471687,1,Champions
18270,68,1,161.4,68,0.44216870259997293,1.1674703104561752,1.9815471503690194,0.8490103824290516,0.15098961757094842,0,1665.108261983371,1,Champions
18271,245,2,581.53,367,0.12687540369683808,0.3665523962901167,0.6944202776574855,0.6961681661108593,0.3038318338891407,0,614.9287848657868,2,Loyal Customers
18272,184,3,1269.4,281,0.2010461568452731,0.5668210275547446,1.0384652729640937,0.5946471597932287,0.4053528402067713,0,1382.62895078598,2,Loyal Customers
18273,226,1,68.85,226,0.1403623831755942,0.4035070306398039,0.7596547503465181,0.8490103824290516,0.15098961757094842,0,598.2271273782695,2,Loyal Customers
18275,214,2,688.63,367,0.1143749366969457,0.3304376254200692,0.6260021484379302,0.6275778252466963,0.37242217475330375,0,601.3528810672428,2,Loyal Customers
18276,28,5,1287.8,365,3.59485401730249e-06,1.0074658156737831e-05,1.8298197551883746e-05,8.598556244034137e-06,0.999991401443756,1,0.023994498848862175,0,At-Risk
18277,33,4,969.17,130,0.015764887324832128,0.04062791326980929,0.0665564963516723,0.017418047068779287,0.9825819529312207,1,71.09623450317447,0,At-Risk
18278,40,1,232.95,40,0.7145156507231424,1.758432759804013,2.775209129859146,0.8490103824290516,0.15098961757094842,0,2445.819181043126,1,Champions
18279,155,1,119.14,155,0.2024574848364554,0.5715189619311516,1.0505538272092065,0.8490103824290516,0.15098961757094842,0,856.7983989121992,2,Loyal Customers
18280,30,1,294.15,30,0.9161179766487617,2.1471934053186486,3.2393842631163787,0.8490103824290516,0.15098961757094842,0,2967.90972201782,1,Champions
18281,213,1,120.32,213,0.14871370817483867,0.42646020226228365,0.8002174068456186,0.8490103824290516,0.15098961757094842,0,652.870668923143,2,Loyal Customers
18283,18,6,621.02,294,1.0614087794694656e-07,2.8961735102797236e-07,5.077849680324891e-07,1.7446623164489024e-07,0.9999998255337683,1,0.0003703404600794566,0,At-Risk
18284,67,1,366.53,67,0.4482701437171995,1.1816438777248677,2.001973333236756,0.8490103824290516,0.15098961757094842,0,1908.760360011475,1,Champions
18285,296,1,222.05,296,0.1077735911332931,0.3128452350817516,0.5967925194803021,0.8490103824290516,0.15098961757094842,0,520.1254971276535,2,Loyal Customers
18286,112,2,1155.19,359,0.053931480319477615,0.1556859497252638,0.29461223225031546,0.2896038001318936,0.7103961998681064,0,379.4001015152573,0,At-Risk
18287,18,4,1872.07,207,0.00011223115852645255,0.00030474937658640664,0.0005315585277554222,0.00019133179697798663,0.999808668203022,1,0.9578239077556296,0,At-Risk
