Customer ID,Recency,Frequency,Monetary,Tenure
12346,165,11,372.86,361
12347,3,2,1297.97,40
12348,74,1,221.16,74
12349,43,2,1996.34,225
12351,11,1,295.68,11
12352,11,2,338.55,28
12353,44,1,317.76,44
12355,203,1,469.66,203
12356,16,3,2199.42,60
12357,24,1,8206.45,24
12358,11,3,1921.66,367
12359,61,6,2156.12,370
12360,28,3,1270.09,291
12361,98,3,276.35,318
12366,269,1,136.89,269
12368,264,1,761.5,264
12369,49,3,1393.71,277
12370,260,3,519.92,304
12371,45,3,1817.6200000000001,281
12373,260,2,594.0500000000001,309
12374,57,2,1905.09,224
12376,25,2,270.5,53
12377,17,2,1586.05,225
12378,198,1,1270.79,198
12379,58,2,688.0799999999999,170
12380,101,4,4306.95,298
12385,15,1,1572.85,15
12386,2,1,225.42000000000002,2
12387,51,1,125.03999999999999,51
12388,81,2,1112.8,218
12389,38,3,1339.18,291
12391,100,5,1890.33,298
12392,227,1,226.95000000000002,227
12393,18,2,795.8,64
12395,7,4,1646.91,238
12396,310,1,921.08,310
12399,21,3,697.53,280
12400,50,1,205.25,50
12402,28,5,936.05,306
12403,157,1,250.56,157
12406,35,3,2375.62,333
12408,21,3,1043.84,134
12409,56,4,7253.73,201
12410,138,1,238.38,138
12411,45,1,330.4,45
12412,38,3,1180.6399999999999,175
12413,38,1,166.95000000000002,38
12414,99,1,86.22,99
12415,11,4,8142.55,163
12416,292,1,202.56,292
12417,46,11,2479.9,369
12418,49,3,1327.58,266
12419,21,2,349.31,49
12421,51,2,225.21,141
12422,30,9,2215.57,357
12423,23,2,661.23,101
12424,58,2,1375.03,184
12425,84,1,945.67,84
12426,298,1,688.6800000000001,298
12427,7,1,240.29999999999998,7
12429,1,5,2779.51,182
12431,9,11,3740.57,329
12433,2,5,6237.58,112
12434,17,1,292.14,17
12435,32,4,3638.41,373
12437,31,20,6478.56,373
12439,318,2,1138.58,361
12440,98,2,724.9,353
12441,2,1,155.55,2
12443,368,1,330.36,368
12445,56,1,301.58000000000004,56
12449,74,1,241.10999999999999,74
12450,35,3,477.82,110
12451,99,3,3326.61,165
12454,31,3,1814.67,57
12455,81,4,2835.09,357
12457,71,1,447.26,71
12458,63,2,706.84,123
12459,241,1,377.19,241
12460,92,1,281.95,92
12467,59,1,132.8,59
12468,162,3,2272.65,318
12469,158,2,1425.19,172
12470,325,1,198.25,325
12471,10,44,15600.84,368
12472,5,13,10133.02,361
12474,14,11,4461.37,302
12475,45,1,389.36,45
12476,33,7,6109.25,137
12477,35,3,6436.77,259
12480,35,3,1591.44,143
12481,1,5,4880.59,243
12482,212,27,6923.3099999999995,289
12483,14,11,1907.1000000000001,313
12484,119,5,1398.96,317
12485,165,1,692.97,165
12486,67,1,860.64,67
12487,366,1,108.0,366
12490,14,10,3681.4,374
12492,39,1,368.65,39
12494,1,3,495.43,212
12495,276,1,273.4,276
12496,256,2,54.09,256
12497,36,2,1622.43,280
12499,196,1,341.05,196
12500,71,7,1354.3400000000001,309
12503,220,1,43.2,220
12504,53,2,173.55,232
12505,44,1,733.8,44
12507,220,1,430.2,220
12510,95,5,2108.98,371
12511,64,1,2894.78,64
12514,277,1,568.2,277
12516,66,2,1012.26,235
12519,112,1,342.71,112
12523,10,12,2255.95,368
12524,24,9,3387.19,305
12525,134,3,865.6800000000001,283
12527,130,2,322.3,165
12529,164,1,310.68,164
12530,51,5,1539.1299999999999,278
12531,322,1,1620.53,322
12533,263,2,1190.89,374
12537,44,1,610.49,44
12538,14,1,251.1,14
12539,86,3,5136.900000000001,352
12540,14,15,6751.84,368
12542,120,2,449.79,276
12543,84,1,731.14,84
12547,136,1,147.78,136
12549,211,5,1102.26,333
12553,21,2,750.37,59
12554,84,1,377.6,84
12557,7,4,1464.21,358
12562,21,2,868.29,71
12563,44,1,221.24,44
12567,3,7,3483.68,302
12568,280,1,45.7,280
12573,17,4,537.43,101
12575,93,2,553.92,162
12576,28,3,740.66,162
12577,17,5,956.78,372
12578,21,2,1345.93,79
12580,212,1,582.5699999999999,212
12582,58,2,1343.06,213
12583,9,13,6237.389999999999,369
12586,10,3,1681.48,359
12588,35,2,505.08,233
12589,57,4,2595.13,325
12591,26,2,730.25,44
12592,155,2,1097.6399999999999,155
12594,14,5,1506.81,282
12595,140,1,252.63,140
12598,99,3,1290.66,284
12599,17,6,1065.42,213
12600,7,11,2093.61,368
12601,40,1,75.3,40
12605,12,3,1122.5,94
12608,40,1,258.23,40
12609,10,6,1991.76,355
12613,24,5,2995.2000000000003,361
12615,49,4,3082.5,267
12616,24,1,371.1,24
12619,196,1,134.89,196
12621,1,16,7463.78,304
12623,52,6,2988.95,332
12625,145,2,2127.94,232
12629,21,2,957.9200000000001,59
12631,92,5,2780.67,329
12632,156,2,689.02,200
12633,18,3,3119.11,161
12634,184,1,360.0,184
12635,28,2,1095.78,92
12637,14,4,2224.39,179
12638,275,1,138.3,275
12639,70,2,693.52,263
12643,21,5,1216.08,247
12644,66,3,1389.53,330
12645,45,4,1578.27,304
12647,3,26,9463.73,331
12648,73,3,706.8,337
12649,18,5,1375.82,332
12651,14,3,263.75,101
12652,70,1,95.25,70
12653,162,1,1774.23,162
12655,59,1,234.20000000000002,59
12656,61,3,1986.16,198
12661,72,1,162.0,72
12662,9,10,2782.29,253
12663,260,2,135.9,304
12664,150,2,576.81,362
12665,53,2,214.6,305
12666,30,1,1182.6200000000001,30
12668,14,5,6610.91,313
12670,21,2,641.64,302
12671,242,1,2002.02,242
12672,231,1,178.70000000000002,231
12673,37,1,540.85,37
12675,189,2,802.7,214
12676,44,4,1138.17,119
12677,191,2,354.6,302
12678,11,6,7682.11,337
12681,3,23,14740.13,362
12682,1,22,10327.98,374
12683,1,8,3646.41,362
12686,7,1,71.14,7
12687,116,1,1818.14,116
12691,56,1,114.6,56
12692,273,1,110.5,273
12693,32,3,680.11,158
12694,57,1,796.38,57
12695,164,3,740.57,301
12696,70,2,731.01,144
12698,226,1,263.45,226
12699,53,1,539.76,53
12701,165,4,1500.71,269
12703,269,3,626.45,320
12705,19,5,4693.53,169
12708,4,9,2215.92,357
12709,2,18,14457.64,366
12711,247,2,1166.85,312
12712,1,10,2380.11,366
12714,24,7,8205.14,371
12717,226,1,227.93,226
12720,5,5,2134.56,142
12721,21,2,1193.2,107
12724,19,3,1094.22,171
12725,7,3,1706.59,220
12726,23,4,1017.72,260
12727,78,3,1428.03,290
12728,19,1,194.09,19
12730,157,1,680.9,157
12731,78,5,4846.54,283
12733,25,3,1885.42,325
12734,10,2,371.25,28
12738,8,1,132.9,8
12739,30,1,1067.89,30
12741,169,1,236.07,169
12742,261,1,1091.9,261
12744,95,4,3228.89,227
12745,122,2,614.85,210
12746,176,1,253.65,176
12747,5,16,4409.78,368
12748,1,133,17001.29,371
12749,35,4,2345.08,157
12751,80,1,268.27,80
12755,1,10,1219.8600000000001,329
12758,95,5,6201.49,374
12759,22,5,3136.23,371
12760,91,1,317.8,91
12761,100,1,649.95,100
12763,5,1,320.08,5
12765,108,6,1200.6299999999999,277
12766,2,3,2485.9,43
12767,11,1,891.0500000000001,11
12768,86,1,160.71,86
12770,92,1,1025.91,92
12771,121,1,214.5,121
12773,200,1,75.94999999999999,200
12774,171,1,83.7,171
12775,24,2,260.54,45
12776,303,1,27.5,303
12777,93,1,441.72,93
12778,32,3,798.01,238
12779,7,7,2628.16,372
12780,234,1,294.96,234
12782,10,6,1901.82,155
12784,165,1,1003.08,165
12785,171,2,584.2,367
12786,245,1,616.0,245
12787,49,1,380.52,49
12788,99,4,384.9,164
12789,148,2,148.5,329
12790,46,1,218.33,46
12791,9,5,485.08,260
12792,170,1,359.42,170
12793,7,2,386.05,37
12796,264,1,315.9,264
12797,1,2,457.93,60
12798,57,1,193.88,57
12799,165,1,209.9,165
12800,106,2,500.25,312
12801,136,1,777.23,136
12802,80,4,1647.69,199
12803,29,1,959.46,29
12804,101,2,319.21999999999997,136
12805,17,4,1183.75,310
12806,208,2,1546.11,224
12807,19,1,229.1,19
12808,4,3,392.45,98
12809,201,2,923.0300000000001,283
12810,170,2,508.74,312
12811,14,2,435.05,63
12813,137,3,1254.35,329
12817,35,2,444.94,70
12819,94,1,446.04,94
12820,33,7,1647.37,370
12821,247,1,128.07999999999998,247
12823,30,13,2311.2,315
12825,157,2,417.78,277
12826,1,6,1393.13,357
12829,186,1,64.41,186
12831,99,2,216.74,99
12835,63,41,5910.76,372
12836,25,11,3437.56,374
12837,205,1,492.96000000000004,205
12838,9,9,2429.57,228
12839,3,13,4313.33,368
12840,73,3,1159.46,310
12841,5,17,3299.41,155
12842,40,2,528.7,373
12843,18,20,3022.36,362
12844,78,2,307.06,229
12847,23,1,635.45,23
12848,311,1,199.3,311
12849,17,4,1763.95,227
12850,81,1,89.1,81
12851,113,1,133.2,113
12853,63,5,1727.2,308
12854,197,4,1585.67,364
12855,8,4,422.09000000000003,38
12857,72,4,2212.85,319
12858,19,1,162.76999999999998,19
12859,94,1,560.55,94
12860,329,1,49.22,329
12861,255,1,62.099999999999994,255
12862,61,2,935.99,131
12863,15,5,1740.8899999999999,225
12864,144,1,49.82,144
12865,14,2,1672.07,112
12866,110,2,586.6,138
12867,33,6,3833.45,359
12868,9,3,639.1,28
12869,317,1,314.41999999999996,317
12870,11,3,1428.51,260
12871,75,1,194.43,75
12872,1,11,2994.52,371
12873,33,2,1439.71,317
12874,21,2,824.48,190
12875,107,3,72.08999999999999,333
12876,30,2,1559.3,226
12877,37,8,1412.24,326
12880,17,2,622.28,210
12887,19,1,209.70000000000002,19
12889,17,4,366.06,138
12890,23,1,319.7,23
12891,94,8,84.24000000000001,295
12892,32,1,260.03000000000003,32
12894,211,1,133.95,211
12897,17,2,275.1,179
12898,99,2,182.94,295
12899,49,1,307.35,49
12900,58,1,320.58,58
12903,64,1,826.08,64
12905,212,2,922.3100000000001,318
12907,31,2,463.71000000000004,130
12908,16,3,46.17,266
12909,60,3,881.75,289
12910,15,5,2318.41,257
12911,187,1,1513.66,187
12913,4,9,2080.07,374
12914,36,1,120.47999999999999,36
12915,8,3,739.15,225
12916,78,3,1424.1299999999999,320
12917,36,5,2272.9500000000003,366
12920,207,3,322.23,361
12921,2,39,17907.9,374
12923,26,2,549.6,211
12924,29,8,849.36,366
12925,228,1,30.87,228
12926,47,4,1516.33,361
12927,30,1,187.85999999999999,30
12928,14,7,2115.38,185
12931,16,42,7416.96,374
12932,175,8,1465.3700000000001,303
12933,16,5,1029.35,365
12934,372,1,99.03,372
12935,11,8,2036.02,243
12937,99,5,1512.24,372
12939,15,12,2961.27,332
12941,360,1,348.24,360
12942,1,1,234.85000000000002,1
12943,194,2,389.05,241
12945,292,1,435.16,292
12946,72,1,316.3,72
12947,9,1,294.24,9
12948,366,2,216.35999999999999,373
12949,18,14,10932.15,372
12951,22,9,2122.9500000000003,334
12953,158,1,473.76,158
12954,274,1,151.95,274
12956,320,3,407.73,360
12957,177,5,4498.82,364
12958,36,2,504.39,219
12959,120,1,117.0,120
12960,49,4,1198.78,297
12961,15,1,205.9,15
12963,1,5,1704.37,155
12964,73,1,129.99,73
12967,7,2,1892.52,19
12969,238,1,117.2,238
12970,16,6,1014.07,371
12971,2,33,3597.1200000000003,360
12972,49,4,1058.94,297
12973,49,1,100.05000000000001,49
12974,201,1,261.15,201
12975,72,6,1953.0,369
12976,14,7,2299.67,301
12977,137,3,343.29,147
12978,21,5,2461.58,365
12979,365,1,411.84000000000003,365
12980,22,12,3229.5,373
12982,30,7,2265.93,242
12983,234,1,423.42,234
12986,64,10,2349.84,323
12987,56,3,687.96,324
12989,60,18,2125.41,365
12990,53,4,516.75,255
12991,25,1,208.96,25
12992,361,1,93.35000000000001,361
12993,81,4,821.43,295
12996,11,1,310.65,11
12997,30,4,875.64,248
12998,128,3,777.0500000000001,289
13000,361,1,488.3,361
13001,40,20,12477.56,372
13002,52,2,291.18,70
13004,22,18,5860.19,360
13005,67,2,449.53000000000003,93
13007,215,1,153.6,215
13008,33,2,354.61,359
13009,308,1,210.6,308
13010,10,2,299.37,284
13011,8,1,50.550000000000004,8
13012,65,3,1273.82,228
13013,7,18,7305.200000000001,361
13014,68,1,1836.98,68
13015,74,6,2652.2,239
13018,49,7,2214.92,284
13019,15,6,1215.8500000000001,369
13020,198,2,614.96,295
13021,10,8,2168.27,370
13022,65,1,50.3,65
13023,164,1,540.64,164
13024,106,2,518.52,218
13025,367,1,259.58000000000004,367
13026,124,4,686.44,362
13027,21,13,654.48,324
13029,10,2,261.0,159
13030,4,1,387.99,4
13031,43,5,3294.3,190
13032,28,7,1639.17,96
13033,65,1,30.0,65
13034,5,2,277.01,37
13035,67,1,391.53000000000003,67
13036,320,1,210.0,320
13037,35,9,2921.65,372
13039,220,4,934.03,358
13041,86,4,781.58,225
13042,234,3,1487.64,368
13044,128,10,3874.3,336
13045,37,2,497.39,122
13046,92,1,316.14,92
13047,9,17,4891.27,359
13048,72,5,2161.06,317
13049,25,2,531.51,37
13050,2,18,6101.23,360
13051,214,2,110.55,255
13052,56,6,2704.23,290
13053,257,1,123.65,257
13055,65,1,1076.08,65
13056,187,1,182.67,187
13057,166,3,583.63,267
13059,49,9,1973.0,254
13063,116,1,188.4,116
13064,186,2,428.0,227
13065,9,5,1020.5500000000001,183
13067,45,2,379.0,82
13069,5,16,3722.9300000000003,179
13070,95,3,517.05,368
13071,248,1,108.22,248
13073,47,2,383.93,73
13074,147,4,744.84,359
13076,93,1,135.4,93
13077,2,8,2282.68,364
13078,2,32,14659.2,374
13079,53,1,199.08,53
13080,37,3,217.75,245
13081,7,19,26697.52,367
13082,60,12,1536.1200000000001,353
13083,61,1,55.98,61
13084,127,1,45.9,127
13085,315,6,1973.1,374
13086,18,1,434.53000000000003,18
13087,362,1,285.54,362
13088,53,1,216.76,53
13089,4,109,45192.29,373
13090,1,12,3477.31,130
13091,365,1,568.52,365
13092,50,7,1567.5,303
13093,9,48,33772.77,371
13094,4,2,305.37,25
13096,30,1,45.0,30
13097,24,17,6589.12,374
13101,134,3,555.21,317
13102,1,14,4804.4800000000005,218
13103,73,2,465.70000000000005,213
13104,51,3,470.34,289
13105,72,1,19.439999999999998,72
13106,49,1,238.52,49
13107,49,5,2941.09,309
13108,8,2,647.78,71
13109,187,1,332.58,187
13110,73,5,1352.0,374
13111,354,1,317.47,354
13112,177,1,20.6,177
13113,2,14,5376.92,257
13114,366,1,216.43,366
13115,15,6,3095.8,235
13117,1,12,1604.78,259
13118,12,4,1124.1200000000001,75
13119,304,1,134.9,304
13123,108,2,494.5,165
13124,21,1,858.99,21
13125,159,1,141.18,159
13126,2,7,1854.54,283
13128,267,1,202.5,267
13129,88,2,194.97,165
13131,54,4,2114.97,304
13133,95,1,80.15,95
13134,38,2,549.35,52
13135,127,1,253.5,127
13136,11,8,3608.64,367
13137,22,8,3933.83,138
13138,8,2,497.8,32
13139,73,1,2653.17,73
13140,2,3,707.76,127
13141,21,12,5051.04,366
13143,220,1,401.1,220
13144,67,1,24.4,67
13145,8,4,326.25,235
13148,25,14,4594.51,368
13150,120,3,248.24,266
13151,261,2,1211.8700000000001,263
13152,53,7,2051.13,330
13154,35,3,1521.34,371
13155,4,3,767.02,127
13156,21,3,1511.56,312
13157,45,5,3594.55,277
13158,24,1,307.12,24
13161,136,1,342.93,136
13162,16,12,6243.31,371
13163,246,1,17.65,246
13164,205,2,264.1,303
13165,49,1,165.29999999999998,49
13166,50,1,405.5,50
13167,26,1,323.47,26
13168,178,1,528.67,178
13169,198,1,122.30000000000001,198
13172,36,1,39.15,36
13173,3,10,2109.96,365
13174,5,9,6343.25,371
13175,218,2,738.15,371
13177,66,1,229.75,66
13178,33,10,8209.13,359
13179,254,1,572.3100000000001,254
13180,243,1,85.2,243
13181,17,1,359.69,17
13183,30,6,1903.51,271
13187,260,3,111.99,260
13190,180,3,369.42,368
13191,294,1,158.21,294
13192,171,4,1578.96,322
13194,57,1,311.76,57
13195,50,1,169.93,50
13196,79,3,1194.21,253
13197,245,1,308.11,245
13198,23,2,1469.44,70
13199,2,30,3352.83,370
13201,138,4,1186.68,278
13202,30,7,1454.75,366
13203,22,6,1730.61,358
13204,367,1,911.96,367
13205,79,1,202.5,79
13206,36,13,7681.05,368
13207,87,2,285.6,248
13208,85,3,702.9,372
13209,150,5,1862.15,320
13211,17,7,1188.56,369
13213,19,6,1984.29,204
13214,53,7,3174.28,282
13215,38,1,22.95,38
13217,291,1,14.31,291
13219,254,1,76.23,254
13220,211,1,502.85,211
13222,213,1,79.65,213
13223,59,4,298.23,301
13225,57,9,6311.72,358
13226,29,1,204.25,29
13230,1,17,3180.37,266
13233,56,2,514.15,330
13234,308,2,345.8,368
13237,23,1,634.1,23
13238,66,2,303.0,226
13239,73,4,1161.49,138
13240,1,5,1062.18,288
13241,47,1,114.58,47
13242,87,4,429.0,304
13243,85,4,641.07,267
13245,68,1,552.02,68
13246,29,5,1354.3,161
13249,37,6,418.71,320
13250,96,2,256.04,138
13251,38,1,252.68,38
13252,30,2,333.25,261
13253,66,2,1508.52,339
13254,12,1,51.410000000000004,12
13255,9,2,334.35,148
13257,72,1,111.95,72
13258,15,2,311.09999999999997,36
13259,33,8,1061.41,334
13262,25,2,342.01,236
13263,29,4,1200.07,49
13264,78,1,702.0600000000001,78
13266,49,7,2023.15,358
13267,2,18,4995.7,368
13269,5,14,3086.36,373
13270,2,1,79.65,2
13274,45,1,333.85,45
13275,19,2,234.21,268
13276,33,3,1276.88,278
13277,16,3,252.29999999999998,175
13278,35,3,819.95,246
13280,15,4,1323.02,280
13281,75,1,350.22,75
13282,42,1,181.05,42
13283,203,2,273.40000000000003,276
13285,236,2,618.07,260
13286,236,1,660.86,236
13287,239,3,766.39,340
13288,79,5,457.26,302
13289,359,1,280.35,359
13291,50,10,2792.14,302
13292,51,3,386.27,162
13293,28,6,1145.69,304
13294,282,1,759.09,282
13295,12,3,890.92,212
13296,59,5,684.78,213
13297,21,3,1557.01,178
13299,59,2,980.7,164
13300,24,2,821.32,210
13302,162,1,52.5,162
13303,36,1,59.269999999999996,36
13304,91,3,857.07,305
13305,8,7,1630.1299999999999,275
13306,66,1,53.65,66
13307,123,2,240.19,228
13308,232,1,278.36,232
13309,28,1,249.58,28
13310,16,2,407.37,38
13312,87,1,124.75,87
13313,115,7,1851.26,373
13315,325,1,307.65000000000003,325
13316,28,6,2889.85,275
13317,21,13,3891.7400000000002,362
13319,1,34,10457.98,369
13320,70,2,679.4,114
13324,64,8,1992.07,199
13326,68,1,271.26,68
13327,1,13,6015.150000000001,357
13329,2,7,2858.82,371
13330,91,3,1535.2,290
13331,37,1,176.7,37
13333,47,3,960.51,294
13334,172,2,2646.83,288
13337,182,1,1433.32,182
13338,177,3,1680.8,339
13340,53,5,4898.26,291
13346,98,6,250.65,232
13357,130,4,3037.84,263
13359,39,1,545.7,39
13360,67,4,1415.08,336
13361,108,2,1416.75,253
13362,14,3,2243.03,61
13363,45,1,719.56,45
13367,67,1,416.1,67
13368,50,2,448.1,59
13369,1,1,247.13000000000002,1
13370,7,1,717.58,7
13371,141,2,2020.3600000000001,268
13373,51,3,3859.2200000000003,369
13374,50,2,364.8,85
13375,80,1,706.95,80
13377,32,2,1346.05,281
13380,68,1,62.4,68
13381,15,6,4140.71,374
13382,64,4,1158.69,367
13383,179,1,28.62,179
13384,26,4,2175.86,136
13386,50,2,726.86,73
13387,53,1,181.44,53
13388,239,1,459.95,239
13392,313,1,91.14,313
13393,219,4,1095.29,368
13394,15,11,3940.7200000000003,374
13395,36,2,731.73,57
13397,73,5,1327.91,324
13398,84,1,203.6,84
13399,100,3,264.9,155
13400,218,1,308.13,218
13402,8,3,893.8100000000001,200
13403,23,2,144.0,359
13405,117,3,502.14000000000004,360
13406,63,2,400.38,267
13407,214,3,2059.22,297
13408,7,46,15162.16,371
13410,29,4,678.66,367
13412,256,1,446.65,256
13413,275,6,247.42,323
13414,99,3,658.74,239
13415,108,4,721.77,364
13416,372,1,228.3,372
13417,183,4,1026.8600000000001,305
13418,8,15,5309.4400000000005,364
13421,42,6,2122.87,299
13423,64,1,214.57999999999998,64
13424,85,1,570.77,85
13425,144,2,1684.49,215
13426,18,12,4127.13,366
13427,113,3,406.98,358
13428,150,2,281.51,150
13431,42,6,1774.0900000000001,295
13432,207,2,429.2,248
13433,137,4,600.42,332
13434,21,3,904.74,291
13435,12,2,571.4300000000001,136
13438,183,1,46.5,183
13439,24,2,649.21,162
13440,59,7,1271.8500000000001,87
13441,67,1,400.21999999999997,67
13442,303,3,321.74,374
13443,84,6,1078.55,313
13444,10,2,627.05,142
13445,262,1,210.92999999999998,262
13446,66,11,3453.76,299
13448,9,8,5037.84,369
13450,10,7,1431.02,239
13451,17,6,4178.39,264
13452,108,1,30.0,108
13453,38,1,409.31,38
13454,277,1,219.87,277
13455,2,5,1718.04,366
13457,324,2,148.22,373
13458,15,2,2252.1,24
13459,260,2,1119.04,318
13461,43,3,1322.61,233
13462,46,4,997.45,361
13464,30,5,2303.76,254
13465,82,2,790.36,222
13466,44,4,682.8,264
13468,4,38,7281.57,372
13469,289,1,77.5,289
13472,99,2,592.24,191
13473,210,6,1826.26,360
13474,79,2,406.7,131
13476,42,3,741.9000000000001,280
13477,91,5,1238.8600000000001,319
13478,105,5,2060.71,313
13479,88,2,520.84,113
13480,52,2,604.23,315
13481,10,6,1984.05,371
13482,263,1,151.45,263
13484,19,2,461.37,275
13485,12,10,2338.51,372
13487,141,2,271.02,370
13488,3,11,6013.72,319
13490,290,1,115.8,290
13491,8,18,3268.29,368
13495,4,6,3093.66,368
13497,4,5,961.78,305
13498,366,1,268.07,366
13500,37,1,282.38,37
13501,122,2,1493.05,206
13502,51,2,425.75,184
13503,115,4,1537.94,297
13506,5,4,1148.48,96
13508,278,1,167.07999999999998,278
13509,143,1,93.75,143
13510,11,7,2642.28,354
13511,312,1,244.31,312
13512,23,3,446.03000000000003,219
13513,77,2,619.49,291
13514,64,3,597.25,318
13515,85,2,361.05,280
13516,53,1,272.45,53
13519,78,1,220.46,78
13520,7,6,2580.0,358
13523,2,2,1086.45,38
13526,374,2,581.45,374
13527,54,5,2353.58,323
13530,270,1,394.43,270
13531,2,5,1195.97,372
13534,15,10,1831.77,156
13535,38,1,75.0,38
13537,61,2,687.2,87
13538,32,5,1734.33,311
13539,56,4,894.6700000000001,226
13540,103,3,611.34,291
13541,63,2,637.14,206
13542,12,17,3925.62,365
13543,270,2,1357.26,323
13544,47,4,521.74,280
13545,26,2,359.06,180
13546,18,2,437.25,60
13547,44,1,169.53,44
13548,107,1,224.23,107
13549,23,1,87.6,23
13550,19,1,334.18,19
13551,302,1,152.39999999999998,302
13552,64,10,2960.91,294
13553,310,1,494.95,310
13554,16,7,1517.63,82
13555,14,9,4268.92,325
13556,65,2,194.73000000000002,71
13557,51,11,2403.89,367
13559,148,2,148.5,179
13561,33,10,1622.41,285
13562,37,5,2966.5,330
13564,4,35,14663.19,373
13565,47,1,174.43,47
13566,70,3,824.48,275
13567,64,4,1058.99,177
13569,3,3,517.13,64
13571,18,14,2368.42,367
13573,15,4,500.9,273
13574,47,1,399.5,47
13576,9,11,3662.23,367
13577,18,7,1759.56,361
13578,45,1,116.37,45
13579,5,4,1030.8600000000001,295
13580,42,1,75.3,42
13581,50,1,162.53,50
13582,25,2,239.68,253
13583,315,1,661.1,315
13584,134,2,230.73,311
13585,166,3,498.53,374
13586,177,1,127.53,177
13587,85,3,628.65,299
13589,85,4,633.44,369
13590,11,12,3885.59,374
13591,71,4,866.46,361
13593,23,9,3312.81,283
13594,121,1,115.35000000000001,121
13595,152,3,799.92,282
13597,36,2,394.82,38
13598,131,4,591.79,287
13599,2,14,4158.68,374
13600,270,1,211.82,270
13601,28,2,473.43,182
13602,17,3,586.83,196
13604,294,1,533.42,294
13605,23,2,489.82,207
13607,38,1,393.8,38
13608,176,1,234.2,176
13609,229,1,94.65,229
13610,23,7,972.75,339
13611,10,7,2106.58,372
13612,268,1,800.89,268
13613,88,5,1024.8,296
13614,29,2,654.68,187
13615,35,7,5343.24,316
13616,204,2,264.2,327
13617,44,5,657.72,131
13619,180,2,215.24,310
13620,164,1,86.09,164
13622,332,1,626.24,332
13623,16,5,1623.6200000000001,373
13624,24,1,330.9,24
13625,232,1,273.36,232
13626,15,1,390.06,15
13627,124,2,567.33,276
13628,312,1,308.34000000000003,312
13629,49,8,1272.78,302
13632,30,3,1487.5800000000002,247
13634,12,10,3304.7000000000003,334
13635,78,3,1880.23,374
13639,72,1,312.93,72
13640,247,1,371.25,247
13641,276,4,757.45,370
13642,68,3,153.67,68
13643,18,7,1533.73,367
13646,35,2,299.3,35
13647,130,4,1145.09,239
13648,36,8,1733.31,374
13649,2,5,1255.56,163
13650,10,4,1403.24,318
13651,17,1,100.35,17
13652,4,3,1457.44,288
13653,123,1,151.3,123
13654,16,5,3365.26,373
13655,10,4,1265.24,227
13656,135,2,678.45,231
13658,19,4,3186.02,308
13659,52,10,3045.29,296
13660,36,1,285.29,36
13661,239,1,314.74,239
13662,21,8,1271.75,294
13663,16,4,1723.79,282
13665,22,3,1609.09,140
13666,56,2,37.15,371
13668,19,14,5650.99,364
13669,43,1,146.25,43
13671,30,1,194.95,30
13672,366,1,233.53000000000003,366
13674,68,1,228.88,68
13676,175,2,209.4,255
13677,40,2,470.39,156
13679,129,3,280.81,371
13680,107,8,5901.99,371
13683,93,1,250.95000000000002,93
13684,26,3,515.5500000000001,257
13686,16,2,337.04,37
13687,74,1,183.87,74
13688,271,1,290.4,271
13689,80,1,108.6,80
13691,32,1,210.32999999999998,32
13692,44,2,1421.03,56
13693,10,9,1833.14,368
13694,9,94,38453.02,371
13695,213,1,150.77999999999997,213
13696,57,3,1300.72,302
13698,232,2,398.74,317
13699,186,1,410.02000000000004,186
13700,53,3,324.22,306
13701,82,1,161.0,82
13702,81,1,135.18,81
13703,51,1,319.26,51
13705,9,5,1161.82,260
13706,262,1,270.33,262
13707,65,3,2229.29,172
13709,82,5,1226.72,333
13710,59,2,318.54,248
13711,42,7,1471.63,360
13712,246,1,335.58,246
13713,44,3,693.46,219
13714,101,1,143.95,101
13715,8,13,6835.71,274
13717,93,2,309.5,121
13719,29,6,1714.42,207
13721,31,1,217.39999999999998,31
13722,56,7,2897.9500000000003,282
13723,28,5,931.33,247
13724,273,1,213.01,273
13727,247,6,559.67,366
13728,23,10,1812.28,366
13729,71,3,639.58,320
13733,46,2,463.17,371
13734,144,4,665.79,238
13735,12,9,6525.42,362
13736,61,5,1941.46,369
13738,32,1,425.33,32
13739,163,1,75.3,163
13740,51,4,1164.97,373
13745,182,1,428.97,182
13746,49,1,171.44,49
13747,9,2,140.4,60
13748,9,5,1005.4,374
13750,16,6,1366.85,253
13752,163,1,369.20000000000005,163
13753,234,3,1254.85,372
13754,73,1,152.10000000000002,73
13756,3,10,3047.44,360
13757,310,1,132.55,310
13758,2,9,5163.0199999999995,374
13760,40,3,927.9,229
13761,138,4,846.87,292
13762,229,4,804.0,334
13763,53,2,1606.92,71
13764,205,3,1372.4,278
13765,289,1,292.36,289
13766,131,1,190.35,131
13767,5,39,15028.220000000001,374
13768,362,2,855.6700000000001,366
13769,3,11,2720.9900000000002,359
13770,58,4,511.92,366
13771,169,5,2773.79,288
13772,36,5,1747.49,290
13773,32,2,301.54,295
13775,226,1,999.3100000000001,226
13777,2,37,9985.23,373
13778,127,3,783.22,201
13779,151,1,147.63,151
13780,43,1,375.36,43
13781,228,2,644.84,357
13782,89,7,774.52,369
13783,123,4,150.93,309
13784,70,3,301.46,86
13785,64,4,495.19,96
13786,3,6,2827.79,372
13787,94,4,866.05,330
13788,141,1,3.75,141
13789,24,1,239.45999999999998,24
13792,58,1,163.2,58
13793,282,1,96.0,282
13794,182,1,123.13,182
13795,24,4,481.32,273
13796,135,1,286.25,135
13797,72,3,1114.2,283
13798,8,54,17603.14,367
13799,80,7,1834.8,280
13800,66,2,898.28,372
13802,10,16,12567.33,297
13803,67,2,1001.9,254
13804,71,2,572.73,72
13807,3,3,373.75,371
13809,30,2,276.85,96
13813,163,4,1165.05,369
13814,163,1,642.1,163
13815,42,4,2647.72,301
13818,65,1,61.28,65
13819,305,3,1347.72,374
13820,54,3,647.7,316
13821,29,4,965.44,340
13823,16,5,2195.2400000000002,360
13824,15,7,1489.58,273
13825,257,2,241.73,366
13829,57,1,90.0,57
13830,217,1,132.70000000000002,217
13831,5,13,3004.96,365
13832,58,1,475.8,58
13833,40,1,288.86,40
13834,212,2,246.78,305
13835,155,3,236.3,281
13836,35,2,565.37,50
13838,5,7,1247.3600000000001,215
13839,122,1,139.95000000000002,122
13840,52,1,639.8000000000001,52
13842,2,10,2066.86,297
13843,17,1,304.15,17
13846,35,1,441.83,35
13847,355,1,281.92,355
13848,2,6,51.84,366
13849,33,3,1805.78,260
13851,15,5,1731.0500000000002,315
13852,246,1,187.35000000000002,246
13854,1,15,3119.9,336
13855,136,4,1253.98,367
13856,99,8,564.1,255
13857,29,6,962.24,207
13859,165,1,208.65,165
13861,65,2,261.11,166
13862,25,1,346.73,25
13863,101,3,878.47,229
13864,22,1,93.15,22
13869,17,6,4742.71,327
13870,23,7,2433.72,305
13871,64,4,1419.65,355
13872,163,3,892.37,361
13873,19,5,564.82,282
13874,140,6,1404.95,309
13875,23,9,2677.88,358
13877,106,2,290.67,325
13878,183,3,1077.78,240
13879,281,1,390.6,281
13880,3,5,1165.89,198
13881,11,23,13012.7,281
13883,39,9,3576.91,285
13884,12,5,1079.38,106
13888,40,5,1460.77,211
13889,18,5,1574.3300000000002,322
13890,10,4,1032.72,369
13891,14,3,830.8100000000001,218
13892,113,2,89.01,211
13895,151,2,1223.9,372
13896,261,1,336.05,261
13897,74,2,831.9300000000001,313
13898,47,1,524.9399999999999,47
13900,25,3,812.14,260
13901,10,10,2559.26,339
13902,268,5,687.6,360
13903,36,1,165.45000000000002,36
13905,368,1,305.4,368
13906,45,1,11.34,45
13907,327,1,136.8,327
13909,59,2,257.39,157
13911,15,11,1324.56,284
13912,59,1,124.95,59
13913,142,1,28.52,142
13915,30,1,70.80000000000001,30
13916,99,4,1103.51,311
13919,60,2,868.18,176
13920,67,4,1474.67,198
13921,38,4,681.5500000000001,357
13922,73,2,637.3000000000001,103
13927,73,1,340.73,73
13929,52,9,1883.19,330
13931,28,9,3829.33,372
13935,232,3,4466.9,288
13936,18,2,543.18,50
13937,38,1,701.82,38
13939,67,4,941.66,248
13941,8,11,3153.96,359
13942,170,1,8.64,170
13943,213,1,234.04,213
13944,289,1,198.54,289
13945,30,2,820.75,115
13946,12,3,780.52,371
13948,47,3,432.06,371
13952,16,12,8119.93,359
13953,45,5,168.75,364
13955,11,1,199.24,11
13957,53,3,444.65,294
13958,15,8,4106.46,370
13959,35,3,455.31,147
13961,28,1,481.2,28
13962,71,1,186.0,71
13963,3,14,2149.09,233
13964,23,2,434.9,66
13965,112,3,766.32,339
13966,71,1,281.24,71
13967,32,1,80.7,32
13968,59,1,112.32,59
13969,1,18,4178.84,260
13970,22,2,437.65000000000003,73
13971,59,6,1856.6200000000001,318
13974,218,1,258.33,218
13975,29,6,2807.21,311
13976,142,3,801.88,304
13977,47,1,478.77,47
13979,29,6,2471.76,372
13980,75,4,572.28,292
13981,51,1,313.48,51
13982,1,6,2298.23,324
13983,2,10,3944.59,366
13984,2,8,1068.99,368
13985,10,7,2889.07,304
13987,15,2,681.64,36
13988,19,2,601.59,261
13989,100,3,717.98,199
13992,16,2,141.8,99
13993,15,10,3151.3,372
13995,15,9,2465.01,357
13996,22,2,763.59,35
13997,155,3,332.51,186
13998,82,3,504.2,212
13999,10,17,5343.43,370
14000,50,4,1160.1200000000001,373
14001,9,7,2326.96,129
14003,368,1,202.1,368
14004,29,4,1511.89,71
14006,164,4,680.43,288
14007,148,1,72.58,148
14008,68,1,509.04,68
14009,98,1,355.78,98
14010,201,2,438.84999999999997,201
14011,116,2,423.17,243
14013,16,2,582.3,259
14014,12,2,1160.72,212
14016,32,7,6282.97,336
14017,207,1,222.70000000000002,207
14018,281,1,353.29,281
14020,112,2,568.81,165
14021,10,4,1005.13,228
14022,122,1,350.15000000000003,122
14024,26,1,295.04,26
14025,100,8,3439.08,219
14026,106,2,713.11,261
14028,186,3,352.34999999999997,186
14030,2,14,5067.92,365
14031,1,27,18633.15,372
14032,2,6,1728.84,361
14033,191,1,5.13,191
14035,42,4,1293.52,248
14037,114,4,662.16,368
14038,33,2,1441.75,309
14039,211,1,65.58,211
14040,22,23,8504.72,374
14042,361,1,413.28,361
14043,127,2,288.85,365
14044,54,6,2290.1,320
14045,9,13,2527.77,336
14047,8,10,2801.03,312
14048,18,2,302.53,18
14049,23,9,6696.7,253
14051,2,15,6494.650000000001,372
14052,26,1,232.05,26
14053,33,2,125.49000000000001,122
14055,213,2,601.99,359
14057,17,5,2001.04,372
14058,98,2,456.69,166
14060,2,13,2271.6800000000003,274
14061,143,3,671.6,374
14062,10,12,9872.81,365
14063,322,7,2979.35,367
14064,66,10,1684.83,323
14065,25,3,844.94,67
14068,239,3,1205.72,313
14069,150,2,213.11,197
14070,320,1,281.65,320
14072,302,1,357.15,302
14074,259,1,145.55,259
14075,39,2,647.25,106
14077,31,1,113.32,31
14078,9,4,611.57,257
14080,49,4,708.79,373
14081,5,9,4173.34,365
14082,28,1,223.01,28
14083,7,3,368.1,357
14084,148,1,101.49000000000001,148
14085,4,15,5331.59,367
14086,98,1,7.5,98
14087,40,2,606.65,371
14088,42,3,9342.17,57
14091,290,2,1102.68,334
14092,10,10,3045.26,359
14094,75,1,306.57,75
14095,358,1,2.95,358
14097,117,2,397.46,281
14099,11,9,2653.63,365
14101,24,7,1982.79,257
14104,25,3,512.17,196
14105,44,4,4497.2300000000005,357
14106,373,1,180.0,373
14107,84,4,2044.03,366
14108,367,2,412.55,374
14110,71,21,6404.63,374
14112,87,6,2843.32,290
14113,11,12,3277.11,367
14114,31,5,928.37,242
14115,137,2,492.47,302
14118,64,1,412.35,64
14119,11,2,149.8,354
14122,42,3,303.47,373
14123,369,1,430.93,369
14126,80,1,455.58000000000004,80
14127,16,3,1136.3700000000001,61
14128,187,1,286.71,187
14129,35,4,1432.29,215
14130,11,3,1247.52,364
14131,284,1,187.87,284
14133,369,1,205.2,369
14134,18,15,7982.78,365
14135,3,11,2416.02,373
14136,36,5,1511.3700000000001,367
14137,331,1,223.2,331
14139,126,3,649.3299999999999,178
14142,9,2,660.94,282
14144,122,1,30.599999999999998,122
14145,95,3,1420.95,246
14146,19,7,4730.57,331
14147,24,7,990.87,276
14148,50,1,256.59000000000003,50
14151,309,2,667.5,352
14152,23,5,1316.56,295
14153,119,1,233.4,119
14154,17,6,4678.73,331
14156,7,91,73183.57,374
14157,25,3,565.45,282
14159,15,9,2924.07,372
14160,246,7,4419.28,334
14161,5,5,2109.46,362
14163,98,1,148.71,98
14166,141,2,249.5,262
14167,100,4,704.05,317
14168,56,2,360.65,200
14169,66,2,556.4300000000001,80
14170,11,3,561.48,31
14171,366,1,124.83,366
14172,241,3,340.07,278
14173,277,2,122.41,366
14175,54,5,4001.2200000000003,263
14176,3,2,334.21000000000004,17
14177,17,9,1429.93,287
14180,8,9,889.58,184
14181,46,2,305.3,198
14182,79,4,644.97,232
14183,47,2,278.69,117
14186,63,5,1505.0,280
14187,109,1,117.35,109
14189,4,2,935.32,24
14190,302,1,15.0,302
14191,30,2,132.0,364
14192,24,1,293.74,24
14193,32,1,355.90000000000003,32
14194,28,15,6946.31,338
14195,75,4,363.15,270
14197,46,1,363.2,46
14198,36,5,780.08,339
14199,59,3,775.8,166
14200,253,1,370.3,253
14201,45,3,431.85,224
14202,17,3,612.61,260
14203,33,1,289.6,33
14204,58,3,842.65,373
14205,30,7,1747.1100000000001,278
14206,24,2,805.5699999999999,38
14207,323,1,157.8,323
14208,187,1,376.74,187
14209,21,9,2669.9700000000003,322
14210,7,11,3812.2200000000003,338
14211,47,9,2080.46,366
14212,81,1,480.79,81
14213,40,1,656.1,40
14215,4,4,1446.92,367
14216,50,1,289.09,50
14217,2,7,1227.1100000000001,163
14219,45,2,503.34000000000003,129
14220,203,2,768.2,205
14221,85,8,3007.65,248
14224,26,5,656.58,180
14225,70,4,1847.2,332
14226,77,1,697.38,77
14227,50,5,2923.09,305
14228,73,3,706.8000000000001,182
14229,39,4,855.74,107
14230,71,3,860.8000000000001,184
14231,86,1,309.91,86
14233,101,3,1233.3000000000002,280
14235,134,4,1482.26,255
14236,8,4,1170.38,141
14237,9,2,414.71000000000004,226
14238,298,2,244.63,370
14239,67,10,1858.27,370
14240,59,1,345.7,59
14241,332,1,67.5,332
14243,1,8,4601.31,112
14244,296,1,256.8,296
14247,40,4,587.88,187
14248,95,2,674.39,151
14249,46,12,5145.11,315
14252,17,1,145.99,17
14253,129,2,351.45000000000005,259
14254,68,1,598.33,68
14256,127,3,1410.18,330
14257,16,4,2727.83,284
14258,31,16,12490.19,371
14260,107,3,793.87,184
14263,59,1,322.93,59
14264,15,4,1089.39,247
14265,100,2,787.54,248
14266,64,1,40.56,64
14268,106,1,353.95,106
14269,75,1,270.33,75
14271,45,1,106.81,45
14272,198,2,454.33,218
14274,322,1,256.6,322
14275,31,6,919.73,243
14276,43,4,981.14,296
14277,47,5,920.48,362
14278,45,1,184.83,45
14279,156,2,191.86,317
14281,44,1,208.65,44
14282,3,11,2229.3,298
14283,99,4,603.34,205
14284,289,1,668.15,289
14285,149,4,1231.91,367
14286,40,4,3502.53,371
14290,49,3,2062.11,367
14291,16,12,3786.43,366
14292,46,7,3140.67,266
14293,4,6,1929.67,365
14294,43,1,373.34,43
14295,74,3,1981.73,366
14296,57,2,439.55,210
14298,11,38,30138.99,364
14299,1,19,6992.900000000001,373
14301,52,3,1020.34,302
14302,66,3,668.6500000000001,373
14303,43,2,277.94,70
14304,15,2,1315.74,206
14306,14,4,328.68,313
14307,9,5,2002.47,368
14309,49,2,1310.16,186
14310,68,1,492.1,68
14311,203,1,206.19,203
14312,14,5,1297.68,140
14314,66,1,109.80000000000001,66
14315,200,2,671.99,270
14316,58,5,453.12,266
14318,96,1,151.93,96
14319,60,1,485.19,60
14320,182,3,785.3100000000001,323
14321,67,2,643.39,109
14322,65,4,438.55,295
14324,45,2,687.78,329
14325,205,1,229.13,205
14326,99,2,729.69,168
14327,18,5,1557.31,336
14329,11,8,4545.69,359
14330,259,1,200.63,259
14332,17,2,1064.15,52
14334,61,4,1672.18,204
14338,172,1,309.21999999999997,172
14339,64,1,250.58999999999997,64
14341,56,10,2230.85,374
14342,68,2,207.9,108
14343,57,4,1081.21,326
14344,3,14,2267.86,262
14346,61,3,1188.56,133
14347,372,1,81.7,372
14350,16,2,618.43,66
14353,46,2,281.0,67
14355,1,3,838.25,263
14358,25,2,400.06,64
14361,214,1,196.12,214
14363,38,2,222.22000000000003,87
14365,30,2,624.88,317
14366,161,1,120.0,161
14369,278,2,463.33,297
14370,86,6,875.1800000000001,312
14372,79,2,739.48,235
14374,177,1,89.4,177
14375,86,2,767.0,177
14376,319,1,215.46,319
14378,257,1,126.0,257
14379,29,2,807.21,116
14381,87,1,428.65999999999997,87
14382,26,1,609.8,26
14384,136,1,58.5,136
14388,8,9,3376.82,324
14389,60,3,744.98,226
14390,8,5,1673.96,61
14391,212,1,135.6,212
14392,68,1,251.7,68
14394,200,1,91.8,200
14395,8,12,4522.75,236
14396,7,6,1589.69,373
14398,37,2,687.44,163
14399,30,8,2004.06,310
14400,44,2,837.82,267
14401,60,9,2518.82,361
14402,288,1,139.35,288
14403,225,2,236.94,275
14404,5,8,1223.33,355
14405,22,1,105.3,22
14408,107,4,947.16,368
14409,4,5,1386.93,203
14410,12,2,1495.63,73
14412,60,1,620.46,60
14413,46,2,293.97,325
14414,10,1,733.8,10
14415,15,10,5910.88,359
14417,23,1,539.6700000000001,23
14419,18,1,202.85,18
14420,32,3,1141.96,327
14421,148,4,1563.1,327
14422,10,13,5787.47,358
14423,73,2,290.69,330
14425,70,3,649.21,373
14426,39,7,6593.52,281
14427,130,2,593.98,267
14429,39,1,512.28,39
14430,147,3,1166.9,243
14431,15,3,1760.27,323
14433,101,1,282.25,101
14435,137,1,45.09,137
14436,189,1,58.620000000000005,189
14437,1,5,866.9300000000001,219
14439,79,4,5891.85,323
14440,1,9,3819.4500000000003,373
14441,10,7,2538.35,326
14442,50,5,2678.9,326
14443,4,2,963.57,15
14444,92,1,122.96,92
14445,91,1,221.65,91
14446,22,1,197.88,22
14447,36,1,541.6,36
14449,8,5,1551.4,72
14450,15,4,645.19,246
14451,25,10,2558.18,327
14452,31,2,395.45,157
14454,12,5,915.15,369
14455,68,4,581.56,131
14458,16,1,214.73,16
14459,287,1,3050.9900000000002,287
14460,32,6,501.24,360
14461,18,10,4335.28,326
14462,68,1,225.09,68
14463,135,1,201.75,135
14464,204,2,84.75,263
14465,64,8,2300.4900000000002,337
14466,8,7,2167.95,362
14467,25,8,1613.3,373
14468,369,1,153.04,369
14469,52,4,1919.1200000000001,315
14470,66,1,230.9,66
14471,227,2,397.8,368
14472,325,1,269.08,325
14474,215,1,719.97,215
14475,44,1,225.3,44
14477,72,3,178.2,340
14478,18,4,1079.95,374
14479,1,3,963.46,369
14480,38,3,1010.94,354
14481,43,3,1499.9,313
14482,15,6,1450.02,106
14483,372,1,120.0,372
14484,37,3,721.7,358
14486,147,2,175.5,189
14487,4,2,231.03,15
14489,73,3,1086.05,248
14490,42,2,1263.47,64
14491,8,1,124.5,8
14492,66,7,1838.26,255
14493,26,5,2519.11,277
14494,37,2,250.47,367
14495,295,1,45.0,295
14496,9,6,1845.01,269
14497,309,1,218.79000000000002,309
14498,37,5,1662.04,186
14499,10,4,1315.5,105
14505,40,11,5919.2,366
14506,5,3,1247.8500000000001,235
14507,14,5,1839.15,365
14508,12,3,573.32,176
14509,170,1,108.5,170
14510,11,3,934.56,72
14512,19,5,878.49,368
14513,72,3,296.93,204
14514,72,6,3443.73,362
14515,23,6,1505.56,186
14516,152,1,162.92,152
14519,319,2,206.09,364
14521,127,1,191.68,127
14522,231,4,660.24,320
14524,45,4,1012.2900000000001,52
14525,64,8,2923.97,362
14526,25,1,261.5,25
14527,1,68,16778.89,373
14530,32,10,3040.93,323
14531,115,1,370.89,115
14532,47,7,2829.0,334
14533,43,4,791.59,246
14534,33,8,1732.46,270
14535,31,6,3035.6,289
14537,259,1,274.14,259
14538,166,3,660.64,319
14540,15,8,2617.46,368
14541,52,6,1028.43,337
14543,16,23,7766.07,374
14544,106,1,853.55,106
14545,310,1,349.25,310
14546,12,6,2561.56,369
14548,120,7,1292.99,369
14549,56,3,618.16,373
14550,24,2,550.48,119
14551,47,5,612.96,317
14552,16,2,345.76,228
14553,47,4,907.62,145
14555,17,4,1896.58,357
14556,232,3,808.14,324
14558,290,3,465.15,367
14559,26,1,56.7,26
14560,15,22,2637.98,373
14562,26,8,1622.03,306
14563,145,2,541.48,228
14564,70,2,2353.32,371
14565,109,1,724.4,109
14566,53,3,545.4,169
14568,71,1,897.22,71
14569,88,3,340.89,239
14570,79,1,244.74,79
14571,61,1,150.85,61
14572,53,4,2554.31,257
14573,8,5,850.73,336
14574,368,1,140.70000000000002,368
14575,124,1,451.01,124
14576,8,1,35.400000000000006,8
14577,30,3,501.13,364
14579,68,1,104.66,68
14580,154,1,14.850000000000001,154
14581,180,1,265.1,180
14583,19,3,713.73,257
14584,57,4,699.5,296
14585,18,4,703.92,52
14588,214,1,130.14,214
14589,7,1,37.5,7
14590,60,20,2843.1,368
14593,33,9,2977.98,366
14594,9,1,251.65,9
14595,89,2,423.85,324
14596,262,1,197.02,262
14597,15,4,899.1899999999999,73
14598,205,1,162.07,205
14599,26,2,473.09000000000003,145
14600,29,1,469.05,29
14602,292,1,200.10999999999999,292
14604,269,1,133.91,269
14605,10,4,835.61,367
14606,2,97,17203.81,372
14607,103,8,4718.77,360
14608,15,6,1260.91,369
14609,26,6,78.57,304
14610,31,2,24.35,150
14611,79,2,566.0,234
14612,51,1,742.9,51
14613,316,1,28.62,316
14614,22,1,295.13,22
14615,30,5,895.91,184
14616,21,2,102.15,184
14617,38,2,182.02,51
14618,12,4,618.73,182
14619,177,1,858.1,177
14621,147,4,1177.21,319
14623,16,5,1100.68,238
14624,51,4,567.85,240
14625,10,9,3395.77,359
14626,31,7,2322.63,365
14627,15,1,462.75,15
14628,78,3,1298.3899999999999,319
14630,120,1,311.8,120
14631,22,3,950.26,123
14634,73,4,1877.1,177
14635,89,1,206.89,89
14637,313,1,106.67999999999999,313
14639,44,3,1918.57,297
14640,45,4,1526.78,322
14643,253,3,761.72,364
14644,50,5,1061.09,372
14645,270,1,261.90000000000003,270
14646,10,73,71332.03,373
14647,159,1,214.5,159
14648,52,15,4200.95,365
14649,18,5,2052.11,324
14650,224,1,54.0,224
14651,30,7,1218.82,267
14653,149,4,1324.01,373
14654,374,1,233.63,374
14655,24,3,1319.98,232
14656,51,3,494.85,239
14657,65,2,594.5,71
14662,63,3,594.06,372
14663,66,2,450.28,66
14665,63,2,799.3000000000001,228
14667,1,31,11374.94,373
14668,81,1,107.13,81
14669,269,4,1940.72,373
14670,368,1,189.02,368
14671,185,2,1057.11,204
14672,151,2,315.03000000000003,316
14673,3,3,1646.81,45
14674,145,1,161.16,145
14675,24,1,445.8,24
14676,30,6,2854.85,275
14677,228,1,184.91,228
14678,215,1,388.69,215
14679,17,3,1197.23,367
14680,7,43,23192.72,371
14681,23,3,365.70000000000005,289
14682,64,4,1402.83,308
14683,224,1,132.74,224
14684,26,1,222.82,26
14685,212,8,3750.51,362
14686,50,5,870.58,295
14687,36,2,686.24,187
14688,9,8,1815.75,92
14690,28,2,391.78000000000003,46
14692,16,8,1042.68,253
14693,61,6,797.86,161
14694,253,1,229.61,253
14695,155,3,1495.26,368
14696,9,2,664.61,57
14699,71,3,582.77,161
14700,51,2,875.56,121
14701,78,6,1898.85,320
14702,1,13,3245.53,364
14704,60,2,260.41,260
14706,254,1,367.29,254
14707,71,2,78.3,212
14708,4,3,629.8199999999999,91
14709,15,12,3764.84,370
14710,15,9,1296.21,372
14712,54,1,411.0,54
14713,1,11,2657.11,372
14714,43,3,708.95,323
14715,78,4,706.77,325
14716,80,1,232.87,80
14717,369,1,78.85,369
14718,46,1,197.14,46
14721,15,1,114.77,15
14722,113,2,320.75,122
14723,7,7,925.38,371
14724,226,1,317.0,226
14725,30,3,535.0,170
14726,290,1,122.3,290
14727,182,2,178.56,182
14728,49,1,183.23000000000002,49
14729,9,3,578.84,261
14732,28,11,2703.53,366
14733,3,4,5082.74,38
14734,61,4,1002.72,187
14735,24,24,5532.99,371
14736,121,2,351.23,121
14737,36,1,1907.1299999999999,36
14738,196,2,456.90000000000003,368
14739,3,19,5588.94,373
14740,45,8,2549.3,288
14741,8,2,497.25,53
14742,71,1,560.2,71
14743,228,1,50.48,228
14744,2,8,1670.32,206
14745,137,7,1280.0,273
14746,42,4,310.2,59
14748,4,7,1653.76,281
14749,115,1,256.0,115
14750,372,1,107.67999999999999,372
14751,320,2,126.45,362
14753,96,1,304.47,96
14754,61,4,891.33,326
14755,17,14,4707.570000000001,372
14756,18,2,1661.18,60
14758,32,3,1222.16,246
14761,80,1,184.67000000000002,80
14762,262,1,113.97,262
14766,2,6,3850.2200000000003,187
14767,110,1,355.61,110
14769,26,9,4944.66,359
14770,103,6,2607.82,288
14771,257,2,594.62,372
14773,228,1,135.3,228
14774,164,1,222.85,164
14775,8,1,377.31,8
14776,23,4,1070.04,82
14777,39,1,267.87,39
14783,295,1,290.81,295
14784,25,1,159.04,25
14786,186,1,90.96,186
14787,107,1,110.65,107
14788,232,1,456.18,232
14790,10,6,1621.73,364
14791,242,1,301.83000000000004,242
14793,171,1,396.91,171
14794,38,3,346.74,123
14796,2,11,2786.38,361
14797,143,1,289.81,143
14798,17,5,550.5699999999999,284
14799,373,1,154.35,373
14800,5,6,2838.11,71
14805,40,3,517.73,257
14806,75,1,107.94,75
14807,26,2,502.89,285
14809,257,2,666.72,257
14810,5,3,438.99,65
14811,23,1,165.25,23
14812,234,1,182.55,234
14813,5,4,867.34,246
14814,217,1,156.31,217
14817,31,5,2450.4,263
14818,94,3,471.91,283
14819,130,2,167.99,354
14820,16,5,632.64,313
14821,2,7,1152.68,312
14822,121,1,155.70000000000002,121
14824,15,6,2842.0,273
14825,4,13,2502.93,248
14826,217,2,373.2,331
14828,24,10,3167.2599999999998,368
14829,8,4,982.78,72
14831,316,3,1544.82,373
14833,134,1,94.8,134
14834,43,1,430.86,43
14835,164,2,89.1,253
14837,78,5,1768.89,320
14838,59,2,769.62,372
14839,54,3,819.76,340
14840,175,1,294.96,175
14841,10,8,3606.5,373
14843,72,1,211.79999999999998,72
14844,66,6,2730.73,242
14845,235,1,6.75,235
14846,63,1,342.45,63
14847,43,2,968.3,200
14848,40,1,268.11,40
14849,9,21,7179.71,334
14850,53,6,1326.01,204
14851,266,1,280.92,266
14852,60,12,3079.48,280
14853,59,3,676.5,241
14854,26,4,1485.66,322
14855,110,5,4478.59,246
14857,78,5,2386.39,270
14858,141,1,180.75,141
14859,190,1,225.15,190
14861,16,9,1217.32,367
14865,8,3,55.89,374
14866,2,7,2792.89,80
14867,31,13,1905.93,370
14868,16,4,1224.5700000000002,56
14869,24,4,2030.13,359
14870,49,5,1396.8500000000001,319
14871,129,5,708.94,374
14872,119,3,802.11,269
14873,269,1,321.75,269
14874,171,1,91.5,171
14875,77,1,1076.54,77
14876,157,2,251.8,197
14877,54,2,426.65,278
14878,12,16,2306.9900000000002,292
14879,320,1,182.06,320
14882,26,12,2072.96,255
14884,305,1,120.6,305
14885,63,2,612.54,101
14890,254,2,680.47,295
14891,52,2,552.35,72
14892,326,1,197.45000000000002,326
14893,253,1,566.86,253
14894,79,2,798.21,373
14895,19,18,11769.210000000001,365
14896,1,7,1582.45,369
14897,45,4,1651.83,360
14898,7,9,2019.02,372
14899,31,1,1248.94,31
14900,158,1,7.829999999999999,158
14901,2,5,838.46,134
14902,31,2,678.41,189
14904,44,2,564.7,63
14905,10,6,1279.39,372
14907,3,10,2621.94,238
14908,99,1,104.10000000000001,99
14909,73,3,1345.43,299
14911,1,183,121820.49,374
14912,37,3,718.9,226
14913,24,4,2697.96,121
14915,11,9,1467.27,372
14916,67,4,1226.32,253
14917,232,2,822.8,232
14918,40,7,3630.37,246
14919,175,1,359.35,175
14920,201,1,620.35,201
14922,29,2,806.44,143
14924,246,2,521.85,275
14926,17,2,159.3,234
14927,32,1,308.2,32
14928,263,1,223.91000000000003,263
14929,57,1,593.49,57
14930,106,3,2507.52,242
14932,1,2,516.78,21
14933,79,4,318.6,80
14934,14,3,1460.6000000000001,77
14935,255,1,480.05999999999995,255
14936,26,4,3626.98,219
14938,198,2,1771.6,198
14940,53,2,525.64,369
14941,214,1,169.35,214
14942,37,4,595.97,365
14943,299,1,107.62,299
14944,25,7,3476.22,296
14945,49,1,179.4,49
14947,24,4,634.9200000000001,260
14949,105,4,509.13,357
14952,32,21,7620.13,372
14953,54,3,688.73,71
14954,339,1,156.47,339
14955,368,1,161.32,368
14956,57,1,57.24,57
14957,280,1,245.10000000000002,280
14958,231,3,415.01,372
14961,15,13,8282.17,371
14962,175,3,234.96000000000004,220
14963,15,7,1654.64,161
14966,23,5,821.75,360
14967,77,5,1016.6600000000001,372
14968,94,1,320.8,94
14969,339,1,674.3199999999999,339
14970,45,8,3115.19,299
14972,17,1,30.300000000000004,17
14975,57,1,187.2,57
14977,361,1,31.929999999999996,361
14978,66,5,1095.72,226
14979,371,1,430.46,371
14980,373,1,143.8,373
14981,59,1,270.8,59
14982,208,1,227.07999999999998,208
14983,325,1,177.95000000000002,325
14984,24,4,670.14,333
14986,12,2,551.3,320
14987,1,7,708.25,373
14988,16,6,1679.8,238
14989,297,1,322.1,297
14990,248,2,252.82,366
14991,66,1,289.37,66
14992,78,1,208.5,78
14993,199,1,36.13,199
14994,18,5,923.03,259
14996,117,2,423.3,117
14997,291,1,215.82,291
14998,64,2,288.51,241
14999,228,1,124.23,228
15001,30,2,200.01,30
15002,3,6,3055.34,332
15003,109,6,1017.77,318
15005,2,29,7516.49,374
15006,89,1,287.25,89
15008,116,2,97.2,273
15011,31,2,398.75,52
15012,9,2,406.44,212
15013,123,10,1540.53,313
15015,137,13,2184.88,361
15016,29,4,444.96,179
15018,3,1,82.80000000000001,3
15020,15,1,202.97,15
15021,2,4,848.36,134
15022,313,1,255.54999999999998,313
15023,5,10,4900.89,310
15024,3,8,2307.34,60
15025,204,1,590.93,204
15026,11,2,584.16,84
15027,31,6,1234.97,260
15028,4,3,514.73,30
15029,255,1,294.54,255
15030,16,6,981.1600000000001,281
15031,30,10,2376.44,367
15032,2,7,2117.9,365
15034,22,6,3384.98,213
15037,12,2,395.9,12
15038,5,4,582.87,61
15039,4,47,16952.07,365
15040,177,1,7.49,177
15041,80,1,113.25,80
15042,231,1,79.92,231
15043,99,5,1408.9,169
15044,15,15,7903.56,359
15046,61,10,2338.78,330
15048,4,1,95.9,4
15050,57,2,1972.3999999999999,116
15051,15,6,2166.44,374
15055,110,3,524.42,359
15056,156,1,131.0,156
15057,79,3,1604.6200000000001,370
15058,12,5,1222.09,289
15059,12,10,2096.36,369
15061,3,86,28750.15,374
15062,59,4,1547.3400000000001,246
15064,46,4,1116.04,353
15065,46,1,159.13,46
15067,49,2,1794.49,243
15068,54,2,591.09,257
15070,8,3,690.8000000000001,360
15071,22,2,450.74,206
15072,115,1,186.89,115
15073,36,5,1620.51,317
15074,65,2,712.49,103
15076,128,2,540.04,158
15077,130,2,1677.48,366
15078,4,22,7764.3,371
15079,1,8,2199.31,367
15080,63,2,546.25,137
15081,3,8,1319.02,171
15082,304,1,93.35000000000001,304
15084,15,2,680.28,281
15085,365,1,347.54,365
15086,200,2,218.53,261
15091,310,2,551.15,310
15092,98,1,307.95,98
15093,8,18,6738.5,367
15094,99,2,83.0,280
15095,56,6,1495.99,323
15097,219,2,389.97,219
15100,2,6,1274.7,337
15101,151,4,950.12,226
15102,166,2,534.3,182
15105,66,2,775.01,262
15107,8,4,545.5,87
15109,215,2,478.35,371
15110,39,2,382.55,121
15111,8,3,1117.54,228
15112,247,1,188.55,247
15114,19,2,585.87,57
15115,368,1,191.74,368
15117,84,3,761.0,270
15122,58,8,2777.59,255
15123,57,3,1997.61,269
15124,112,2,240.82,287
15125,115,9,4576.67,254
15126,172,2,430.59000000000003,323
15127,155,1,272.52,155
15128,66,1,291.93,66
15129,21,12,3103.91,246
15131,30,1,76.77,30
15133,18,2,758.18,156
15134,17,2,202.45000000000002,58
15135,192,1,155.38,192
15137,156,2,745.81,316
15138,29,1,456.29,29
15140,78,1,843.19,78
15141,93,7,1312.56,257
15142,46,5,2013.08,136
15143,68,1,278.63,68
15144,15,12,5112.25,362
15149,213,3,727.86,285
15150,92,3,3571.39,179
15151,59,2,1397.56,145
15152,337,1,518.14,337
15154,114,2,1029.94,114
15155,19,1,364.57,19
15157,205,2,491.9,365
15158,37,1,44.22,37
15159,31,4,2952.58,67
15160,10,3,429.31,57
15161,24,1,119.92,24
15162,367,1,290.4,367
15164,25,6,1212.27,326
15165,9,1,460.2,9
15166,103,1,161.91,103
15167,43,4,1293.41,309
15169,18,2,539.97,362
15170,42,1,81.15,42
15173,16,7,1459.02,253
15174,46,1,339.93,46
15176,303,1,921.14,303
15177,61,1,732.17,61
15179,28,8,4563.16,372
15180,3,3,797.19,225
15181,56,2,360.78,367
15182,21,9,2168.59,292
15183,183,3,624.63,220
15184,23,2,273.46999999999997,359
15186,110,3,867.5600000000001,332
15188,361,1,291.83,361
15189,17,5,708.32,145
15190,70,1,749.97,70
15191,99,3,579.75,324
15192,1,3,916.88,315
15194,4,14,4202.15,372
15196,68,2,316.25,362
15197,30,3,628.67,364
15198,44,3,324.46,325
15199,10,6,1639.3,211
15200,130,1,536.35,130
15201,75,2,588.35,247
15203,26,9,2558.4,367
15207,52,3,595.72,183
15208,59,1,99.5,59
15209,366,1,176.08,366
15210,14,2,678.57,211
15211,1,1,352.97,1
15212,12,1,96.67999999999999,12
15215,29,4,1535.19,248
15216,254,1,364.99,254
15217,199,1,425.34000000000003,199
15218,25,11,4522.29,318
15219,284,1,369.9,284
15221,2,4,1545.7,273
15222,108,10,2283.15,359
15223,245,3,630.7,370
15224,148,3,505.18,329
15227,32,4,1211.04,269
15228,64,2,2105.94,135
15229,222,1,160.5,222
15231,257,1,241.44,257
15233,37,1,59.400000000000006,37
15235,5,6,670.5,24
15240,10,7,2478.91,370
15241,66,3,1193.65,290
15242,58,1,173.49,58
15243,71,1,589.4300000000001,71
15244,302,1,198.26000000000002,302
15245,38,5,1583.76,231
15246,191,1,266.25,191
15247,113,2,451.19,173
15248,47,3,1831.31,170
15249,66,5,2471.79,259
15250,276,1,60.0,276
15251,50,10,6021.25,315
15252,57,3,1273.79,247
15253,39,3,1112.81,222
15254,182,2,748.49,196
15255,32,8,2562.81,372
15256,197,1,71.95,197
15257,50,1,93.75,50
15259,148,4,832.87,318
15260,8,20,6588.92,369
15261,17,3,1208.63,70
15262,16,2,234.62,124
15264,166,1,446.31,166
15265,240,2,1817.57,374
15266,15,4,647.0600000000001,337
15268,114,3,614.1,241
15269,16,2,782.61,26
15270,36,14,4746.52,358
15271,1,10,2105.41,127
15272,86,4,1111.54,299
15273,235,1,28.62,235
15276,30,3,496.52,70
15277,61,1,220.44,61
15278,197,4,472.01,301
15279,16,4,1205.15,311
15280,124,2,256.98,207
15281,14,7,5761.59,63
15282,206,1,346.64,206
15283,26,3,129.43,154
15284,136,1,24.75,136
15285,43,1,91.14,43
15287,15,3,242.04000000000002,373
15288,1,6,1312.3600000000001,301
15289,94,2,601.38,257
15290,29,8,2181.89,289
15291,9,26,7081.67,372
15293,301,1,247.5,301
15294,46,1,229.55,46
15295,290,1,217.23999999999998,290
15296,56,6,6031.64,323
15298,2,12,4575.96,367
15299,8,6,589.95,332
15301,4,6,2437.26,86
15302,366,1,294.20000000000005,366
15303,201,2,597.21,319
15304,4,2,155.25,57
15305,191,1,92.7,191
15306,136,6,1558.16,295
15309,246,4,782.91,371
15310,114,1,1294.46,114
15311,1,120,37725.55,374
15312,19,8,1966.54,359
15314,49,2,431.38,64
15317,313,1,129.75,313
15321,73,9,3809.73,310
15322,112,1,600.47,112
15323,198,3,426.25,297
15324,337,1,140.22000000000003,337
15325,31,7,1416.92,297
15326,245,4,1332.3,374
15328,43,1,103.97,43
15329,10,8,1756.73,361
15331,135,3,697.22,245
15332,2,6,4698.88,149
15336,37,1,230.0,37
15337,47,1,352.72,47
15338,313,1,277.73,313
15339,57,5,1100.8,305
15340,197,1,105.5,197
15341,85,1,347.1,85
15346,61,2,340.8,67
15347,2,4,949.0,73
15350,9,2,547.6,19
15351,5,4,1698.34,68
15352,184,1,102.0,184
15353,3,6,2266.98,373
15356,4,4,695.0,58
15358,1,22,8250.01,368
15359,298,8,181.35,329
15361,162,3,197.70000000000002,179
15362,84,2,582.15,374
15363,8,2,672.31,128
15365,39,6,2134.56,309
15366,45,5,1585.65,287
15367,54,7,3113.64,365
15368,30,1,93.75,30
15369,128,11,2925.23,367
15370,46,1,1284.96,46
15371,298,1,59.400000000000006,298
15372,86,7,1587.63,299
15373,7,6,830.03,222
15374,260,1,117.81,260
15375,326,1,54.87,326
15377,18,4,1117.5,51
15378,98,2,246.5,137
15379,36,1,1130.9,36
15380,1,7,961.19,374
15381,59,3,729.66,219
15382,10,6,7485.96,371
15384,17,2,1334.3500000000001,228
15385,28,2,312.75,313
15387,128,1,465.75,128
15389,36,4,123.93,317
15390,32,2,1216.66,45
15391,220,1,228.02,220
15392,10,3,1169.88,67
15393,203,3,633.4300000000001,360
15394,31,7,2915.69,360
15396,219,1,180.9,219
15400,56,3,500.0,196
15401,88,2,198.75,204
15402,23,4,1046.58,227
15403,127,2,87.09,366
15404,11,1,232.18,11
15405,212,1,294.04,212
15406,89,2,464.15999999999997,89
15409,357,1,130.95,357
15410,204,2,1047.59,235
15413,327,5,2131.59,374
15416,114,3,570.16,312
15418,61,2,447.07,222
15420,70,6,720.96,370
15421,21,6,2789.32,368
15422,15,5,1388.05,306
15423,217,2,195.98999999999998,257
15424,99,1,214.44,99
15425,36,4,1813.66,299
15426,5,5,1141.65,222
15428,23,3,621.77,358
15430,103,2,885.75,164
15431,138,1,109.08,138
15432,177,1,118.07000000000001,177
15434,10,6,1521.5800000000002,320
15437,276,1,192.39000000000001,276
15439,40,4,1222.2,289
15441,32,3,1198.24,366
15443,110,7,1885.22,278
15445,226,1,150.35,226
15446,12,3,402.5,362
15447,163,4,322.96000000000004,261
15448,310,1,284.28,310
15451,70,2,219.71,235
15452,26,3,1245.27,147
15454,254,1,119.14,254
15455,233,1,22.5,233
15456,39,7,1431.14,367
15458,38,1,208.79999999999998,38
15459,53,2,167.13,133
15461,96,2,102.33,267
15462,81,1,492.3,81
15465,5,15,4275.48,365
15466,25,3,1221.43,372
15468,28,1,791.77,28
15469,74,1,318.90000000000003,74
15470,211,1,31.08,211
15471,16,2,719.63,186
15473,80,1,208.5,80
15474,231,1,147.35,231
15476,16,4,1950.14,78
15477,285,1,86.39999999999999,285
15478,211,1,482.86,211
15479,369,1,147.4,369
15480,105,2,2424.2000000000003,312
15481,37,1,1349.37,37
15482,22,7,2182.55,373
15483,21,6,615.83,320
15484,176,2,992.7,370
15485,9,5,2761.94,374
15486,163,1,68.85,163
15487,315,1,231.32,315
15488,92,4,237.51,219
15489,36,5,1259.47,329
15490,66,1,217.15,66
15493,25,4,2127.35,290
15494,114,3,2246.43,364
15495,15,1,241.6,15
15496,267,1,135.64000000000001,267
15497,18,7,6861.64,357
15498,2,19,11845.61,359
15499,359,1,160.25,359
15501,40,2,384.55,51
15502,4,5,3103.34,190
15503,362,1,120.06,362
15504,156,3,349.07,301
15506,17,3,1016.55,113
15509,16,1,153.46,16
15512,26,2,163.98,312
15513,1,18,10725.960000000001,331
15514,15,7,2225.19,371
15515,23,1,136.74,23
15518,15,7,2148.77,355
15519,19,2,344.61,82
15521,36,8,3522.5299999999997,339
15523,24,15,7227.86,373
15524,242,1,105.0,242
15525,9,2,434.93,18
15527,30,15,2934.73,360
15529,2,2,1106.97,30
15530,148,1,273.13,148
15532,12,6,2051.2200000000003,185
15534,361,1,161.8,361
15535,40,2,504.67,84
15536,45,1,251.44,45
15538,173,6,965.85,299
15540,11,1,245.48999999999998,11
15542,148,3,866.95,373
15543,95,1,104.48,95
15544,8,12,4469.44,316
15545,7,1,130.98,7
15546,242,2,1079.1000000000001,242
15547,12,12,4788.0,369
15548,231,1,128.74,231
15549,57,5,616.5,333
15550,14,8,1443.6200000000001,372
15551,30,6,1245.17,186
15552,259,1,148.75,259
15555,1,22,6745.59,369
15558,275,1,191.28,275
15559,204,1,1086.4,204
15560,33,2,153.52,33
15561,19,4,955.17,299
15562,60,2,352.35,362
15563,150,3,1371.15,316
15564,99,2,70.74000000000001,312
15566,28,2,221.20000000000002,360
15569,26,5,968.61,285
15570,5,14,4633.18,257
15571,22,10,3020.38,369
15572,16,3,1412.78,240
15573,254,3,541.19,365
15574,8,3,738.72,100
15575,255,1,30.1,255
15577,359,2,129.3,362
15579,19,3,896.25,68
15580,12,8,1323.89,306
15581,2,25,3879.59,373
15583,12,1,106.86,12
15584,35,2,510.64,306
15586,228,3,858.03,336
15587,28,3,367.65,127
15588,313,1,552.0,313
15590,18,5,1471.55,242
15591,218,3,215.20000000000002,309
15595,123,1,229.5,123
15596,1,5,1652.55,135
15597,211,1,238.8,211
15598,63,1,304.89,63
15599,81,1,480.67,81
15600,64,4,1159.28,229
15601,8,17,7933.27,374
15602,4,8,1802.31,373
15603,284,1,40.0,284
15605,9,5,703.4200000000001,330
15606,26,8,2232.94,283
15607,179,8,1522.71,336
15608,51,1,682.0,51
15611,19,13,1239.03,319
15613,246,1,341.83,246
15614,73,4,2367.36,262
15615,26,24,10448.56,373
15616,74,1,271.26,74
15617,32,3,797.4000000000001,143
15620,45,1,366.89,45
15622,63,8,3928.77,281
15623,29,7,1987.47,365
15625,12,5,1613.55,178
15626,57,1,387.94,57
15627,93,2,531.41,158
15628,2,9,2717.76,362
15629,86,4,1869.35,168
15630,280,1,295.05,280
15631,278,1,574.96,278
15633,145,13,3900.64,367
15634,19,1,311.1,19
15635,31,1,37.5,31
15636,73,2,708.87,205
15637,49,4,467.92,360
15638,14,6,1375.98,246
15639,87,2,615.96,241
15640,8,15,9124.06,361
15641,32,8,3215.8,369
15642,365,1,67.5,365
15645,50,2,418.96000000000004,61
15646,8,3,506.25000000000006,46
15647,51,1,169.0,51
15649,3,3,760.4,23
15650,157,2,533.83,264
15651,56,2,606.67,232
15652,23,4,840.05,121
15658,8,4,1287.52,372
15659,22,2,221.54,289
15660,1,7,1148.11,308
15661,15,6,782.79,214
15662,297,2,279.28000000000003,374
15664,85,3,845.1,285
15665,47,3,1710.96,271
15666,108,2,616.97,131
15670,192,1,146.9,192
15672,361,1,40.050000000000004,361
15673,87,5,3304.4700000000003,291
15674,53,8,4214.43,367
15675,40,1,216.55,40
15677,57,2,605.35,99
15678,31,2,1459.54,158
15680,2,8,2962.53,373
15681,15,9,1443.0,200
15682,235,2,318.24,323
15683,109,1,320.04,109
15684,183,3,161.25,371
15685,86,1,53.980000000000004,86
15686,56,1,33.75,56
15688,54,1,187.67000000000002,54
15689,253,1,243.48000000000002,253
15691,30,3,392.5,369
15693,295,1,33.75,295
15694,1,12,3699.88,368
15695,233,2,653.96,317
15696,59,5,1048.01,320
15697,325,1,242.4,325
15698,260,1,32.55,260
15702,112,1,109.22,112
15704,138,2,1496.39,219
15708,5,3,946.64,61
15709,225,1,140.8,225
15710,53,1,860.43,53
15711,192,2,414.45,320
15712,15,7,2336.35,374
15713,2,3,609.44,359
15714,89,3,420.28000000000003,191
15715,191,5,649.52,255
15716,5,8,1737.35,368
15717,57,4,436.40000000000003,228
15718,176,1,293.79,176
15719,17,18,5057.0,374
15720,186,1,131.59,186
15722,81,6,2494.5,276
15723,47,3,707.29,210
15724,36,1,92.6,36
15726,26,1,304.91,26
15727,23,8,3509.39,320
15728,15,2,544.6,80
15729,36,2,107.55000000000001,39
15730,17,2,593.45,67
15731,189,1,125.3,189
15732,8,9,1352.67,309
15734,72,2,538.1,183
15735,57,1,308.78,57
15736,71,2,1670.15,71
15738,8,26,7719.24,365
15741,94,2,203.37,254
15742,255,1,138.27,255
15747,11,6,1511.32,326
15748,85,2,122.80000000000001,85
15750,2,12,4149.57,374
15751,96,11,1295.65,369
15752,8,3,1551.47,93
15754,129,6,2358.38,291
15755,15,11,3533.32,371
15757,22,4,2116.69,183
15759,147,4,491.03999999999996,373
15761,78,1,112.95,78
15764,70,2,1155.6100000000001,114
15765,302,1,350.88,302
15766,92,2,484.5,318
15768,112,31,12434.01,372
15769,7,21,4343.849999999999,364
15770,248,1,305.7,248
15771,240,3,784.03,329
15772,54,1,269.08000000000004,54
15773,45,1,137.94,45
15774,54,5,980.34,292
15775,267,1,15.39,267
15777,32,3,658.5,204
15778,67,1,297.45,67
15779,99,2,108.33000000000001,168
15782,66,1,696.28,66
15784,103,2,804.0799999999999,308
15785,15,11,2831.79,360
15786,53,2,3274.01,172
15788,144,1,202.33,144
15789,67,5,1479.56,259
15791,165,3,1932.89,277
15792,35,2,925.95,254
15793,14,5,641.49,374
15794,372,2,639.9000000000001,373
15795,66,7,1361.77,326
15796,10,9,2208.37,254
15797,217,2,167.67000000000002,317
15798,128,3,1505.34,317
15799,54,1,530.39,54
15800,89,5,457.5,254
15803,81,3,1448.3,312
15805,21,13,4395.32,365
15807,44,2,785.49,302
15808,5,18,13790.49,374
15809,95,2,366.48,171
15810,22,4,1586.3600000000001,309
15811,1,2,1517.15,24
15812,71,7,1727.14,360
15814,29,2,598.0699999999999,239
15816,178,2,115.8,178
15817,56,3,2652.45,179
15818,224,1,182.09,224
15819,67,6,1997.25,267
15822,129,4,856.04,369
15823,365,2,3631.0,367
15824,89,2,868.35,168
15826,204,1,826.87,204
15827,8,16,1696.68,336
15828,11,1,1040.57,11
15833,373,1,80.4,373
15834,12,3,1482.94,60
15837,121,1,374.88,121
15838,3,16,1694.52,360
15841,22,5,1059.98,365
15842,29,2,493.3,163
15845,172,3,657.46,318
15846,21,1,107.01,21
15847,64,3,401.8,277
15848,257,1,130.49,257
15850,12,4,749.33,362
15851,162,1,109.73,162
15852,162,1,61.85,162
15854,12,9,2128.76,365
15855,112,1,295.72,112
15856,1,26,14837.89,372
15857,66,1,208.98000000000002,66
15858,3,9,2297.29,365
15859,68,1,379.15999999999997,68
15860,4,10,1439.44,369
15861,92,4,1167.48,316
15862,9,10,1944.88,358
15863,253,3,273.76,358
15864,17,1,56.07000000000001,17
15865,49,2,1250.4,339
15867,5,17,4998.03,361
15868,219,1,94.53,219
15869,262,1,174.02,262
15870,32,3,406.46999999999997,82
15871,73,1,29.2,73
15872,14,2,416.95,186
15873,135,4,45.9,136
15874,23,14,5187.25,337
15875,282,1,111.72,282
15876,45,2,520.14,84
15878,197,2,323.63,369
15879,40,4,978.59,358
15880,5,1,328.93,5
15882,4,6,957.99,365
15884,68,2,187.12,372
15885,19,12,1211.82,323
15886,52,3,764.97,234
15887,42,3,882.74,191
15888,36,2,221.5,162
15889,5,7,1289.17,365
15890,30,5,318.40999999999997,240
15892,305,1,117.25,305
15893,117,1,28.62,117
15894,5,1,155.64000000000001,5
15898,3,22,4095.59,364
15899,4,1,51.0,4
15900,49,3,494.75,198
15901,87,3,309.59,179
15902,16,1,134.19,16
15903,14,5,2860.23,330
15905,179,1,113.79,179
15906,10,3,837.6,86
15908,126,2,300.51,148
15910,36,7,1382.0,323
15911,259,8,1650.44,366
15912,72,7,704.24,365
15913,170,1,6.300000000000001,170
15914,14,2,110.85,14
15915,37,1,406.33,37
15916,2,7,1731.96,365
15917,242,4,408.73,373
15918,267,1,248.65,267
15919,4,1,257.77,4
15920,60,5,348.14,361
15921,32,3,407.68,276
15922,9,1,328.55,9
15923,8,1,116.52000000000001,8
15924,367,1,90.92,367
15926,178,1,120.34,178
15927,283,1,121.29,283
15928,292,1,230.53,292
15929,280,1,133.65,280
15931,64,1,207.45,64
15934,53,2,934.77,65
15936,15,2,271.39,103
15938,92,4,325.33,192
15939,10,1,2041.08,10
15941,273,1,405.0,273
15943,285,2,271.28999999999996,313
15944,29,3,1209.48,362
15945,1,4,553.01,374
15946,138,3,1206.58,269
15948,60,1,548.0,60
15950,11,6,4950.76,318
15951,17,1,289.45,17
15953,5,11,1544.1799999999998,372
15954,225,1,187.8,225
15955,8,9,4051.7400000000002,290
15956,187,2,360.05,362
15957,56,2,499.31,56
15958,39,3,381.39,186
15959,318,3,540.88,318
15960,10,4,378.45,71
15961,15,1,368.05,15
15962,85,1,294.83,85
15964,299,1,272.96000000000004,299
15965,3,10,1999.42,372
15966,86,1,426.53000000000003,86
15967,15,10,2486.32,374
15968,24,1,381.3,24
15969,61,2,350.4,158
15970,234,1,331.37,234
15971,21,6,595.62,367
15972,92,5,1458.22,236
15973,2,2,493.72,64
15976,46,4,1231.76,187
15978,68,2,1914.73,280
15979,238,1,312.63,238
15980,126,4,2508.32,192
15981,37,13,5468.83,256
15982,241,1,316.81,241
15983,1,6,2243.17,369
15984,4,21,4867.34,374
15985,72,5,1379.8700000000001,197
15986,17,1,186.3,17
15987,4,2,230.4,15
15988,187,2,591.16,292
15989,11,2,348.92,373
15990,130,5,1179.19,285
15991,170,1,117.1,170
15992,32,2,851.71,89
15994,47,2,759.1600000000001,271
15995,50,1,638.44,50
15996,2,2,592.42,33
15998,29,11,5037.23,374
15999,371,1,20.4,371
16001,17,1,578.14,17
16002,261,1,163.51,261
16003,17,5,2465.96,372
16004,110,5,2033.14,319
16005,11,6,1804.3600000000001,86
16006,23,1,244.87,23
16007,19,3,1342.86,179
16008,18,12,4621.01,266
16010,12,8,1316.56,47
16011,2,14,2397.55,374
16012,37,2,1542.4,165
16013,7,39,4728.19,367
16014,44,2,461.09,313
16016,2,4,937.9300000000001,38
16017,53,4,1261.35,339
16018,32,2,206.01,368
16019,17,18,10788.29,361
16021,31,2,513.95,180
16024,47,2,152.61,47
16027,93,9,641.34,336
16028,231,1,80.2,231
16029,8,47,11554.71,367
16032,92,6,1949.65,159
16033,5,8,1855.98,121
16034,30,3,398.02,45
16035,196,1,172.43,196
16036,60,2,1698.97,256
16037,180,2,529.8199999999999,284
16039,59,2,453.5,264
16040,66,4,1034.75,245
16042,15,3,1016.61,89
16043,15,4,968.4000000000001,117
16044,71,1,337.94,71
16045,52,4,1650.4,134
16046,198,1,206.8,198
16048,9,4,818.7900000000001,185
16049,11,3,721.74,152
16050,19,2,160.8,37
16051,317,1,188.44,317
16053,49,4,1969.88,246
16054,54,3,898.49,253
16057,155,3,1549.88,337
16058,42,1,62.7,42
16059,3,7,1697.96,205
16060,36,3,467.15000000000003,130
16061,67,1,44.75,67
16062,15,4,1632.08,172
16064,361,1,110.1,361
16065,1,8,1959.33,99
16067,198,3,2924.64,311
16068,229,1,119.48,229
16069,53,1,438.5,53
16071,163,3,747.11,291
16072,64,3,3405.52,185
16074,26,1,222.35,26
16075,138,2,689.83,200
16077,261,1,429.15,261
16078,305,1,282.53000000000003,305
16080,21,2,381.6,86
16081,2,4,1566.13,310
16082,306,1,96.85,306
16083,18,2,846.6,24
16085,16,7,1259.55,324
16086,3,6,1679.89,373
16087,25,5,634.68,325
16088,211,2,571.9200000000001,227
16089,22,2,251.64,145
16090,260,1,179.66,260
16092,140,3,727.03,215
16094,11,7,2255.53,238
16095,92,1,447.05,92
16096,52,3,930.45,281
16098,9,8,1657.55,360
16099,53,4,806.98,282
16100,98,1,580.64,98
16101,70,3,1863.31,197
16103,25,16,4395.95,336
16104,54,8,2382.18,369
16105,74,4,1842.4,240
16108,70,3,1352.17,267
16109,334,1,224.01,334
16110,158,1,435.55,158
16111,64,1,536.98,64
16115,33,4,890.61,210
16117,38,2,405.84000000000003,227
16118,288,1,1743.03,288
16119,30,6,983.59,359
16120,58,2,1234.82,58
16121,26,3,597.93,201
16122,2,3,314.4,61
16124,54,3,1422.69,368
16125,3,14,4163.87,361
16126,15,11,6985.08,373
16127,362,1,138.91,362
16128,16,6,1619.23,147
16129,43,3,1224.51,143
16130,58,4,866.23,253
16131,11,6,5484.32,373
16132,180,2,528.8,263
16133,12,23,5320.3,254
16134,59,3,1414.96,176
16135,219,1,294.5,219
16136,299,1,162.03,299
16137,316,1,422.7,316
16138,14,3,582.11,226
16139,358,2,459.57000000000005,372
16140,7,2,725.71,77
16141,53,1,287.39,53
16143,5,7,2311.04,365
16145,24,8,2756.21,220
16146,84,1,212.25,84
16147,36,4,1947.67,308
16148,72,1,287.35,72
16149,65,1,120.61,65
16150,8,6,2153.82,358
16153,56,6,2659.2400000000002,198
16155,17,5,728.95,175
16156,18,11,2854.3,373
16158,158,9,538.34,370
16159,106,3,857.77,372
16161,4,25,7091.56,305
16163,1,5,1640.33,373
16165,141,1,15.0,141
16166,64,2,421.88,327
16167,50,5,1145.52,374
16168,5,40,5281.66,372
16170,31,14,4771.01,295
16172,109,3,721.96,149
16174,127,4,1169.6499999999999,239
16175,107,3,787.25,199
16176,57,4,1938.99,256
16177,72,7,1820.51,283
16178,37,1,382.75,37
16180,114,5,3754.39,170
16182,74,5,938.91,276
16183,30,3,691.25,43
16185,200,1,111.86,200
16186,8,15,4895.21,366
16188,44,1,103.35000000000001,44
16190,30,7,2232.93,361
16191,11,11,5055.23,364
16192,371,1,325.89,371
16193,46,1,308.53000000000003,46
16194,11,1,263.25,11
16195,359,1,323.25,359
16196,124,1,93.3,124
16197,105,9,1825.21,359
16198,73,1,621.36,73
16199,28,7,621.0,267
16200,18,10,4343.8,373
16201,51,1,237.25,51
16202,53,8,1916.43,373
16203,8,3,494.5,140
16204,16,2,511.04,367
16205,32,3,852.16,178
16206,23,9,1940.9,320
16208,30,8,2552.19,289
16209,18,4,853.42,182
16210,4,18,6380.33,373
16211,57,2,277.32,74
16212,254,2,583.49,306
16214,71,1,865.5,71
16218,9,7,1327.52,197
16219,136,1,22.95,136
16221,3,7,1265.96,122
16222,357,1,486.05,357
16223,10,2,1024.47,31
16224,23,1,271.05,23
16225,38,10,1735.89,306
16226,14,2,414.15,49
16227,130,2,702.25,171
16228,21,3,766.94,36
16229,17,4,1826.96,200
16231,15,4,1070.13,233
16232,56,3,1478.1399999999999,186
16233,2,7,1188.53,373
16234,112,3,327.38,197
16235,11,4,1073.95,106
16237,73,1,134.85,73
16238,58,1,63.66,58
16239,18,4,830.9,99
16241,5,4,1593.5900000000001,46
16242,17,7,3777.85,270
16244,8,1,1054.83,8
16246,95,2,805.35,305
16250,9,2,398.34,22
16251,148,1,126.96000000000001,148
16252,18,1,288.64,18
16253,56,5,3258.58,367
16254,14,3,962.2,268
16255,1,8,2153.44,320
16256,129,2,432.8,233
16258,23,10,5763.6,275
16259,46,3,357.89,241
16261,22,2,312.62,78
16262,14,1,735.5500000000001,14
16263,59,1,336.61,59
16264,74,2,789.55,82
16265,22,3,1211.07,43
16266,59,7,780.91,309
16267,227,1,153.24,227
16269,73,1,700.08,73
16271,106,4,1997.05,278
16273,284,2,270.09000000000003,292
16274,9,1,282.9,9
16275,110,2,1496.32,277
16276,115,2,671.39,243
16277,369,1,145.44,369
16278,116,2,478.96,135
16279,21,6,4091.28,232
16280,361,1,232.25,361
16281,59,2,971.31,318
16282,123,2,818.58,354
16283,54,3,2812.96,285
16284,29,1,205.8,29
16285,282,1,176.9,282
16286,113,2,325.15000000000003,259
16287,12,4,666.03,325
16288,106,1,107.0,106
16289,98,1,136.31,98
16290,100,4,1776.85,201
16292,16,4,814.58,240
16293,3,6,2296.76,364
16294,112,1,126.05000000000001,112
16296,262,4,1285.3700000000001,357
16298,33,4,420.65,78
16299,113,1,193.65,113
16300,66,3,1373.33,311
16301,372,1,107.33,372
16303,28,4,2528.44,267
16304,330,1,373.12,330
16306,3,2,515.85,70
16307,65,3,1158.8,213
16308,42,3,25.92,360
16310,50,2,444.33,278
16312,68,1,165.9,68
16314,25,3,1361.95,108
16315,172,1,168.99,172
16316,16,5,2466.1,129
16317,186,2,780.3100000000001,220
16320,89,4,4311.46,317
16321,262,2,230.9,374
16323,213,1,129.95999999999998,213
16325,60,9,2684.46,371
16326,19,10,1544.38,316
16327,5,11,6381.4800000000005,361
16328,199,1,310.83,199
16329,63,4,1518.67,374
16330,60,4,378.52,298
16331,68,6,1173.0,278
16332,67,4,388.15,225
16334,128,1,266.95,128
16335,187,7,2595.8,371
16336,56,4,2727.74,267
16340,75,2,956.74,187
16341,73,3,1640.16,245
16343,43,1,274.12,43
16344,145,3,740.42,304
16345,119,1,621.33,119
16346,21,1,220.17,21
16347,24,9,2485.36,273
16348,66,1,293.90999999999997,66
16350,10,5,1095.25,64
16351,47,12,3060.71,371
16353,5,16,2640.2,368
16354,15,3,693.17,227
16355,11,1,393.6,11
16356,12,3,204.10000000000002,187
16357,17,1,209.49,17
16358,30,1,870.5500000000001,30
16359,12,7,790.6800000000001,297
16362,73,1,207.26999999999998,73
16365,3,7,1536.9299999999998,364
16366,218,3,1147.58,359
16367,19,1,556.02,19
16368,71,1,141.78,71
16369,72,4,1074.5,247
16371,84,1,150.0,84
16372,45,3,953.78,243
16373,18,2,308.49,47
16374,38,3,1174.17,224
16375,106,2,104.0,106
16377,253,1,71.00999999999999,253
16381,31,2,248.55,54
16382,44,2,279.59,186
16383,32,5,2193.43,309
16384,65,2,746.62,226
16385,2,3,468.37,267
16386,23,1,745.35,23
16387,31,4,744.35,274
16388,289,1,186.05,289
16390,172,3,418.90000000000003,315
16391,36,4,1067.11,197
16392,49,2,526.71,197
16393,5,11,2506.74,374
16395,29,9,1990.59,369
16396,112,1,137.8,112
16397,264,1,107.63,264
16399,25,1,217.41,25
16400,31,8,2581.7,367
16401,15,11,2109.44,191
16402,5,1,201.65,5
16406,86,2,367.31,289
16407,25,4,648.97,68
16408,227,1,231.93,227
16409,16,7,3454.59,362
16410,370,1,75.96000000000001,370
16411,5,3,692.64,64
16412,29,4,480.82,309
16413,11,1,261.08,11
16414,67,3,422.11,330
16415,219,2,502.21,312
16416,26,6,1698.8,290
16417,128,1,35.7,128
16418,44,2,393.21,58
16419,213,2,440.69,304
16420,32,1,44.34,32
16421,12,3,458.32,105
16422,5,58,11705.78,332
16424,18,1,277.25,18
16428,49,3,646.57,133
16430,17,5,752.44,317
16433,44,1,200.26,44
16434,82,5,1078.43,327
16435,148,3,838.95,150
16436,304,3,328.34,369
16437,17,2,301.25,65
16439,358,1,300.90000000000003,358
16440,129,1,216.3,129
16441,53,3,629.98,263
16442,240,2,270.68,362
16443,156,1,45.629999999999995,156
16444,26,13,2886.66,261
16445,22,3,371.77,47
16447,226,2,502.43,296
16448,107,1,178.98000000000002,107
16450,220,2,1053.47,292
16451,197,2,743.73,371
16452,266,2,332.17,329
16453,166,2,241.56,184
16454,242,2,24.05,247
16455,7,6,2292.75,255
16456,9,9,4305.65,256
16458,11,12,2220.8,198
16459,365,1,69.18,365
16461,226,2,1362.28,282
16465,56,2,728.21,80
16466,19,8,1924.23,278
16467,144,7,788.9399999999999,373
16468,106,2,712.62,117
16469,150,1,173.69,150
16470,32,7,1661.26,364
16471,29,3,923.13,288
16472,70,2,645.0,233
16473,10,1,154.72,10
16476,67,1,335.85,67
16477,7,5,1805.6200000000001,120
16481,318,1,416.06,318
16485,68,4,1829.89,369
16486,173,1,134.36,173
16487,213,2,195.7,295
16489,16,2,225.7,72
16490,72,1,205.41000000000003,72
16491,49,1,796.24,49
16492,176,1,381.96,176
16493,80,3,598.11,259
16496,67,3,687.84,145
16497,49,17,3450.64,372
16499,10,6,2103.3,182
16500,10,3,428.4,179
16501,19,1,1149.43,19
16502,256,2,210.5,256
16503,31,7,2108.33,172
16507,208,1,150.31,208
16508,266,1,235.85,266
16510,8,6,1720.8999999999999,327
16511,33,3,820.07,284
16515,15,5,1549.37,176
16518,57,2,448.3,192
16519,1,3,318.18,284
16520,1,4,1397.45,283
16521,51,3,1052.83,284
16522,71,2,386.86,86
16523,51,7,2212.11,320
16524,82,2,295.09000000000003,327
16525,2,23,7311.23,373
16526,220,1,350.45,220
16527,60,1,1009.17,60
16529,113,3,1477.15,166
16530,304,1,45.9,304
16531,17,4,986.4,77
16532,67,2,204.39,256
16534,278,1,534.6,278
16535,21,1,367.54,21
16537,277,1,10.55,277
16538,177,3,359.07,231
16539,9,7,2102.6,168
16540,50,1,226.70000000000002,50
16541,371,1,388.0,371
16542,37,1,137.7,37
16543,227,1,279.4,227
16544,155,4,314.75,298
16545,11,1,242.82,11
16546,8,4,2807.84,78
16547,182,1,107.19,182
16548,235,1,24.9,235
16549,33,24,8897.9,257
16550,4,14,6924.88,373
16551,59,4,1024.03,362
16552,9,1,84.79,9
16553,32,21,6245.16,302
16554,22,5,1903.57,360
16555,141,4,1244.86,141
16556,11,10,4178.54,368
16558,2,19,5206.61,372
16559,33,1,183.85,33
16560,33,6,2065.84,367
16562,112,1,223.85999999999999,112
16563,36,5,2314.48,374
16564,205,1,87.8,205
16565,42,3,368.05,191
16568,63,2,392.4,277
16569,267,4,908.62,359
16570,15,10,2729.61,255
16571,31,7,2714.66,267
16574,59,2,849.4399999999999,294
16576,56,2,530.37,157
16577,302,1,374.0,302
16578,262,1,156.6,262
16579,61,1,262.2,61
16583,9,2,297.95,309
16584,68,3,1494.03,297
16585,229,2,341.59,331
16586,80,2,841.2,271
16588,22,4,1243.08,210
16589,86,1,153.12,86
16590,36,2,516.2,50
16592,11,12,3623.23,357
16593,26,5,663.51,370
16595,12,4,1424.77,327
16596,2,3,319.68,365
16599,21,1,171.0,21
16600,10,7,1264.4,357
16601,26,2,401.3,259
16602,24,1,231.45,24
16604,198,2,404.4,204
16605,360,1,11.34,360
16606,40,2,331.41,70
16607,35,11,2195.13,225
16608,89,2,1152.79,299
16611,39,5,1533.18,275
16612,15,5,1998.74,372
16614,38,2,661.25,214
16615,262,1,278.8,262
16619,19,3,1616.21,291
16620,25,4,1500.97,374
16622,179,1,199.85,179
16623,37,3,831.91,228
16625,58,4,1286.03,179
16628,43,2,124.8,277
16630,43,1,106.80000000000001,43
16631,117,7,1825.65,287
16632,121,2,406.4,217
16634,8,5,1348.89,323
16635,42,1,473.0,42
16636,74,4,2563.54,282
16638,4,6,748.9100000000001,114
16639,45,1,469.67,45
16640,33,1,179.4,33
16641,337,1,323.40000000000003,337
16642,51,1,355.65000000000003,51
16643,58,1,435.6,58
16645,371,1,160.39,371
16646,85,1,443.52,85
16647,78,2,299.6,180
16648,91,2,378.14,226
16649,156,1,268.88,156
16650,56,6,1331.59,155
16651,222,1,136.2,222
16652,40,9,8328.25,268
16654,4,5,1028.85,248
16655,47,7,2589.89,313
16656,56,15,2422.71,371
16658,4,5,639.38,255
16660,58,3,287.54,330
16661,176,4,809.98,358
16662,30,1,150.85,30
16663,365,1,44.55,365
16664,205,1,98.7,205
16666,257,1,101.55,257
16668,23,7,510.34,267
16670,29,9,3837.55,365
16673,315,1,183.93,315
16675,77,2,498.86,114
16676,38,2,675.83,54
16677,47,2,835.02,288
16679,2,3,572.31,183
16680,164,2,500.6,170
16681,277,1,151.5,277
16683,169,1,308.85,169
16684,15,27,23455.3,368
16686,25,9,1965.26,369
16687,26,1,149.07999999999998,26
16690,29,2,127.45,87
16691,54,2,141.48000000000002,197
16692,44,2,56.7,77
16693,47,3,689.53,292
16694,359,1,65.4,359
16695,197,2,183.56,197
16699,16,7,844.82,371
16700,2,13,3935.02,373
16701,59,13,3173.77,374
16702,51,4,960.78,368
16704,254,2,635.86,308
16705,36,22,17725.65,366
16707,36,4,511.24,276
16709,15,9,5268.85,366
16710,4,13,3606.6,371
16711,15,4,795.89,373
16712,37,2,592.13,37
16713,2,18,6353.71,360
16714,306,1,363.92,306
16715,198,1,138.82,198
16716,266,1,248.4,266
16717,2,9,3060.9,368
16718,5,5,2817.39,369
16719,4,8,2036.67,362
16720,12,2,430.09000000000003,358
16722,2,11,3980.71,372
16723,79,2,644.08,371
16724,40,1,147.35,40
16725,7,8,1053.74,362
16726,19,2,694.54,47
16727,28,3,1114.95,324
16731,284,1,174.05,284
16732,39,3,3304.98,367
16733,165,1,259.68,165
16735,29,9,3905.94,367
16736,141,5,2729.9500000000003,372
16737,213,1,39.15,213
16739,172,1,451.63,172
16740,31,1,231.36,31
16741,261,1,172.16,261
16742,128,13,1430.36,359
16743,92,7,1916.19,232
16746,19,24,7906.63,371
16748,24,9,2121.43,365
16749,227,2,2702.42,360
16752,8,1,122.7,8
16754,8,29,6357.69,277
16755,103,4,1360.4,366
16756,40,6,1028.92,276
16757,45,1,163.02,45
16760,66,1,228.0,66
16763,374,1,343.85,374
16765,18,1,391.43,18
16767,54,4,1715.42,226
16768,19,6,1069.21,368
16769,114,3,693.11,361
16770,8,5,1084.93,110
16771,93,5,1577.3600000000001,366
16772,59,3,2840.0,357
16773,72,2,234.25,369
16774,59,4,889.77,297
16775,3,6,1240.63,78
16776,51,1,231.57,51
16777,49,3,1013.76,268
16779,2,32,18019.24,372
16780,43,1,171.21,43
16781,8,2,581.05,305
16782,1,26,7639.31,366
16783,72,1,391.05,72
16784,12,4,788.03,257
16785,45,1,519.0,45
16786,29,1,19.439999999999998,29
16787,33,4,987.63,334
16788,40,3,1336.07,306
16791,19,8,2201.85,372
16792,19,3,492.93,340
16794,16,5,826.89,260
16795,1,3,2052.46,319
16797,29,5,1743.54,373
16798,190,3,750.61,365
16799,68,2,474.58,89
16802,315,2,582.61,366
16805,213,2,610.67,361
16807,106,3,969.89,259
16809,68,4,811.84,241
16810,56,1,445.20000000000005,56
16812,14,3,1805.3600000000001,18
16814,5,16,5698.56,243
16815,89,2,395.67,172
16817,4,5,1145.3,67
16819,101,2,142.03,101
16821,17,1,88.2,17
16822,322,1,172.96,322
16823,23,6,1852.17,373
16824,29,1,215.1,29
16825,14,3,826.63,170
16827,29,5,280.04,225
16829,24,1,301.55,24
16830,78,3,867.38,362
16831,200,1,91.8,200
16832,64,2,209.91,94
16833,75,2,952.0600000000001,259
16834,310,1,472.75,310
16835,9,5,1278.46,205
16836,42,2,526.5,210
16838,166,2,534.16,299
16839,5,11,3867.45,302
16840,239,2,137.85,310
16841,64,6,2111.94,332
16843,58,19,6822.5,365
16844,198,2,607.44,218
16845,254,1,246.18,254
16846,213,2,616.03,275
16847,254,1,384.6,254
16848,12,3,1128.2,68
16854,53,2,1352.79,276
16856,53,2,322.19,78
16857,78,1,340.05,78
16858,4,10,4065.58,360
16859,52,5,919.99,281
16860,88,3,1171.92,298
16861,26,3,728.23,144
16862,183,4,598.02,337
16863,2,2,490.82,45
16864,70,2,345.9,234
16865,37,1,125.19,37
16867,325,1,76.74000000000001,325
16868,30,3,357.19,229
16870,105,1,438.51,105
16872,63,3,293.37,99
16873,65,6,6465.52,304
16874,15,1,214.29,15
16875,73,6,1970.66,339
16876,39,1,135.01,39
16880,129,1,218.73,129
16883,7,18,1829.76,371
16884,192,2,536.03,206
16885,21,1,229.08,21
16886,92,1,134.0,92
16887,36,2,451.99,374
16888,36,3,365.8,337
16889,33,3,872.68,201
16890,112,3,186.11,218
16891,7,7,1207.94,371
16892,190,2,208.42,367
16893,2,2,244.82,12
16894,138,3,1188.56,171
16895,74,4,870.83,301
16896,191,1,94.45,191
16898,4,3,487.65999999999997,212
16899,14,2,380.42,33
16901,365,1,170.71,365
16903,16,2,675.99,51
16904,3,7,1339.25,47
16905,7,11,1732.96,364
16906,64,3,807.48,211
16907,1,5,705.5,162
16908,358,1,252.59,358
16911,271,2,252.8,297
16912,57,4,1829.08,366
16913,287,2,158.32,287
16915,22,5,256.5,205
16916,8,3,510.71,51
16917,268,1,1178.16,268
16918,58,10,2060.07,372
16919,4,14,2455.16,113
16920,47,1,307.2,47
16921,78,2,226.07999999999998,236
16922,208,1,590.23,208
16923,11,13,5857.35,313
16925,176,1,123.65,176
16926,7,5,985.35,162
16928,9,10,954.14,310
16931,5,3,626.95,33
16932,59,2,262.62,207
16933,25,7,2447.49,366
16934,19,4,1139.08,257
16935,17,3,535.1,57
16936,21,1,288.49,21
16937,135,1,202.1,135
16938,17,5,4161.86,296
16939,124,3,427.11,285
16940,86,5,3306.14,367
16941,247,1,33.0,247
16944,245,1,97.36,245
16945,29,14,3773.0099999999998,366
16946,19,5,1179.89,283
16947,98,3,523.13,282
16948,65,4,365.22,292
16950,3,8,2320.27,320
16952,77,3,609.07,364
16954,15,11,3252.02,326
16955,4,4,598.4,313
16958,71,1,764.25,71
16960,26,5,1503.03,283
16961,24,2,528.34,168
16962,45,1,248.59,45
16964,369,2,207.85,369
16970,262,1,71.4,262
16972,18,2,748.8000000000001,92
16973,22,1,127.0,22
16974,158,2,365.5,200
16975,59,3,831.26,141
16977,31,4,466.1,267
16978,302,2,300.05,302
16979,19,3,911.74,86
16980,64,1,391.92,64
16983,5,5,1556.18,82
16984,40,7,5698.16,278
16985,12,13,4035.09,365
16986,81,9,2742.85,309
16987,12,4,855.5,373
16988,15,1,223.20000000000002,15
16990,58,1,44.55,58
16991,57,1,1036.53,57
16992,23,8,3405.8900000000003,302
16993,99,2,1544.4,212
16996,18,3,660.85,53
16998,80,1,107.0,80
17000,32,2,365.35,44
17001,12,8,2460.46,260
17002,79,4,907.38,277
17003,38,4,824.91,214
17004,28,2,832.76,60
17005,106,2,435.43,224
17006,28,4,840.39,280
17007,73,1,220.04000000000002,73
17008,65,1,81.36,65
17009,187,1,159.63,187
17011,283,2,224.60999999999999,287
17012,361,1,382.06,361
17016,212,1,495.21999999999997,212
17017,1,13,4650.349999999999,372
17018,23,4,1367.6,370
17019,4,8,2636.01,373
17020,178,2,927.77,282
17021,78,6,965.36,224
17022,68,1,174.3,68
17023,53,3,786.58,333
17025,9,4,834.3199999999999,277
17026,5,2,48.9,53
17027,82,3,237.23,365
17028,217,3,1542.66,357
17029,18,5,575.77,299
17031,14,4,1151.35,217
17032,239,5,2816.64,365
17033,33,1,271.1,33
17034,45,2,537.5,149
17035,227,2,154.70999999999998,372
17036,19,1,152.05,19
17038,51,1,598.11,51
17039,240,1,1769.6200000000001,240
17040,186,1,13.52,186
17041,33,3,590.46,236
17043,11,4,768.07,366
17044,10,11,7328.35,368
17045,12,2,375.72,65
17046,80,4,1152.87,256
17047,67,3,1132.33,367
17048,73,4,1114.74,326
17049,11,10,3988.9100000000003,281
17050,11,5,880.85,318
17051,82,3,461.16,264
17055,81,1,234.4,81
17056,374,1,127.7,374
17057,232,1,277.39,232
17059,5,5,2394.0,318
17062,1,4,658.5600000000001,75
17063,43,6,2157.79,374
17065,273,2,165.3,273
17066,362,1,228.34,362
17067,360,3,341.28999999999996,367
17068,4,27,4537.89,257
17069,9,6,2858.53,372
17070,46,1,132.73,46
17071,17,4,1291.89,320
17072,261,1,277.15,261
17074,198,1,124.3,198
17075,65,6,1361.81,361
17076,28,3,397.87,371
17077,214,1,202.5,214
17080,15,5,592.77,162
17081,31,4,614.68,291
17082,30,4,2596.23,360
17083,45,6,2248.56,304
17084,32,1,2064.37,32
17085,12,23,6159.36,369
17087,373,1,221.53,373
17089,22,1,128.45,22
17090,10,6,1007.64,144
17091,3,11,3882.96,359
17092,73,7,3666.32,311
17093,228,1,231.18,228
17094,59,1,100.2,59
17095,66,4,1028.84,360
17096,19,7,2596.0,191
17097,1,2,356.23,66
17098,17,3,530.62,176
17099,169,1,558.97,169
17101,30,3,828.9300000000001,186
17103,358,1,418.21000000000004,358
17104,59,1,454.78,59
17106,25,1,465.33000000000004,25
17107,33,4,4495.04,313
17108,299,1,174.95,299
17109,42,2,406.42,133
17110,156,2,288.2,246
17111,61,1,215.34,61
17112,138,1,205.17,138
17113,210,6,2194.2400000000002,333
17115,184,4,1773.25,370
17116,284,1,367.90999999999997,284
17121,38,1,300.04,38
17122,24,3,432.18,135
17123,75,2,590.22,208
17126,17,4,1001.87,101
17127,64,5,1104.78,371
17129,156,1,29.85,156
17132,88,2,1108.1,124
17133,110,5,1183.68,264
17134,78,1,203.6,78
17135,7,4,750.89,215
17136,298,1,207.32,298
17137,52,6,1132.28,313
17138,25,6,3800.9500000000003,309
17139,25,13,8084.37,333
17141,54,4,730.69,320
17142,40,3,654.3000000000001,320
17143,53,2,827.5600000000001,151
17145,148,4,2863.1800000000003,294
17146,71,10,4736.29,311
17147,88,5,1215.6100000000001,333
17149,87,1,135.0,87
17150,12,6,1308.3,369
17151,371,1,231.90000000000003,371
17152,61,1,277.95000000000005,61
17155,163,5,519.29,372
17156,127,1,589.98,127
17157,116,17,3604.43,371
17158,183,2,687.13,278
17159,113,2,477.06,281
17160,10,11,6586.45,371
17161,80,1,841.21,80
17163,81,2,397.02,311
17165,17,5,1574.09,364
17167,15,3,840.96,81
17168,134,1,389.42,134
17169,214,1,310.8,214
17170,10,2,178.68,25
17171,297,1,142.28,297
17172,66,2,500.07,362
17176,162,2,541.49,313
17177,141,1,109.15,141
17178,367,1,370.51,367
17179,18,3,795.47,198
17180,58,7,1336.53,323
17181,9,2,74.5,231
17182,58,2,321.3,354
17184,205,2,197.96,366
17185,227,3,229.46,234
17187,162,1,189.96,162
17188,82,6,2028.31,367
17189,196,3,564.41,373
17190,39,5,812.87,280
17191,4,11,2579.41,374
17192,172,1,72.58,172
17193,22,2,414.96000000000004,373
17194,166,1,505.28999999999996,166
17195,291,1,496.77,291
17196,63,1,342.2,63
17198,1,2,467.06,7
17199,218,1,119.47,218
17200,23,4,196.15,288
17201,159,3,849.62,303
17202,56,1,160.65,56
17203,24,4,1009.1999999999999,24
17204,10,5,3261.24,183
17205,52,2,252.65,200
17207,288,1,288.06,288
17208,31,1,115.35,31
17209,285,3,306.05,372
17210,28,1,251.48,28
17211,5,6,1708.6100000000001,362
17212,94,2,501.65,122
17213,2,7,2352.7200000000003,360
17215,100,1,163.65,100
17216,190,1,64.05,190
17217,255,1,86.65,255
17218,4,9,2108.81,319
17219,52,1,144.9,52
17220,53,7,1266.02,324
17221,227,3,608.38,243
17222,113,5,1174.04,334
17223,4,2,355.04,11
17224,137,1,60.31,137
17225,217,1,131.15,217
17226,80,2,364.43,301
17227,4,7,798.09,329
17228,3,7,1260.07,273
17230,199,10,5285.44,367
17231,25,15,3815.4700000000003,368
17233,84,2,355.93,360
17235,8,7,1243.97,189
17236,46,6,716.64,278
17237,11,2,678.54,17
17238,7,17,3902.08,374
17239,23,3,506.20000000000005,162
17240,232,1,122.95,232
17241,21,12,2569.04,298
17242,92,3,1578.56,320
17243,5,44,11221.28,374
17244,19,4,773.27,369
17245,325,1,178.58,325
17246,182,2,36.47,374
17248,117,1,227.51,117
17249,64,1,68.03,64
17251,18,2,521.2,360
17254,37,1,197.84,37
17255,26,2,474.65,82
17256,117,3,161.43,236
17257,72,2,138.26,72
17258,32,2,417.3,301
17259,4,5,1229.26,291
17260,47,1,88.5,47
17261,145,1,225.54,145
17262,2,7,827.22,360
17264,60,1,263.19,60
17266,135,2,195.94,276
17268,81,7,804.75,367
17269,21,1,517.0600000000001,21
17270,105,2,468.67,368
17271,372,1,202.04,372
17273,60,1,141.12,60
17274,31,1,457.15,31
17275,19,1,96.37,19
17276,38,1,446.54,38
17278,201,1,25.2,201
17280,74,1,118.85999999999999,74
17281,10,6,447.45,309
17282,92,2,592.31,184
17283,14,1,156.05,14
17284,25,1,855.07,25
17285,264,2,365.24,299
17286,36,2,185.45,36
17287,3,16,2719.41,372
17288,26,4,983.85,30
17289,12,6,1044.89,277
17290,17,6,780.14,362
17292,108,2,208.0,215
17293,30,8,1654.93,372
17294,305,2,382.77,305
17296,366,1,277.17,366
17298,10,3,386.9,277
17299,75,2,346.97,117
17300,26,2,334.29,117
17301,260,1,132.8,260
17304,170,1,91.75,170
17305,284,1,638.0600000000001,284
17306,29,2,129.06,39
17307,31,11,1857.93,325
17308,29,2,167.67,88
17309,17,2,227.19,309
17310,23,2,137.7,170
17311,28,4,1695.73,310
17314,29,9,2180.19,372
17315,11,5,3224.9900000000002,74
17316,56,1,124.45,56
17318,361,1,161.38,361
17319,305,1,29.1,305
17320,4,4,1654.91,323
17321,30,4,915.42,213
17322,12,5,898.88,372
17323,43,5,644.52,334
17324,2,9,1144.29,357
17325,46,2,447.05,277
17326,44,2,304.71,165
17327,45,2,141.92000000000002,198
17328,309,1,63.45,309
17329,367,3,476.91,372
17330,180,2,15.0,283
17332,164,5,737.85,292
17334,42,1,308.13,42
17335,19,2,478.3,320
17336,108,1,45.629999999999995,108
17338,11,9,5371.71,275
17339,1,2,119.0,145
17340,2,8,8994.15,299
17341,2,3,1060.57,176
17342,15,4,1022.37,305
17343,12,5,983.9,372
17344,364,1,302.29,364
17345,11,6,897.54,374
17346,9,12,2509.77,236
17348,73,4,1232.62,275
17349,16,4,535.0,267
17350,30,3,574.46,312
17351,63,9,1367.48,365
17352,332,1,36.25,332
17353,127,2,270.0,260
17354,64,3,868.99,64
17355,22,1,236.32,22
17356,190,4,651.61,324
17358,12,3,475.35,289
17359,284,1,148.9,284
17360,21,3,601.84,70
17361,312,2,392.44,312
17362,36,5,688.0600000000001,338
17363,31,3,856.71,38
17364,12,17,6630.77,368
17365,22,7,3193.47,312
17366,68,2,979.74,92
17368,11,6,678.74,360
17369,91,1,22.95,91
17371,259,3,232.66,367
17372,17,19,2778.9,372
17373,54,3,520.58,285
17374,31,1,224.14,31
17375,67,1,259.55,67
17376,40,2,240.64,158
17377,1,60,13682.86,373
17378,10,1,7.5,10
17380,70,3,618.75,170
17381,4,12,2774.52,184
17382,71,7,654.72,205
17383,89,1,83.75,89
17384,103,1,171.15,103
17386,21,1,126.35000000000001,21
17388,56,7,576.88,365
17389,10,27,12035.86,371
17390,56,1,149.3,56
17392,86,1,152.44,86
17393,46,2,325.41,124
17395,144,1,86.25,144
17396,7,7,1246.53,77
17397,52,1,504.56,52
17400,217,3,2455.73,358
17401,177,1,112.95,177
17402,5,12,1599.45,359
17403,86,1,91.25,86
17404,45,8,3534.22,337
17406,2,11,2433.66,369
17407,47,1,524.4,47
17408,136,2,175.71,150
17409,57,8,3795.0,364
17411,22,2,644.34,372
17412,8,10,2527.12,373
17413,40,2,369.39,205
17414,59,4,179.39,372
17416,29,15,9104.98,361
17417,184,1,163.73000000000002,184
17418,23,1,188.96,23
17419,3,8,2178.23,319
17420,9,4,470.25,37
17421,22,3,1045.69,371
17422,17,5,1546.81,170
17423,29,1,336.06,29
17426,88,7,2760.53,296
17428,4,18,11525.07,374
17429,32,2,826.19,65
17430,1,3,465.07,115
17432,21,7,1331.88,372
17433,21,1,244.45000000000002,21
17435,47,1,276.75,47
17436,44,3,315.06,368
17437,165,1,355.27,165
17438,80,4,945.88,277
17439,291,1,239.37,291
17440,185,1,102.87,185
17441,368,1,292.09000000000003,368
17442,17,9,2300.1,298
17448,165,41,14335.37,281
17449,23,6,2378.5,366
17450,3,7,4374.49,74
17454,98,6,989.26,329
17456,1,2,938.0500000000001,92
17457,15,9,2605.79,368
17458,17,1,212.08,17
17460,8,12,1551.44,322
17463,196,2,650.25,225
17464,158,2,646.75,255
17465,61,7,2458.0,372
17467,31,1,87.9,31
17468,11,1,57.8,11
17469,36,12,3063.89,359
17470,3,7,1605.28,144
17471,110,1,321.65000000000003,110
17472,264,1,222.81,264
17473,44,2,587.2,92
17474,235,1,750.45,235
17476,31,2,417.31,373
17477,248,2,917.5,283
17478,44,2,1219.1000000000001,269
17479,268,1,389.26000000000005,268
17480,80,1,390.21,80
17482,123,2,736.14,214
17483,50,1,151.44,50
17484,212,2,165.47,260
17487,364,1,148.10000000000002,364
17488,277,1,336.5,277
17490,24,2,647.28,205
17491,3,8,1835.18,226
17492,114,2,711.65,154
17493,21,1,100.91000000000001,21
17494,137,1,49.8,137
17495,26,1,281.46,26
17496,199,3,1042.99,330
17497,26,2,265.5,246
17499,197,1,636.63,197
17504,16,9,5472.0199999999995,305
17505,186,3,1205.96,241
17508,17,7,3637.1,368
17510,56,1,195.37,56
17511,3,31,40779.87,373
17512,88,8,1697.13,365
17513,44,2,639.6,115
17514,305,1,333.18,305
17515,30,5,729.36,186
17516,14,1,179.57,14
17518,61,2,312.6,257
17519,4,10,2768.1800000000003,374
17521,30,2,522.9,70
17524,74,2,376.78,74
17525,33,2,615.45,64
17526,1,9,2263.2400000000002,358
17529,246,2,1175.95,333
17530,1,3,692.84,369
17531,163,2,916.91,254
17532,21,1,65.34,21
17533,70,1,34.8,70
17534,87,4,1405.57,288
17536,56,2,233.38,318
17539,264,3,1138.82,362
17540,19,4,1011.7,235
17541,145,1,114.66,145
17542,277,2,170.95,277
17543,185,1,119.05,185
17544,26,3,912.44,26
17545,26,3,664.4300000000001,213
17547,11,2,587.25,301
17548,14,3,616.71,32
17550,33,6,2071.82,306
17552,8,10,2038.2,263
17553,108,3,297.0,246
17555,61,3,574.03,222
17556,15,1,142.77,15
17557,368,1,30.0,368
17558,29,1,247.02,29
17559,148,1,145.57,148
17560,31,4,811.09,296
17561,26,3,543.47,369
17563,214,2,387.13,247
17565,222,1,130.38,222
17567,8,2,1002.4,77
17568,269,1,382.79,269
17571,178,1,193.09,178
17572,9,7,483.21000000000004,360
17575,303,1,133.35,303
17576,1,23,5018.28,372
17577,281,2,348.75,304
17578,110,6,892.64,165
17579,214,1,246.48,214
17580,12,2,324.3,58
17581,8,20,7465.57,372
17582,82,4,1053.74,259
17583,196,1,135.95,196
17584,103,4,3169.2599999999998,319
17585,81,3,825.66,114
17586,255,1,167.4,255
17587,264,1,167.31,264
17588,32,4,1431.15,273
17589,21,14,11099.2,278
17591,3,2,464.5,327
17592,374,1,148.3,374
17593,45,6,3968.85,371
17594,85,2,1477.5,240
17596,4,7,1665.79,360
17597,54,4,1311.1,219
17598,17,1,408.18,17
17599,113,1,52.05,113
17601,16,1,290.55,16
17602,108,8,2196.41,255
17603,253,3,1381.96,365
17604,58,4,622.44,317
17605,226,1,152.75,226
17606,373,1,87.30000000000001,373
17607,12,1,323.31,12
17608,85,2,305.11,243
17609,38,6,675.43,245
17610,176,5,1496.53,369
17611,57,13,4207.83,374
17612,15,12,3271.52,358
17615,23,3,381.2,121
17616,3,2,137.7,87
17617,194,1,395.33,194
17618,19,8,2943.87,320
17621,40,3,1509.37,67
17622,233,2,1088.81,234
17623,45,6,1676.47,361
17624,73,2,692.05,355
17625,82,4,3930.81,360
17626,238,1,249.1,238
17627,114,1,170.98,114
17629,24,2,599.55,57
17631,10,4,468.96000000000004,366
17633,15,3,683.35,25
17635,60,3,1136.28,226
17638,283,2,157.95,357
17639,23,5,473.25,119
17640,15,5,2009.19,262
17642,65,3,1080.02,370
17643,9,2,430.65000000000003,141
17644,30,9,3023.73,297
17646,1,10,2871.32,359
17647,305,2,153.9,305
17648,21,1,414.87,21
17649,105,2,685.6700000000001,108
17651,134,6,1684.17,162
17655,2,3,887.47,52
17657,66,1,126.0,66
17659,8,3,798.1800000000001,22
17660,373,1,158.19,373
17662,297,2,363.71999999999997,358
17663,53,10,2744.75,281
17664,110,2,544.7900000000001,256
17665,129,1,344.4,129
17666,113,3,916.53,163
17667,71,4,1817.29,290
17669,98,3,1799.58,253
17671,1,2,815.29,11
17672,53,4,2301.21,277
17673,11,7,2374.81,266
17674,4,1,144.24,4
17675,3,40,14888.11,365
17676,2,5,1357.96,255
17677,2,28,11332.85,359
17678,239,1,261.0,239
17679,157,5,1521.24,372
17680,19,2,190.8,147
17681,233,5,485.24,329
17682,4,6,1958.35,277
17683,21,3,766.8,190
17685,8,6,2087.71,302
17686,59,2,2448.15,169
17687,56,1,426.68,56
17688,29,1,301.5,29
17689,24,2,316.45,110
17690,2,8,2444.21,310
17691,4,3,479.85,182
17692,32,8,2144.93,176
17694,147,2,1137.51,198
17695,30,3,674.3100000000001,316
17696,18,19,4703.63,365
17699,112,2,411.25,197
17700,17,10,3788.21,374
17702,19,2,1280.57,36
17703,54,1,290.25,54
17705,91,2,234.01999999999998,212
17706,2,17,8905.02,325
17707,12,6,347.25,368
17708,38,2,614.85,59
17709,106,4,465.31,239
17710,59,1,268.19,59
17713,18,4,1149.09,184
17714,60,4,1166.19,149
17715,228,1,22.95,228
17716,32,13,8854.37,373
17717,57,1,366.62,57
17718,280,1,286.78,280
17720,3,7,1441.22,214
17721,295,1,307.21000000000004,295
17722,2,2,1761.77,11
17723,11,1,45.9,11
17726,31,7,1076.41,318
17728,40,2,1297.25,89
17729,232,1,429.2,232
17730,18,7,2248.84,225
17731,257,2,466.18,304
17732,8,8,2000.25,123
17734,161,3,694.09,278
17735,3,8,3796.07,133
17738,31,9,2176.93,266
17739,10,11,4710.7300000000005,368
17740,25,6,296.46000000000004,333
17741,42,2,87.45,196
17742,64,9,1374.22,374
17743,84,1,198.45000000000002,84
17744,16,1,260.31,16
17745,113,2,487.19,191
17746,107,3,611.33,246
17748,163,1,324.65,163
17749,182,1,323.76,182
17751,57,1,145.52,57
17753,100,4,384.76,338
17754,10,8,1957.77,364
17756,11,3,703.53,30
17757,4,28,3544.52,331
17758,63,4,1409.6100000000001,204
17759,29,2,410.03000000000003,219
17760,9,5,514.23,285
17762,92,1,122.82,92
17763,289,3,68.7,295
17764,38,3,781.37,372
17765,84,1,117.02,84
17766,17,2,295.81,17
17767,46,1,141.85,46
17768,23,4,1061.47,373
17769,19,7,2913.67,325
17771,72,2,117.8,225
17772,28,1,186.85,28
17773,150,2,579.5699999999999,326
17774,33,5,1946.77,305
17776,22,2,316.57,359
17778,297,1,143.10000000000002,297
17780,303,3,346.76,320
17782,18,2,634.71,18
17783,148,1,91.61,148
17784,186,1,103.83,186
17785,81,2,238.94,201
17787,7,1,687.78,7
17789,297,1,169.25,297
17790,14,6,777.01,180
17792,103,2,355.0,114
17794,322,2,147.3,324
17796,5,4,642.94,57
17797,31,5,1186.79,360
17798,217,1,177.19,217
17799,25,10,3128.83,362
17801,87,3,777.3299999999999,327
17802,8,8,3659.14,362
17803,28,1,179.41,28
17804,12,3,372.84000000000003,374
17805,246,1,17.28,246
17807,31,3,417.32,340
17808,184,4,223.79,217
17809,7,11,4359.9,373
17810,304,2,322.81,319
17811,10,8,1649.66,81
17812,4,4,416.33,166
17814,11,2,1459.03,58
17815,29,1,385.5,29
17816,1,3,75.76,360
17817,14,3,418.71999999999997,58
17818,373,1,130.18,373
17819,7,6,1747.72,362
17820,10,1,165.53,10
17821,42,1,286.92,42
17822,56,5,1760.8600000000001,196
17823,57,2,460.55,57
17825,234,4,525.53,361
17826,10,1,134.14000000000001,10
17827,257,1,391.96,257
17829,45,4,3439.51,291
17833,359,1,339.46,359
17834,50,2,474.34000000000003,81
17838,1,10,3627.86,266
17840,79,1,183.27,79
17841,1,91,25981.75,373
17842,238,1,402.39000000000004,238
17843,47,1,120.75,47
17845,191,4,559.39,212
17847,151,2,123.74000000000001,281
17848,53,21,1815.8899999999999,369
17849,116,4,336.23,271
17850,8,155,50352.270000000004,370
17851,58,6,1519.49,372
17852,24,3,546.42,367
17853,43,3,1500.29,372
17854,98,4,711.3,367
17855,8,1,206.52,8
17857,1,2,131.22,277
17858,5,19,5354.37,369
17860,4,4,713.59,364
17861,21,10,2708.71,365
17862,21,3,887.39,199
17863,5,7,2361.5699999999997,288
17864,21,2,325.35,63
17865,11,26,14125.77,374
17866,120,2,568.5,361
17867,46,8,326.95,373
17868,22,1,229.75,22
17869,4,3,453.46,183
17870,2,2,206.54999999999998,17
17871,33,4,857.7,329
17872,17,1,216.97,17
17873,9,14,4011.69,359
17875,324,1,167.1,324
17876,35,3,188.73,311
17878,31,2,1004.89,31
17880,275,2,366.0,366
17882,15,2,302.66,15
17883,175,3,288.28,287
17884,4,18,2213.45,371
17886,73,3,534.83,225
17888,10,17,998.9,354
17889,10,5,556.95,254
17894,2,11,1298.42,105
17897,3,8,1674.89,212
17898,88,2,128.77,203
17901,157,2,75.0,157
17902,182,1,157.45,182
17903,30,1,376.74,30
17905,9,10,1020.39,316
17907,276,1,85.75,276
17908,9,5,1074.16,361
17909,373,1,122.4,373
17910,362,1,260.8,362
17912,11,1,61.54,11
17913,36,12,3023.2,372
17915,187,1,225.38,187
17916,264,2,38.65,369
17918,136,3,300.57,141
17919,74,1,326.52,74
17920,4,39,14207.45,369
17921,15,6,1483.08,147
17922,179,1,168.5,179
17923,163,2,170.1,180
17924,9,2,472.95000000000005,50
17925,8,1,91.53,8
17926,80,3,598.6500000000001,215
17927,357,1,294.0,357
17928,207,1,90.75,207
17929,23,8,1563.25,366
17930,29,8,1560.67,281
17931,33,12,2619.2,297
17933,268,1,105.99,268
17934,42,1,342.90000000000003,42
17935,36,5,508.7,371
17938,56,1,143.39000000000001,56
17940,81,5,198.45,372
17941,226,3,294.84,338
17944,59,1,74.96,59
17945,332,3,330.75,332
17949,7,73,4961.88,373
17950,1,6,869.51,340
17951,9,2,547.74,40
17952,14,4,688.06,177
17953,176,1,147.32,176
17954,3,9,1586.44,366
17955,291,2,76.57,301
17958,364,1,346.82,364
17959,228,1,64.2,228
17960,158,2,60.85,277
17961,8,62,1636.47,374
17962,185,3,565.6,331
17963,107,4,587.36,325
17964,8,1,234.34,8
17965,1,17,4438.47,361
17966,227,5,613.28,326
17967,7,2,226.42,52
17968,9,4,522.49,148
17969,138,18,1950.17,369
17971,184,1,161.04,184
17974,17,3,1064.82,42
17975,2,12,2457.27,126
17976,8,1,344.04,8
17977,36,1,1049.94,36
17978,1,4,631.31,367
17980,29,1,211.47,29
17981,46,1,197.97,46
17982,316,1,135.57,316
17983,31,1,158.01,31
17984,28,4,981.76,374
17987,12,4,728.36,186
17988,123,6,275.52,368
17989,15,1,220.85,15
17990,16,3,896.77,368
17991,227,1,205.4,227
17992,25,1,249.08,25
17993,253,1,229.94,253
17994,24,7,1382.34,256
17995,18,2,389.78,23
17996,15,3,414.67,182
17998,16,3,461.65,374
17999,2,2,331.24,14
18000,200,1,75.95,200
18001,85,4,482.46,373
18002,11,4,203.37,367
18003,12,1,309.14,12
18006,17,3,474.84000000000003,358
18007,28,1,209.87,28
18008,51,14,1458.94,338
18009,178,7,1799.54,288
18011,9,2,393.09000000000003,203
18012,359,1,76.15,359
18016,46,2,471.2,317
18017,67,1,44.55,67
18018,35,2,123.05,56
18020,179,1,181.03,179
18021,145,2,213.26,148
18022,21,4,953.83,182
18025,15,6,1135.43,255
18026,136,2,954.78,141
18028,219,1,133.4,219
18029,278,1,351.15,278
18031,14,1,452.68,14
18034,11,1,349.81,11
18035,21,2,220.05,21
18036,21,8,1024.86,357
18037,57,9,79.05,374
18038,192,1,136.51,192
18039,10,4,543.11,276
18041,1,20,3863.05,330
18042,177,1,108.75,177
18043,2,1,308.11,2
18044,23,8,1248.96,196
18046,285,1,141.98000000000002,285
18047,17,2,307.39,17
18048,129,1,221.74,129
18049,73,2,538.95,226
18050,29,1,316.14,29
18051,270,7,1644.26,366
18052,200,1,283.5,200
18053,161,2,263.7,163
18054,28,1,176.5,28
18055,3,6,3960.4500000000003,49
18056,254,1,190.95,254
18057,29,3,1009.75,326
18058,177,2,388.79999999999995,303
18060,44,2,1107.44,200
18061,2,19,2752.04,371
18062,22,3,868.4,233
18063,26,2,186.60000000000002,269
18064,82,9,2145.42,312
18065,24,14,3249.2400000000002,366
18066,22,2,995.1,51
18069,19,6,2412.26,285
18070,305,1,314.1,305
18071,1,5,965.13,370
18074,9,2,894.0400000000001,141
18075,10,10,3017.55,134
18076,16,1,95.72,16
18077,2,8,1703.45,368
18078,61,2,487.36,264
18079,127,1,228.98,127
18083,33,1,393.86,33
18084,19,2,168.75,24
18085,9,3,955.8000000000001,264
18087,15,15,4561.2,374
18089,82,1,360.5,82
18090,57,1,301.28,57
18091,229,1,309.2,229
18092,1,8,4034.4300000000003,371
18093,80,4,1074.81,254
18094,82,6,2683.66,337
18095,63,3,1111.98,235
18096,78,3,840.94,149
18097,21,5,1735.16,358
18098,32,1,512.19,32
18100,186,1,429.55,186
18101,10,3,387.61,310
18102,1,89,48952.57,374
18103,185,1,80.25,185
18106,112,5,1001.01,329
18107,78,1,154.79,78
18108,232,2,565.51,373
18109,5,13,1681.24,162
18110,47,1,198.23000000000002,47
18111,225,1,368.3,225
18112,54,2,389.57,187
18113,4,1,28.62,4
18115,333,1,9.700000000000001,333
18116,12,5,702.4300000000001,47
18118,5,4,1024.85,17
18119,3,1,166.85,3
18123,149,1,91.8,149
18124,108,1,111.53,108
18127,39,1,207.9,39
18128,173,1,416.8,173
18131,267,1,103.85999999999999,267
18132,140,1,225.9,140
18134,234,2,424.35,330
18135,28,5,353.21,270
18136,45,2,832.53,87
18137,187,2,134.84,187
18140,109,1,531.8199999999999,109
18141,37,2,859.63,225
18144,9,8,1682.55,359
18145,18,7,2450.75,367
18148,282,1,114.10000000000001,282
18149,40,4,991.93,271
18151,56,4,1114.04,281
18152,282,1,389.14,282
18153,295,1,246.22,295
18154,24,3,455.2,126
18156,5,1,206.23000000000002,5
18157,207,1,197.07999999999998,207
18160,22,1,361.57,22
18161,15,1,179.16,15
18162,368,1,362.15000000000003,368
18163,220,1,667.51,220
18166,259,1,175.5,259
18168,8,11,2456.83,372
18170,10,6,1746.8300000000002,336
18171,106,4,1021.0,339
18172,23,32,8095.03,364
18173,248,1,357.11,248
18174,239,1,52.65,239
18175,311,1,165.6,311
18177,196,3,813.11,360
18178,38,7,4378.5,295
18179,158,2,342.88,299
18181,36,4,799.49,371
18182,99,1,287.71000000000004,99
18186,358,1,264.99,358
18187,267,1,697.94,267
18188,66,3,1212.95,259
18189,261,1,307.40000000000003,261
18190,239,3,454.41,353
18191,113,1,307.95,113
18193,16,2,867.8100000000001,78
18194,74,5,1573.1100000000001,316
18195,23,1,101.16,23
18196,107,2,744.33,268
18197,211,1,223.35,211
18199,319,1,324.25,319
18201,358,1,415.38,358
18203,17,3,281.0,367
18206,189,1,314.65999999999997,189
18207,135,1,532.12,135
18208,201,1,302.28,201
18210,18,1,146.55,18
18212,313,1,271.8,313
18214,166,4,969.88,190
18215,73,4,1910.8000000000002,259
18217,149,2,227.89,162
18218,232,2,338.78999999999996,296
18219,4,8,1374.67,368
18220,30,5,853.1,360
18221,26,1,378.08,26
18223,23,12,6742.83,371
18225,1,15,6434.78,371
18226,14,15,5674.87,280
18227,120,1,7.5,120
18229,2,10,2889.71,372
18230,14,2,1444.53,161
18231,42,23,4036.61,334
18234,187,1,174.6,187
18236,24,6,862.8100000000001,239
18238,151,1,270.02,151
18239,8,2,576.4,58
18241,51,4,904.3,253
18242,81,4,1309.08,333
18243,50,1,512.18,50
18244,66,2,320.38,138
18245,15,13,3692.59,277
18246,245,1,91.53,245
18247,50,3,767.53,267
18251,81,8,2619.9,353
18252,184,5,867.62,357
18253,278,1,274.59,278
18254,217,1,267.9,217
18255,92,1,199.85,92
18256,23,1,108.18,23
18257,82,4,2170.51,295
18258,100,6,1203.8300000000002,208
18259,2,5,1953.0500000000002,367
18260,10,17,5634.34,360
18262,29,2,415.88,238
18264,134,1,554.7,134
18266,70,1,251.1,70
18267,308,1,269.37,308
18268,227,5,1412.23,364
18269,2,1,168.6,2
18270,68,1,161.4,68
18271,245,2,581.53,367
18272,184,3,1269.4,281
18273,226,1,68.85,226
18275,214,2,688.63,367
18276,28,5,1287.8,365
18277,33,4,969.1700000000001,130
18278,40,1,232.95000000000002,40
18279,155,1,119.13999999999999,155
18280,30,1,294.15,30
18281,213,1,120.32,213
18283,18,6,621.02,294
18284,67,1,366.53,67
18285,296,1,222.05,296
18286,112,2,1155.19,359
18287,18,4,1872.07,207
